<?xml version="1.0" encoding="UTF-8"?>
<billStatus>
  <bill>
    <notes />
    <laws />
    <committees>
      <billCommittees>
        <item>
          <chamber>Senate</chamber>
          <systemCode>ssra00</systemCode>
          <name>Rules and Administration Committee</name>
          <activities>
            <item>
              <date>2019-10-24T20:07:23Z</date>
              <name>Referred to</name>
            </item>
          </activities>
          <type>Standing</type>
          <subcommittees />
        </item>
      </billCommittees>
    </committees>
    <titles>
      <item>
        <parentTitleType />
        <chamberName />
        <titleType>Official Title as Introduced</titleType>
        <title>A resolution expressing the sense of the Senate that the House of Representatives should, consistent with long-standing practice and precedent, prior to proceeding any further with its impeachment investigation into President Donald J. Trump, vote to open a formal impeachment inquiry and provide President Trump with fundamental constitutional protections.</title>
        <chamberCode />
      </item>
      <item>
        <parentTitleType />
        <chamberName />
        <titleType>Display Title</titleType>
        <title>A resolution expressing the sense of the Senate that the House of Representatives should, consistent with long-standing practice and precedent, prior to proceeding any further with its impeachment investigation into President Donald J. Trump, vote to open a formal impeachment inquiry and provide President Trump with fundamental constitutional protections.</title>
        <chamberCode />
      </item>
    </titles>
    <relatedBills />
    <textVersions>
      <item>
        <type>Introduced in Senate</type>
        <formats>
          <item>
            <url>https://www.govinfo.gov/content/pkg/BILLS-116sres378is/xml/BILLS-116sres378is.xml</url>
          </item>
        </formats>
        <date>2019-10-24T04:00:00Z</date>
      </item>
    </textVersions>
    <recordedVotes />
    <introducedDate>2019-10-24</introducedDate>
    <updateDate>2019-11-07T11:02:17Z</updateDate>
    <cboCostEstimates />
    <title>A resolution expressing the sense of the Senate that the House of Representatives should, consistent with long-standing practice and precedent, prior to proceeding any further with its impeachment investigation into President Donald J. Trump, vote to open a formal impeachment inquiry and provide President Trump with fundamental constitutional protections.</title>
    <amendments />
    <originChamber>Senate</originChamber>
    <actions>
      <actionTypeCounts>
        <referredToCommittee>1</referredToCommittee>
        <introducedInSenate>1</introducedInSenate>
      </actionTypeCounts>
      <actionByCounts>
        <senate>2</senate>
      </actionByCounts>
      <item>
        <actionDate>2019-10-24</actionDate>
        <committee>
          <systemCode>ssra00</systemCode>
          <name>Rules and Administration Committee</name>
        </committee>
        <links>
          <link>
            <url>https://www.congress.gov/congressional-record/volume-165/senate-section/page/S6160-6161</url>
            <name>S6160-6161</name>
          </link>
        </links>
        <sourceSystem>
          <code>0</code>
          <name>Senate</name>
        </sourceSystem>
        <text>Referred to the Committee on Rules and Administration. (text: CR S6160-6161)</text>
        <type>IntroReferral</type>
      </item>
      <item>
        <actionCode>10000</actionCode>
        <text>Introduced in Senate</text>
        <links />
        <committee />
        <type>IntroReferral</type>
        <sourceSystem>
          <code>9</code>
          <name>Library of Congress</name>
        </sourceSystem>
        <actionDate>2019-10-24</actionDate>
      </item>
    </actions>
    <sponsors>
      <item>
        <fullName>Sen. Graham, Lindsey [R-SC]</fullName>
        <firstName>LINDSEY</firstName>
        <identifiers>
          <lisID>452</lisID>
          <bioguideId>G000359</bioguideId>
          <gpoId>8335</gpoId>
        </identifiers>
        <bioguideId>G000359</bioguideId>
        <middleName>O.</middleName>
        <lastName>GRAHAM</lastName>
        <party>R</party>
        <byRequestType />
        <state>SC</state>
      </item>
    </sponsors>
    <billType>SRES</billType>
    <createDate>2019-10-25T04:42:29Z</createDate>
    <cosponsors>
      <item>
        <sponsorshipWithdrawnDate />
        <fullName>Sen. McConnell, Mitch [R-KY]</fullName>
        <lastName>MCCONNELL</lastName>
        <bioguideId>M000355</bioguideId>
        <state>KY</state>
        <sponsorshipDate>2019-10-24</sponsorshipDate>
        <firstName>MITCH</firstName>
        <identifiers>
          <lisID>1395</lisID>
          <bioguideId>M000355</bioguideId>
          <gpoId>8254</gpoId>
        </identifiers>
        <middleName />
        <isOriginalCosponsor>True</isOriginalCosponsor>
        <party>R</party>
      </item>
      <item>
        <sponsorshipWithdrawnDate />
        <fullName>Sen. Grassley, Chuck [R-IA]</fullName>
        <lastName>GRASSLEY</lastName>
        <bioguideId>G000386</bioguideId>
        <state>IA</state>
        <sponsorshipDate>2019-10-24</sponsorshipDate>
        <firstName>CHARLES</firstName>
        <identifiers>
          <bioguideId>G000386</bioguideId>
          <lisID>457</lisID>
          <gpoId>8316</gpoId>
        </identifiers>
        <middleName>ERNEST</middleName>
        <isOriginalCosponsor>True</isOriginalCosponsor>
        <party>R</party>
      </item>
      <item>
        <sponsorshipWithdrawnDate />
        <fullName>Sen. Thune, John [R-SD]</fullName>
        <lastName>THUNE</lastName>
        <bioguideId>T000250</bioguideId>
        <state>SD</state>
        <sponsorshipDate>2019-10-24</sponsorshipDate>
        <firstName>JOHN</firstName>
        <identifiers>
          <lisID>1534</lisID>
          <gpoId>8257</gpoId>
          <bioguideId>T000250</bioguideId>
        </identifiers>
        <middleName>R.</middleName>
        <isOriginalCosponsor>True</isOriginalCosponsor>
        <party>R</party>
      </item>
      <item>
        <sponsorshipWithdrawnDate />
        <fullName>Sen. Blunt, Roy [R-MO]</fullName>
        <lastName>Blunt</lastName>
        <bioguideId>B000575</bioguideId>
        <state>MO</state>
        <sponsorshipDate>2019-10-24</sponsorshipDate>
        <firstName>Roy</firstName>
        <identifiers>
          <bioguideId>B000575</bioguideId>
          <lisID>1464</lisID>
          <gpoId>8313</gpoId>
        </identifiers>
        <middleName />
        <isOriginalCosponsor>True</isOriginalCosponsor>
        <party>R</party>
      </item>
      <item>
        <sponsorshipWithdrawnDate />
        <fullName>Sen. Inhofe, James M. [R-OK]</fullName>
        <lastName>INHOFE</lastName>
        <bioguideId>I000024</bioguideId>
        <state>OK</state>
        <sponsorshipDate>2019-10-24</sponsorshipDate>
        <firstName>JIM</firstName>
        <identifiers>
          <bioguideId>I000024</bioguideId>
          <lisID>583</lisID>
          <gpoId>8322</gpoId>
        </identifiers>
        <middleName />
        <isOriginalCosponsor>True</isOriginalCosponsor>
        <party>R</party>
      </item>
      <item>
        <sponsorshipWithdrawnDate />
        <fullName>Sen. Crapo, Mike [R-ID]</fullName>
        <lastName>CRAPO</lastName>
        <bioguideId>C000880</bioguideId>
        <state>ID</state>
        <sponsorshipDate>2019-10-24</sponsorshipDate>
        <firstName>MICHAEL</firstName>
        <identifiers>
          <lisID>250</lisID>
          <bioguideId>C000880</bioguideId>
          <gpoId>8289</gpoId>
        </identifiers>
        <middleName>D.</middleName>
        <isOriginalCosponsor>True</isOriginalCosponsor>
        <party>R</party>
      </item>
      <item>
        <sponsorshipWithdrawnDate />
        <fullName>Sen. Cornyn, John [R-TX]</fullName>
        <lastName>Cornyn</lastName>
        <bioguideId>C001056</bioguideId>
        <state>TX</state>
        <sponsorshipDate>2019-10-24</sponsorshipDate>
        <firstName>John</firstName>
        <identifiers>
          <lisID>1692</lisID>
          <bioguideId>C001056</bioguideId>
          <gpoId>8295</gpoId>
        </identifiers>
        <middleName />
        <isOriginalCosponsor>True</isOriginalCosponsor>
        <party>R</party>
      </item>
      <item>
        <sponsorshipWithdrawnDate />
        <fullName>Sen. Burr, Richard [R-NC]</fullName>
        <lastName>BURR</lastName>
        <bioguideId>B001135</bioguideId>
        <state>NC</state>
        <sponsorshipDate>2019-10-24</sponsorshipDate>
        <firstName>RICHARD</firstName>
        <identifiers>
          <lisID>153</lisID>
          <bioguideId>B001135</bioguideId>
          <gpoId>8286</gpoId>
        </identifiers>
        <middleName />
        <isOriginalCosponsor>True</isOriginalCosponsor>
        <party>R</party>
      </item>
      <item>
        <sponsorshipWithdrawnDate />
        <fullName>Sen. Barrasso, John [R-WY]</fullName>
        <lastName>Barrasso</lastName>
        <bioguideId>B001261</bioguideId>
        <state>WY</state>
        <sponsorshipDate>2019-10-24</sponsorshipDate>
        <firstName>John</firstName>
        <identifiers>
          <lisID>1881</lisID>
          <bioguideId>B001261</bioguideId>
          <gpoId>8300</gpoId>
        </identifiers>
        <middleName />
        <isOriginalCosponsor>True</isOriginalCosponsor>
        <party>R</party>
      </item>
      <item>
        <sponsorshipWithdrawnDate />
        <fullName>Sen. Wicker, Roger F. [R-MS]</fullName>
        <lastName>WICKER</lastName>
        <bioguideId>W000437</bioguideId>
        <state>MS</state>
        <sponsorshipDate>2019-10-24</sponsorshipDate>
        <firstName>ROGER</firstName>
        <identifiers>
          <lisID>1226</lisID>
          <gpoId>8263</gpoId>
          <bioguideId>W000437</bioguideId>
        </identifiers>
        <middleName>F.</middleName>
        <isOriginalCosponsor>True</isOriginalCosponsor>
        <party>R</party>
      </item>
      <item>
        <sponsorshipWithdrawnDate />
        <fullName>Sen. Risch, James E. [R-ID]</fullName>
        <lastName>Risch</lastName>
        <bioguideId>R000584</bioguideId>
        <state>ID</state>
        <sponsorshipDate>2019-10-24</sponsorshipDate>
        <firstName>James</firstName>
        <identifiers>
          <lisID>1896</lisID>
          <bioguideId>R000584</bioguideId>
          <gpoId>8274</gpoId>
        </identifiers>
        <middleName>E.</middleName>
        <isOriginalCosponsor>True</isOriginalCosponsor>
        <party>R</party>
      </item>
      <item>
        <sponsorshipWithdrawnDate />
        <fullName>Sen. Boozman, John [R-AR]</fullName>
        <lastName>Boozman</lastName>
        <bioguideId>B001236</bioguideId>
        <state>AR</state>
        <sponsorshipDate>2019-10-24</sponsorshipDate>
        <firstName>John</firstName>
        <identifiers>
          <bioguideId>B001236</bioguideId>
          <lisID>1687</lisID>
          <gpoId>8247</gpoId>
        </identifiers>
        <middleName />
        <isOriginalCosponsor>True</isOriginalCosponsor>
        <party>R</party>
      </item>
      <item>
        <sponsorshipWithdrawnDate />
        <fullName>Sen. Paul, Rand [R-KY]</fullName>
        <lastName>Paul</lastName>
        <bioguideId>P000603</bioguideId>
        <state>KY</state>
        <sponsorshipDate>2019-10-24</sponsorshipDate>
        <firstName>Rand</firstName>
        <identifiers>
          <lisID>2082</lisID>
          <bioguideId>P000603</bioguideId>
          <gpoId>8308</gpoId>
        </identifiers>
        <middleName />
        <isOriginalCosponsor>True</isOriginalCosponsor>
        <party>R</party>
      </item>
      <item>
        <sponsorshipWithdrawnDate />
        <fullName>Sen. Lee, Mike [R-UT]</fullName>
        <lastName>Lee</lastName>
        <bioguideId>L000577</bioguideId>
        <state>UT</state>
        <sponsorshipDate>2019-10-24</sponsorshipDate>
        <firstName>Mike</firstName>
        <identifiers>
          <lisID>2080</lisID>
          <bioguideId>L000577</bioguideId>
          <gpoId>8303</gpoId>
        </identifiers>
        <middleName />
        <isOriginalCosponsor>True</isOriginalCosponsor>
        <party>R</party>
      </item>
      <item>
        <sponsorshipWithdrawnDate />
        <fullName>Sen. Johnson, Ron [R-WI]</fullName>
        <lastName>Johnson</lastName>
        <bioguideId>J000293</bioguideId>
        <state>WI</state>
        <sponsorshipDate>2019-10-24</sponsorshipDate>
        <firstName>Ron</firstName>
        <identifiers>
          <lisID>2086</lisID>
          <gpoId>8355</gpoId>
          <bioguideId>J000293</bioguideId>
        </identifiers>
        <middleName />
        <isOriginalCosponsor>True</isOriginalCosponsor>
        <party>R</party>
      </item>
      <item>
        <sponsorshipWithdrawnDate />
        <fullName>Sen. Scott, Tim [R-SC]</fullName>
        <lastName>Scott</lastName>
        <bioguideId>S001184</bioguideId>
        <state>SC</state>
        <sponsorshipDate>2019-10-24</sponsorshipDate>
        <firstName>Tim</firstName>
        <identifiers>
          <lisID>2056</lisID>
          <bioguideId>S001184</bioguideId>
          <gpoId>8141</gpoId>
        </identifiers>
        <middleName />
        <isOriginalCosponsor>True</isOriginalCosponsor>
        <party>R</party>
      </item>
      <item>
        <sponsorshipWithdrawnDate />
        <fullName>Sen. Fischer, Deb [R-NE]</fullName>
        <lastName>Fischer</lastName>
        <bioguideId>F000463</bioguideId>
        <state>NE</state>
        <sponsorshipDate>2019-10-24</sponsorshipDate>
        <firstName>Deb</firstName>
        <identifiers>
          <bioguideId>F000463</bioguideId>
          <lisID>2179</lisID>
          <gpoId />
        </identifiers>
        <middleName />
        <isOriginalCosponsor>True</isOriginalCosponsor>
        <party>R</party>
      </item>
      <item>
        <sponsorshipWithdrawnDate />
        <fullName>Sen. Cruz, Ted [R-TX]</fullName>
        <lastName>Cruz</lastName>
        <bioguideId>C001098</bioguideId>
        <state>TX</state>
        <sponsorshipDate>2019-10-24</sponsorshipDate>
        <firstName>Ted</firstName>
        <identifiers>
          <lisID>2175</lisID>
          <bioguideId>C001098</bioguideId>
          <gpoId />
        </identifiers>
        <middleName />
        <isOriginalCosponsor>True</isOriginalCosponsor>
        <party>R</party>
      </item>
      <item>
        <sponsorshipWithdrawnDate />
        <fullName>Sen. Capito, Shelley Moore [R-WV]</fullName>
        <lastName>CAPITO</lastName>
        <bioguideId>C001047</bioguideId>
        <state>WV</state>
        <sponsorshipDate>2019-10-24</sponsorshipDate>
        <firstName>SHELLEY</firstName>
        <identifiers>
          <lisID>1676</lisID>
          <bioguideId>C001047</bioguideId>
          <gpoId>8223</gpoId>
        </identifiers>
        <middleName>MOORE</middleName>
        <isOriginalCosponsor>True</isOriginalCosponsor>
        <party>R</party>
      </item>
      <item>
        <sponsorshipWithdrawnDate />
        <fullName>Sen. Cassidy, Bill [R-LA]</fullName>
        <lastName>Cassidy</lastName>
        <bioguideId>C001075</bioguideId>
        <state>LA</state>
        <sponsorshipDate>2019-10-24</sponsorshipDate>
        <firstName>Bill</firstName>
        <identifiers>
          <lisID>1925</lisID>
          <bioguideId>C001075</bioguideId>
          <gpoId>7964</gpoId>
        </identifiers>
        <middleName />
        <isOriginalCosponsor>True</isOriginalCosponsor>
        <party>R</party>
      </item>
      <item>
        <sponsorshipWithdrawnDate />
        <fullName>Sen. Lankford, James [R-OK]</fullName>
        <lastName>Lankford</lastName>
        <bioguideId>L000575</bioguideId>
        <state>OK</state>
        <sponsorshipDate>2019-10-24</sponsorshipDate>
        <firstName>James</firstName>
        <identifiers>
          <lisID>2050</lisID>
          <bioguideId>L000575</bioguideId>
          <gpoId>8113</gpoId>
        </identifiers>
        <middleName />
        <isOriginalCosponsor>True</isOriginalCosponsor>
        <party>R</party>
      </item>
      <item>
        <sponsorshipWithdrawnDate />
        <fullName>Sen. Cotton, Tom [R-AR]</fullName>
        <lastName>Cotton</lastName>
        <bioguideId>C001095</bioguideId>
        <state>AR</state>
        <sponsorshipDate>2019-10-24</sponsorshipDate>
        <firstName>Tom</firstName>
        <identifiers>
          <bioguideId>C001095</bioguideId>
          <lisID>2098</lisID>
          <gpoId />
        </identifiers>
        <middleName />
        <isOriginalCosponsor>True</isOriginalCosponsor>
        <party>R</party>
      </item>
      <item>
        <sponsorshipWithdrawnDate />
        <fullName>Sen. Daines, Steve [R-MT]</fullName>
        <lastName>Daines</lastName>
        <bioguideId>D000618</bioguideId>
        <state>MT</state>
        <sponsorshipDate>2019-10-24</sponsorshipDate>
        <firstName>Steve</firstName>
        <identifiers>
          <lisID>2138</lisID>
          <bioguideId>D000618</bioguideId>
          <gpoId />
        </identifiers>
        <middleName />
        <isOriginalCosponsor>True</isOriginalCosponsor>
        <party>R</party>
      </item>
      <item>
        <sponsorshipWithdrawnDate />
        <fullName>Sen. Perdue, David [R-GA]</fullName>
        <lastName>Perdue</lastName>
        <bioguideId>P000612</bioguideId>
        <state>GA</state>
        <sponsorshipDate>2019-10-24</sponsorshipDate>
        <firstName>David</firstName>
        <identifiers>
          <lisID>2286</lisID>
          <bioguideId>P000612</bioguideId>
          <gpoId />
        </identifiers>
        <middleName>Alfred</middleName>
        <isOriginalCosponsor>True</isOriginalCosponsor>
        <party>R</party>
      </item>
      <item>
        <sponsorshipWithdrawnDate />
        <fullName>Sen. Ernst, Joni  [R-IA]</fullName>
        <lastName>Ernst</lastName>
        <bioguideId>E000295</bioguideId>
        <state>IA</state>
        <sponsorshipDate>2019-10-24</sponsorshipDate>
        <firstName>Joni</firstName>
        <identifiers>
          <lisID>2283</lisID>
          <bioguideId>E000295</bioguideId>
          <gpoId />
        </identifiers>
        <middleName />
        <isOriginalCosponsor>True</isOriginalCosponsor>
        <party>R</party>
      </item>
      <item>
        <sponsorshipWithdrawnDate />
        <fullName>Sen. Tillis, Thom [R-NC]</fullName>
        <lastName>Tillis</lastName>
        <bioguideId>T000476</bioguideId>
        <state>NC</state>
        <sponsorshipDate>2019-10-24</sponsorshipDate>
        <firstName>Thomas</firstName>
        <identifiers>
          <bioguideId>T000476</bioguideId>
          <lisID>2291</lisID>
          <gpoId />
        </identifiers>
        <middleName>Roland</middleName>
        <isOriginalCosponsor>True</isOriginalCosponsor>
        <party>R</party>
      </item>
      <item>
        <sponsorshipWithdrawnDate />
        <fullName>Sen. Rounds, Mike  [R-SD]</fullName>
        <lastName>Rounds</lastName>
        <bioguideId>R000605</bioguideId>
        <state>SD</state>
        <sponsorshipDate>2019-10-24</sponsorshipDate>
        <firstName>Mike</firstName>
        <identifiers>
          <lisID>2288</lisID>
          <bioguideId>R000605</bioguideId>
          <gpoId />
        </identifiers>
        <middleName />
        <isOriginalCosponsor>True</isOriginalCosponsor>
        <party>R</party>
      </item>
      <item>
        <sponsorshipWithdrawnDate />
        <fullName>Sen. Young, Todd [R-IN]</fullName>
        <lastName>Young</lastName>
        <bioguideId>Y000064</bioguideId>
        <state>IN</state>
        <sponsorshipDate>2019-10-24</sponsorshipDate>
        <firstName>Todd</firstName>
        <identifiers>
          <lisID>2019</lisID>
          <bioguideId>Y000064</bioguideId>
          <gpoId>7948</gpoId>
        </identifiers>
        <middleName />
        <isOriginalCosponsor>True</isOriginalCosponsor>
        <party>R</party>
      </item>
      <item>
        <sponsorshipWithdrawnDate />
        <fullName>Sen. Kennedy, John [R-LA]</fullName>
        <lastName>Kennedy</lastName>
        <bioguideId>K000393</bioguideId>
        <state>LA</state>
        <sponsorshipDate>2019-10-24</sponsorshipDate>
        <firstName>John</firstName>
        <identifiers>
          <lisID>2303</lisID>
          <bioguideId>K000393</bioguideId>
          <gpoId />
        </identifiers>
        <middleName>Neely</middleName>
        <isOriginalCosponsor>True</isOriginalCosponsor>
        <party>R</party>
      </item>
      <item>
        <sponsorshipWithdrawnDate />
        <fullName>Sen. Hyde-Smith, Cindy [R-MS]</fullName>
        <lastName>Hyde-Smith</lastName>
        <bioguideId>H001079</bioguideId>
        <state>MS</state>
        <sponsorshipDate>2019-10-24</sponsorshipDate>
        <firstName>Cindy</firstName>
        <identifiers>
          <lisID>2366</lisID>
          <bioguideId>H001079</bioguideId>
          <gpoId />
        </identifiers>
        <middleName />
        <isOriginalCosponsor>True</isOriginalCosponsor>
        <party>R</party>
      </item>
      <item>
        <sponsorshipWithdrawnDate />
        <fullName>Sen. Blackburn, Marsha [R-TN]</fullName>
        <lastName>Blackburn</lastName>
        <bioguideId>B001243</bioguideId>
        <state>TN</state>
        <sponsorshipDate>2019-10-24</sponsorshipDate>
        <firstName>Marsha</firstName>
        <identifiers>
          <lisID>1748</lisID>
          <bioguideId>B001243</bioguideId>
          <gpoId>8154</gpoId>
        </identifiers>
        <middleName />
        <isOriginalCosponsor>True</isOriginalCosponsor>
        <party>R</party>
      </item>
      <item>
        <sponsorshipWithdrawnDate />
        <fullName>Sen. Cramer, Kevin [R-ND]</fullName>
        <lastName>Cramer</lastName>
        <bioguideId>C001096</bioguideId>
        <state>ND</state>
        <sponsorshipDate>2019-10-24</sponsorshipDate>
        <firstName>Kevin</firstName>
        <identifiers>
          <lisID>2144</lisID>
          <bioguideId>C001096</bioguideId>
          <gpoId />
        </identifiers>
        <middleName />
        <isOriginalCosponsor>True</isOriginalCosponsor>
        <party>R</party>
      </item>
      <item>
        <sponsorshipWithdrawnDate />
        <fullName>Sen. Shelby, Richard C. [R-AL]</fullName>
        <lastName>SHELBY</lastName>
        <bioguideId>S000320</bioguideId>
        <state>AL</state>
        <sponsorshipDate>2019-10-24</sponsorshipDate>
        <firstName>RICHARD</firstName>
        <identifiers>
          <lisID>1049</lisID>
          <gpoId>8277</gpoId>
          <bioguideId>S000320</bioguideId>
        </identifiers>
        <middleName>CRAIG</middleName>
        <isOriginalCosponsor>True</isOriginalCosponsor>
        <party>R</party>
      </item>
      <item>
        <sponsorshipWithdrawnDate />
        <fullName>Sen. Roberts, Pat [R-KS]</fullName>
        <lastName>ROBERTS</lastName>
        <bioguideId>R000307</bioguideId>
        <state>KS</state>
        <sponsorshipDate>2019-10-24</sponsorshipDate>
        <firstName>PAT</firstName>
        <identifiers>
          <lisID>968</lisID>
          <bioguideId>R000307</bioguideId>
          <gpoId>8275</gpoId>
        </identifiers>
        <middleName />
        <isOriginalCosponsor>True</isOriginalCosponsor>
        <party>R</party>
      </item>
      <item>
        <sponsorshipWithdrawnDate />
        <fullName>Sen. Moran, Jerry [R-KS]</fullName>
        <lastName>Moran</lastName>
        <bioguideId>M000934</bioguideId>
        <state>KS</state>
        <sponsorshipDate>2019-10-24</sponsorshipDate>
        <firstName>Jerry</firstName>
        <identifiers>
          <lisID>1507</lisID>
          <gpoId>8307</gpoId>
          <bioguideId>M000934</bioguideId>
        </identifiers>
        <middleName />
        <isOriginalCosponsor>True</isOriginalCosponsor>
        <party>R</party>
      </item>
      <item>
        <sponsorshipWithdrawnDate />
        <fullName>Sen. Hoeven, John [R-ND]</fullName>
        <lastName>Hoeven</lastName>
        <bioguideId>H001061</bioguideId>
        <state>ND</state>
        <sponsorshipDate>2019-10-24</sponsorshipDate>
        <firstName>John</firstName>
        <identifiers>
          <lisID>2079</lisID>
          <bioguideId>H001061</bioguideId>
          <gpoId>8331</gpoId>
        </identifiers>
        <middleName />
        <isOriginalCosponsor>True</isOriginalCosponsor>
        <party>R</party>
      </item>
      <item>
        <sponsorshipWithdrawnDate />
        <fullName>Sen. Rubio, Marco [R-FL]</fullName>
        <lastName>Rubio</lastName>
        <bioguideId>R000595</bioguideId>
        <state>FL</state>
        <sponsorshipDate>2019-10-24</sponsorshipDate>
        <firstName>Marco</firstName>
        <identifiers>
          <lisID>2084</lisID>
          <bioguideId>R000595</bioguideId>
          <gpoId>8242</gpoId>
        </identifiers>
        <middleName />
        <isOriginalCosponsor>True</isOriginalCosponsor>
        <party>R</party>
      </item>
      <item>
        <sponsorshipWithdrawnDate />
        <fullName>Sen. Braun, Mike  [R-IN]</fullName>
        <lastName>Braun</lastName>
        <bioguideId>B001310</bioguideId>
        <state>IN</state>
        <sponsorshipDate>2019-10-24</sponsorshipDate>
        <firstName>Mike</firstName>
        <identifiers>
          <lisID>2462</lisID>
          <gpoId />
          <bioguideId>B001310</bioguideId>
        </identifiers>
        <middleName />
        <isOriginalCosponsor>True</isOriginalCosponsor>
        <party>R</party>
      </item>
      <item>
        <sponsorshipWithdrawnDate />
        <fullName>Sen. Hawley, Josh  [R-MO]</fullName>
        <lastName>Hawley</lastName>
        <bioguideId>H001089</bioguideId>
        <state>MO</state>
        <sponsorshipDate>2019-10-24</sponsorshipDate>
        <firstName>Josh</firstName>
        <identifiers>
          <lisID>2464</lisID>
          <bioguideId>H001089</bioguideId>
          <gpoId />
        </identifiers>
        <middleName />
        <isOriginalCosponsor>True</isOriginalCosponsor>
        <party>R</party>
      </item>
      <item>
        <sponsorshipWithdrawnDate />
        <fullName>Sen. Scott, Rick  [R-FL]</fullName>
        <lastName>Scott</lastName>
        <bioguideId>S001217</bioguideId>
        <state>FL</state>
        <sponsorshipDate>2019-10-24</sponsorshipDate>
        <firstName>Rick</firstName>
        <identifiers>
          <bioguideId>S001217</bioguideId>
          <lisID>2470</lisID>
          <gpoId />
        </identifiers>
        <middleName />
        <isOriginalCosponsor>True</isOriginalCosponsor>
        <party>R</party>
      </item>
      <item>
        <sponsorshipWithdrawnDate />
        <fullName>Sen. Sasse, Ben  [R-NE]</fullName>
        <lastName>Sasse</lastName>
        <bioguideId>S001197</bioguideId>
        <state>NE</state>
        <sponsorshipDate>2019-10-24</sponsorshipDate>
        <firstName>Ben</firstName>
        <identifiers>
          <lisID>2289</lisID>
          <bioguideId>S001197</bioguideId>
          <gpoId />
        </identifiers>
        <middleName />
        <isOriginalCosponsor>True</isOriginalCosponsor>
        <party>R</party>
      </item>
      <item>
        <sponsorshipWithdrawnDate />
        <fullName>Sen. Toomey, Pat [R-PA]</fullName>
        <lastName>Toomey</lastName>
        <bioguideId>T000461</bioguideId>
        <state>PA</state>
        <sponsorshipDate>2019-10-24</sponsorshipDate>
        <firstName>Pat</firstName>
        <identifiers>
          <lisID>1594</lisID>
          <bioguideId>T000461</bioguideId>
          <gpoId />
        </identifiers>
        <middleName />
        <isOriginalCosponsor>True</isOriginalCosponsor>
        <party>R</party>
      </item>
      <item>
        <sponsorshipWithdrawnDate />
        <fullName>Sen. McSally, Martha [R-AZ]</fullName>
        <lastName>McSally</lastName>
        <bioguideId>M001197</bioguideId>
        <state>AZ</state>
        <sponsorshipDate>2019-10-24</sponsorshipDate>
        <firstName>Martha</firstName>
        <identifiers>
          <lisID>2225</lisID>
          <bioguideId>M001197</bioguideId>
          <gpoId />
        </identifiers>
        <middleName />
        <isOriginalCosponsor>True</isOriginalCosponsor>
        <party>R</party>
      </item>
      <item>
        <sponsorshipWithdrawnDate />
        <fullName>Sen. Sullivan, Dan  [R-AK]</fullName>
        <lastName>Sullivan</lastName>
        <bioguideId>S001198</bioguideId>
        <state>AK</state>
        <sponsorshipDate>2019-10-24</sponsorshipDate>
        <firstName>Dan</firstName>
        <identifiers>
          <lisID>2290</lisID>
          <bioguideId>S001198</bioguideId>
          <gpoId />
        </identifiers>
        <middleName />
        <isOriginalCosponsor>True</isOriginalCosponsor>
        <party>R</party>
      </item>
      <item>
        <sponsorshipWithdrawnDate />
        <fullName>Sen. Portman, Rob [R-OH]</fullName>
        <lastName>PORTMAN</lastName>
        <bioguideId>P000449</bioguideId>
        <state>OH</state>
        <sponsorshipDate>2019-10-28</sponsorshipDate>
        <firstName>ROB</firstName>
        <identifiers>
          <lisID>924</lisID>
          <bioguideId>P000449</bioguideId>
          <gpoId>8266</gpoId>
        </identifiers>
        <middleName />
        <isOriginalCosponsor>False</isOriginalCosponsor>
        <party>R</party>
      </item>
      <item>
        <sponsorshipWithdrawnDate />
        <fullName>Sen. Isakson, Johnny [R-GA]</fullName>
        <lastName>Isakson</lastName>
        <bioguideId>I000055</bioguideId>
        <state>GA</state>
        <sponsorshipDate>2019-10-28</sponsorshipDate>
        <firstName>Johnny</firstName>
        <identifiers>
          <lisID>1608</lisID>
          <bioguideId>I000055</bioguideId>
          <gpoId>8323</gpoId>
        </identifiers>
        <middleName />
        <isOriginalCosponsor>False</isOriginalCosponsor>
        <party>R</party>
      </item>
      <item>
        <sponsorshipWithdrawnDate />
        <fullName>Sen. Gardner, Cory [R-CO]</fullName>
        <lastName>Gardner</lastName>
        <bioguideId>G000562</bioguideId>
        <state>CO</state>
        <sponsorshipDate>2019-10-28</sponsorshipDate>
        <firstName>Cory</firstName>
        <identifiers>
          <bioguideId>G000562</bioguideId>
          <lisID>1998</lisID>
          <gpoId>7862</gpoId>
        </identifiers>
        <middleName />
        <isOriginalCosponsor>False</isOriginalCosponsor>
        <party>R</party>
      </item>
      <item>
        <sponsorshipWithdrawnDate />
        <fullName>Sen. Alexander, Lamar [R-TN]</fullName>
        <lastName>Alexander</lastName>
        <bioguideId>A000360</bioguideId>
        <state>TN</state>
        <sponsorshipDate>2019-10-28</sponsorshipDate>
        <firstName>Lamar</firstName>
        <identifiers>
          <lisID>1695</lisID>
          <bioguideId>A000360</bioguideId>
          <gpoId>8304</gpoId>
        </identifiers>
        <middleName />
        <isOriginalCosponsor>False</isOriginalCosponsor>
        <party>R</party>
      </item>
      <item>
        <sponsorshipWithdrawnDate />
        <fullName>Sen. Enzi, Michael B. [R-WY]</fullName>
        <lastName>ENZI</lastName>
        <bioguideId>E000285</bioguideId>
        <state>WY</state>
        <sponsorshipDate>2019-10-28</sponsorshipDate>
        <firstName>MICHAEL</firstName>
        <identifiers>
          <lisID>1542</lisID>
          <bioguideId>E000285</bioguideId>
          <gpoId>8328</gpoId>
        </identifiers>
        <middleName>B.</middleName>
        <isOriginalCosponsor>False</isOriginalCosponsor>
        <party>R</party>
      </item>
    </cosponsors>
    <subjects>
      <billSubjects>
        <policyArea>
          <name>Congress</name>
        </policyArea>
        <legislativeSubjects>
          <item>
            <name>Congressional oversight</name>
          </item>
          <item>
            <name>Congressional-executive branch relations</name>
          </item>
          <item>
            <name>Due process and equal protection</name>
          </item>
          <item>
            <name>Evidence and witnesses</name>
          </item>
          <item>
            <name>Government ethics and transparency, public corruption</name>
          </item>
          <item>
            <name>House of Representatives</name>
          </item>
          <item>
            <name>Legislative rules and procedure</name>
          </item>
          <item>
            <name>Members of Congress</name>
          </item>
          <item>
            <name>Presidents and presidential powers, Vice Presidents</name>
          </item>
        </legislativeSubjects>
      </billSubjects>
    </subjects>
    <congress>116</congress>
    <policyArea>
      <name>Congress</name>
    </policyArea>
    <summaries>
      <billSummaries>
        <item>
          <updateDate>2019-10-24T04:00:00Z</updateDate>
          <versionCode>00</versionCode>
          <actionDesc>Introduced in Senate</actionDesc>
          <text><![CDATA[<p>This resolution urges the House of Representatives (1) before proceeding any further with its impeachment investigation into President Trump, to vote to initiate a formal impeachment inquiry; (2) to provide President Trump with due process, including the ability to confront his accusers, call witnesses on his behalf, and have a basic understanding of the accusations against him that would form any basis for impeachment; and (3) to provide members of the minority with the ability to participate fully in all proceedings and have equal authority to issue subpoenas and other compulsory process.</p>]]></text>
          <actionDate>2019-10-24</actionDate>
          <lastSummaryUpdateDate>2019-11-04T16:34:50Z</lastSummaryUpdateDate>
          <name>Introduced in Senate</name>
        </item>
      </billSummaries>
    </summaries>
    <billNumber>378</billNumber>
    <calendarNumbers />
    <version>1.0.0</version>
    <committeeReports />
    <latestAction>
      <text>Referred to the Committee on Rules and Administration. (text: CR S6160-6161)</text>
      <links />
      <actionDate>2019-10-24</actionDate>
    </latestAction>
  </bill>
  <dublinCore xmlns:dc="http://purl.org/dc/elements/1.1/">
    <dc:format>text/xml</dc:format>
    <dc:language>EN</dc:language>
    <dc:rights>Pursuant to Title 17 Section 105 of the United States Code, this file is not subject to copyright protection and is in the public domain.</dc:rights>
    <dc:contributor>Congressional Research Service, Library of Congress</dc:contributor>
    <dc:description>This file contains bill summaries and statuses for federal legislation. A bill summary describes the most significant provisions of a piece of legislation and details the effects the legislative text may have on current law and federal programs. Bill summaries are authored by the Congressional Research Service (CRS) of the Library of Congress. As stated in Public Law 91-510 (2 USC 166 (d)(6)), one of the duties of CRS is "to prepare summaries and digests of bills and resolutions of a public general nature introduced in the Senate or House of Representatives". For more information, refer to the User Guide that accompanies this file.</dc:description>
  </dublinCore>
</billStatus>

