<?xml version="1.0" encoding="UTF-8"?>
<billStatus>
  <bill>
    <summaries>
      <billSummaries>
        <item>
          <versionCode>00</versionCode>
          <actionDesc>Introduced in Senate</actionDesc>
          <lastSummaryUpdateDate>2019-10-10T12:52:07Z</lastSummaryUpdateDate>
          <text><![CDATA[<p>This resolution expresses support for the designation of June 2019 as National Gun Violence Awareness Month and the designation of June 7-June 9, 2019, as National Gun Violence Awareness Weekend.</p> <p>]]></text>
          <updateDate>2019-05-21T04:00:00Z</updateDate>
          <actionDate>2019-05-21</actionDate>
          <name>Introduced in Senate</name>
        </item>
      </billSummaries>
    </summaries>
    <createDate>2019-05-22T04:42:11Z</createDate>
    <cosponsors>
      <item>
        <party>D</party>
        <middleName />
        <sponsorshipDate>2019-05-21</sponsorshipDate>
        <isOriginalCosponsor>True</isOriginalCosponsor>
        <sponsorshipWithdrawnDate />
        <identifiers>
          <gpoId />
          <lisID>2123</lisID>
          <bioguideId>D000622</bioguideId>
        </identifiers>
        <firstName>Tammy</firstName>
        <bioguideId>D000622</bioguideId>
        <state>IL</state>
        <lastName>Duckworth</lastName>
        <fullName>Sen. Duckworth, Tammy [D-IL]</fullName>
      </item>
      <item>
        <party>D</party>
        <middleName>A.</middleName>
        <sponsorshipDate>2019-05-21</sponsorshipDate>
        <isOriginalCosponsor>True</isOriginalCosponsor>
        <sponsorshipWithdrawnDate />
        <identifiers>
          <bioguideId>B001288</bioguideId>
          <lisID>2194</lisID>
          <gpoId />
        </identifiers>
        <firstName>Cory</firstName>
        <bioguideId>B001288</bioguideId>
        <state>NJ</state>
        <lastName>Booker</lastName>
        <fullName>Sen. Booker, Cory A. [D-NJ]</fullName>
      </item>
      <item>
        <party>D</party>
        <middleName />
        <sponsorshipDate>2019-05-21</sponsorshipDate>
        <isOriginalCosponsor>True</isOriginalCosponsor>
        <sponsorshipWithdrawnDate />
        <identifiers>
          <lisID>2076</lisID>
          <bioguideId>B001277</bioguideId>
          <gpoId>8332</gpoId>
        </identifiers>
        <firstName>Richard</firstName>
        <bioguideId>B001277</bioguideId>
        <state>CT</state>
        <lastName>Blumenthal</lastName>
        <fullName>Sen. Blumenthal, Richard [D-CT]</fullName>
      </item>
      <item>
        <party>D</party>
        <middleName />
        <sponsorshipDate>2019-05-21</sponsorshipDate>
        <isOriginalCosponsor>True</isOriginalCosponsor>
        <sponsorshipWithdrawnDate />
        <identifiers>
          <lisID>1332</lisID>
          <bioguideId>F000062</bioguideId>
          <gpoId>8338</gpoId>
        </identifiers>
        <firstName>DIANNE</firstName>
        <bioguideId>F000062</bioguideId>
        <state>CA</state>
        <lastName>FEINSTEIN</lastName>
        <fullName>Sen. Feinstein, Dianne [D-CA]</fullName>
      </item>
      <item>
        <party>D</party>
        <middleName>D.</middleName>
        <sponsorshipDate>2019-05-21</sponsorshipDate>
        <isOriginalCosponsor>True</isOriginalCosponsor>
        <sponsorshipWithdrawnDate />
        <identifiers>
          <bioguideId>H001075</bioguideId>
          <lisID>2301</lisID>
          <gpoId />
        </identifiers>
        <firstName>Kamala</firstName>
        <bioguideId>H001075</bioguideId>
        <state>CA</state>
        <lastName>Harris</lastName>
        <fullName>Sen. Harris, Kamala D. [D-CA]</fullName>
      </item>
      <item>
        <party>D</party>
        <middleName>K.</middleName>
        <sponsorshipDate>2019-05-21</sponsorshipDate>
        <isOriginalCosponsor>True</isOriginalCosponsor>
        <sponsorshipWithdrawnDate />
        <identifiers>
          <bioguideId>H001042</bioguideId>
          <lisID>1844</lisID>
          <gpoId>7913</gpoId>
        </identifiers>
        <firstName>Mazie</firstName>
        <bioguideId>H001042</bioguideId>
        <state>HI</state>
        <lastName>Hirono</lastName>
        <fullName>Sen. Hirono, Mazie K. [D-HI]</fullName>
      </item>
      <item>
        <party>D</party>
        <middleName />
        <sponsorshipDate>2019-05-21</sponsorshipDate>
        <isOriginalCosponsor>True</isOriginalCosponsor>
        <sponsorshipWithdrawnDate />
        <identifiers>
          <bioguideId>K000367</bioguideId>
          <lisID>1826</lisID>
          <gpoId>8249</gpoId>
        </identifiers>
        <firstName>Amy</firstName>
        <bioguideId>K000367</bioguideId>
        <state>MN</state>
        <lastName>Klobuchar</lastName>
        <fullName>Sen. Klobuchar, Amy [D-MN]</fullName>
      </item>
      <item>
        <party>D</party>
        <middleName>J.</middleName>
        <sponsorshipDate>2019-05-21</sponsorshipDate>
        <isOriginalCosponsor>True</isOriginalCosponsor>
        <sponsorshipWithdrawnDate />
        <identifiers>
          <bioguideId>M000133</bioguideId>
          <lisID>735</lisID>
          <gpoId>7972</gpoId>
        </identifiers>
        <firstName>EDWARD</firstName>
        <bioguideId>M000133</bioguideId>
        <state>MA</state>
        <lastName>MARKEY</lastName>
        <fullName>Sen. Markey, Edward J. [D-MA]</fullName>
      </item>
      <item>
        <party>D</party>
        <middleName />
        <sponsorshipDate>2019-05-21</sponsorshipDate>
        <isOriginalCosponsor>True</isOriginalCosponsor>
        <sponsorshipWithdrawnDate />
        <identifiers>
          <bioguideId>M001169</bioguideId>
          <lisID>1837</lisID>
          <gpoId>7870</gpoId>
        </identifiers>
        <firstName>Christopher</firstName>
        <bioguideId>M001169</bioguideId>
        <state>CT</state>
        <lastName>Murphy</lastName>
        <fullName>Sen. Murphy, Christopher [D-CT]</fullName>
      </item>
      <item>
        <party>D</party>
        <middleName />
        <sponsorshipDate>2019-05-21</sponsorshipDate>
        <isOriginalCosponsor>True</isOriginalCosponsor>
        <sponsorshipWithdrawnDate />
        <identifiers>
          <bioguideId>M001111</bioguideId>
          <lisID>1409</lisID>
          <gpoId>8237</gpoId>
        </identifiers>
        <firstName>PATTY</firstName>
        <bioguideId>M001111</bioguideId>
        <state>WA</state>
        <lastName>MURRAY</lastName>
        <fullName>Sen. Murray, Patty [D-WA]</fullName>
      </item>
      <item>
        <party>D</party>
        <middleName />
        <sponsorshipDate>2019-05-21</sponsorshipDate>
        <isOriginalCosponsor>True</isOriginalCosponsor>
        <sponsorshipWithdrawnDate />
        <identifiers>
          <gpoId>7983</gpoId>
          <bioguideId>V000128</bioguideId>
          <lisID>1729</lisID>
        </identifiers>
        <firstName>Chris</firstName>
        <bioguideId>V000128</bioguideId>
        <state>MD</state>
        <lastName>Van Hollen</lastName>
        <fullName>Sen. Van Hollen, Chris [D-MD]</fullName>
      </item>
      <item>
        <party>D</party>
        <middleName />
        <sponsorshipDate>2019-05-22</sponsorshipDate>
        <isOriginalCosponsor>False</isOriginalCosponsor>
        <sponsorshipWithdrawnDate />
        <identifiers>
          <bioguideId>K000384</bioguideId>
          <lisID>2176</lisID>
          <gpoId />
        </identifiers>
        <firstName>Timothy</firstName>
        <bioguideId>K000384</bioguideId>
        <state>VA</state>
        <lastName>Kaine</lastName>
        <fullName>Sen. Kaine, Tim [D-VA]</fullName>
      </item>
      <item>
        <party>D</party>
        <middleName />
        <sponsorshipDate>2019-06-03</sponsorshipDate>
        <isOriginalCosponsor>False</isOriginalCosponsor>
        <sponsorshipWithdrawnDate />
        <identifiers>
          <gpoId>8288</gpoId>
          <lisID>172</lisID>
          <bioguideId>C000127</bioguideId>
        </identifiers>
        <firstName>MARIA</firstName>
        <bioguideId>C000127</bioguideId>
        <state>WA</state>
        <lastName>CANTWELL</lastName>
        <fullName>Sen. Cantwell, Maria [D-WA]</fullName>
      </item>
      <item>
        <party>D</party>
        <middleName />
        <sponsorshipDate>2019-06-03</sponsorshipDate>
        <isOriginalCosponsor>False</isOriginalCosponsor>
        <sponsorshipWithdrawnDate />
        <identifiers>
          <bioguideId>C001070</bioguideId>
          <lisID>1828</lisID>
          <gpoId>8282</gpoId>
        </identifiers>
        <firstName>Bob</firstName>
        <bioguideId>C001070</bioguideId>
        <state>PA</state>
        <lastName>Casey</lastName>
        <fullName>Sen. Casey, Robert P., Jr. [D-PA]</fullName>
      </item>
      <item>
        <party>D</party>
        <middleName>F.</middleName>
        <sponsorshipDate>2019-06-05</sponsorshipDate>
        <isOriginalCosponsor>False</isOriginalCosponsor>
        <sponsorshipWithdrawnDate />
        <identifiers>
          <gpoId>8272</gpoId>
          <bioguideId>R000122</bioguideId>
          <lisID>949</lisID>
        </identifiers>
        <firstName>JOHN</firstName>
        <bioguideId>R000122</bioguideId>
        <state>RI</state>
        <lastName>REED</lastName>
        <fullName>Sen. Reed, Jack [D-RI]</fullName>
      </item>
      <item>
        <party>D</party>
        <middleName>A.</middleName>
        <sponsorshipDate>2019-06-05</sponsorshipDate>
        <isOriginalCosponsor>False</isOriginalCosponsor>
        <sponsorshipWithdrawnDate />
        <identifiers>
          <gpoId>8297</gpoId>
          <bioguideId>C001088</bioguideId>
          <lisID>1984</lisID>
        </identifiers>
        <firstName>Christopher</firstName>
        <bioguideId>C001088</bioguideId>
        <state>DE</state>
        <lastName>Coons</lastName>
        <fullName>Sen. Coons, Christopher A. [D-DE]</fullName>
      </item>
      <item>
        <party>D</party>
        <middleName>R.</middleName>
        <sponsorshipDate>2019-06-05</sponsorshipDate>
        <isOriginalCosponsor>False</isOriginalCosponsor>
        <sponsorshipWithdrawnDate />
        <identifiers>
          <bioguideId>C000174</bioguideId>
          <lisID>179</lisID>
          <gpoId>8283</gpoId>
        </identifiers>
        <firstName>THOMAS</firstName>
        <bioguideId>C000174</bioguideId>
        <state>DE</state>
        <lastName>CARPER</lastName>
        <fullName>Sen. Carper, Thomas R. [D-DE]</fullName>
      </item>
      <item>
        <party>D</party>
        <middleName>L.</middleName>
        <sponsorshipDate>2019-06-05</sponsorshipDate>
        <isOriginalCosponsor>False</isOriginalCosponsor>
        <sponsorshipWithdrawnDate />
        <identifiers>
          <bioguideId>C000141</bioguideId>
          <lisID>174</lisID>
          <gpoId>8287</gpoId>
        </identifiers>
        <firstName>BENJAMIN</firstName>
        <bioguideId>C000141</bioguideId>
        <state>MD</state>
        <lastName>CARDIN</lastName>
        <fullName>Sen. Cardin, Benjamin L. [D-MD]</fullName>
      </item>
    </cosponsors>
    <subjects>
      <billSubjects>
        <legislativeSubjects>
          <item>
            <name>Commemorative events and holidays</name>
          </item>
          <item>
            <name>Community life and organization</name>
          </item>
          <item>
            <name>Crime prevention</name>
          </item>
          <item>
            <name>Crime victims</name>
          </item>
          <item>
            <name>Firearms and explosives</name>
          </item>
          <item>
            <name>Violent crime</name>
          </item>
        </legislativeSubjects>
        <policyArea>
          <name>Crime and Law Enforcement</name>
        </policyArea>
      </billSubjects>
    </subjects>
    <billType>SRES</billType>
    <committeeReports />
    <cboCostEstimates />
    <originChamber>Senate</originChamber>
    <version>1.0.0</version>
    <laws />
    <title>A resolution expressing support for the designation of June 7 through June 9, 2019, as "National Gun Violence Awareness Weekend" and June 2019 as "National Gun Violence Awareness Month".</title>
    <policyArea>
      <name>Crime and Law Enforcement</name>
    </policyArea>
    <relatedBills>
      <item>
        <number>391</number>
        <relationshipDetails>
          <item>
            <type>Related bill</type>
            <identifiedBy>CRS</identifiedBy>
          </item>
        </relationshipDetails>
        <latestAction>
          <actionDate>2019-06-26</actionDate>
          <text>Referred to the Subcommittee on Crime, Terrorism, and Homeland Security.</text>
        </latestAction>
        <congress>116</congress>
        <type>HRES</type>
        <latestTitle>Supporting the goals and ideals of National Gun Violence Awareness Weekend and National Gun Violence Awareness Month.</latestTitle>
      </item>
    </relatedBills>
    <textVersions>
      <item>
        <date>2019-05-21T04:00:00Z</date>
        <type>Introduced in Senate</type>
        <formats>
          <item>
            <url>https://www.govinfo.gov/content/pkg/BILLS-116sres217is/xml/BILLS-116sres217is.xml</url>
          </item>
        </formats>
      </item>
    </textVersions>
    <updateDate>2019-10-12T04:42:31Z</updateDate>
    <billNumber>217</billNumber>
    <congress>116</congress>
    <latestAction>
      <actionDate>2019-05-21</actionDate>
      <text>Referred to the Committee on the Judiciary. (text: CR S3011)</text>
      <links />
    </latestAction>
    <notes />
    <sponsors>
      <item>
        <party>D</party>
        <middleName>J.</middleName>
        <byRequestType />
        <identifiers>
          <bioguideId>D000563</bioguideId>
          <lisID>326</lisID>
          <gpoId>8326</gpoId>
        </identifiers>
        <firstName>RICHARD</firstName>
        <bioguideId>D000563</bioguideId>
        <state>IL</state>
        <lastName>DURBIN</lastName>
        <fullName>Sen. Durbin, Richard J. [D-IL]</fullName>
      </item>
    </sponsors>
    <titles>
      <item>
        <parentTitleType />
        <title>A resolution expressing support for the designation of June 7 through June 9, 2019, as "National Gun Violence Awareness Weekend" and June 2019 as "National Gun Violence Awareness Month".</title>
        <chamberCode />
        <chamberName />
        <titleType>Official Title as Introduced</titleType>
      </item>
      <item>
        <parentTitleType />
        <title>A resolution expressing support for the designation of June 7 through June 9, 2019, as "National Gun Violence Awareness Weekend" and June 2019 as "National Gun Violence Awareness Month".</title>
        <chamberCode />
        <chamberName />
        <titleType>Display Title</titleType>
      </item>
    </titles>
    <introducedDate>2019-05-21</introducedDate>
    <amendments />
    <actions>
      <item>
        <actionDate>2019-05-21</actionDate>
        <committee>
          <name>Judiciary Committee</name>
          <systemCode>ssju00</systemCode>
        </committee>
        <links>
          <link>
            <name>S3011</name>
            <url>https://www.congress.gov/congressional-record/volume-165/senate-section/page/S3011</url>
          </link>
        </links>
        <sourceSystem>
          <name>Senate</name>
          <code>0</code>
        </sourceSystem>
        <text>Referred to the Committee on the Judiciary. (text: CR S3011)</text>
        <type>IntroReferral</type>
      </item>
      <item>
        <actionCode>10000</actionCode>
        <committee />
        <text>Introduced in Senate</text>
        <type>IntroReferral</type>
        <sourceSystem>
          <name>Library of Congress</name>
          <code>9</code>
        </sourceSystem>
        <links />
        <actionDate>2019-05-21</actionDate>
      </item>
      <actionTypeCounts>
        <referredToCommittee>1</referredToCommittee>
        <introducedInSenate>1</introducedInSenate>
      </actionTypeCounts>
      <actionByCounts>
        <senate>2</senate>
      </actionByCounts>
    </actions>
    <calendarNumbers />
    <recordedVotes />
    <committees>
      <billCommittees>
        <item>
          <type>Standing</type>
          <name>Judiciary Committee</name>
          <subcommittees />
          <systemCode>ssju00</systemCode>
          <chamber>Senate</chamber>
          <activities>
            <item>
              <name>Referred to</name>
              <date>2019-05-21T22:11:50Z</date>
            </item>
          </activities>
        </item>
      </billCommittees>
    </committees>
  </bill>
  <dublinCore xmlns:dc="http://purl.org/dc/elements/1.1/">
    <dc:format>text/xml</dc:format>
    <dc:language>EN</dc:language>
    <dc:rights>Pursuant to Title 17 Section 105 of the United States Code, this file is not subject to copyright protection and is in the public domain.</dc:rights>
    <dc:contributor>Congressional Research Service, Library of Congress</dc:contributor>
    <dc:description>This file contains bill summaries and statuses for federal legislation. A bill summary describes the most significant provisions of a piece of legislation and details the effects the legislative text may have on current law and federal programs. Bill summaries are authored by the Congressional Research Service (CRS) of the Library of Congress. As stated in Public Law 91-510 (2 USC 166 (d)(6)), one of the duties of CRS is "to prepare summaries and digests of bills and resolutions of a public general nature introduced in the Senate or House of Representatives". For more information, refer to the User Guide that accompanies this file.</dc:description>
  </dublinCore>
</billStatus>

