<?xml version="1.0" encoding="UTF-8"?>
<billStatus>
  <bill>
    <introducedDate>2019-07-29</introducedDate>
    <latestAction>
      <text>Referred to the Committee on Environment and Public Works. (text: CR S5147-5148)</text>
      <actionDate>2019-07-29</actionDate>
      <links />
    </latestAction>
    <summaries>
      <billSummaries>
        <item>
          <updateDate>2019-07-29T04:00:00Z</updateDate>
          <name>Introduced in Senate</name>
          <versionCode>00</versionCode>
          <text><![CDATA[<p>This resolution expresses the sense of the Senate that (1) the Highway Trust Fund should achieve long-term solvency through user fees, and (2) any spending on federal highway programs during the next reauthorization period that exceeds current fund revenues and balances should be fully offset.</p>]]></text>
          <actionDesc>Introduced in Senate</actionDesc>
          <actionDate>2019-07-29</actionDate>
          <lastSummaryUpdateDate>2019-10-16T18:00:55Z</lastSummaryUpdateDate>
        </item>
      </billSummaries>
    </summaries>
    <subjects>
      <billSubjects>
        <legislativeSubjects>
          <item>
            <name>Government trust funds</name>
          </item>
          <item>
            <name>Roads and highways</name>
          </item>
          <item>
            <name>Transportation programs funding</name>
          </item>
          <item>
            <name>User charges and fees</name>
          </item>
        </legislativeSubjects>
        <policyArea>
          <name>Transportation and Public Works</name>
        </policyArea>
      </billSubjects>
    </subjects>
    <relatedBills />
    <textVersions>
      <item>
        <type>Introduced in Senate</type>
        <date>2019-07-29T04:00:00Z</date>
        <formats>
          <item>
            <url>https://www.govinfo.gov/content/pkg/BILLS-116sres288is/xml/BILLS-116sres288is.xml</url>
          </item>
        </formats>
      </item>
    </textVersions>
    <notes />
    <billNumber>288</billNumber>
    <createDate>2019-07-30T04:27:24Z</createDate>
    <amendments />
    <originChamber>Senate</originChamber>
    <title>A resolution affirming the importance of the long-term solvency of the Highway Trust Fund.</title>
    <committeeReports />
    <calendarNumbers />
    <version>1.0.0</version>
    <titles>
      <item>
        <chamberCode />
        <titleType>Official Title as Introduced</titleType>
        <parentTitleType />
        <title>A resolution affirming the importance of the long-term solvency of the Highway Trust Fund.</title>
        <chamberName />
      </item>
      <item>
        <chamberCode />
        <titleType>Display Title</titleType>
        <parentTitleType />
        <title>A resolution affirming the importance of the long-term solvency of the Highway Trust Fund.</title>
        <chamberName />
      </item>
    </titles>
    <policyArea>
      <name>Transportation and Public Works</name>
    </policyArea>
    <cboCostEstimates />
    <sponsors>
      <item>
        <lastName>Braun</lastName>
        <fullName>Sen. Braun, Mike  [R-IN]</fullName>
        <party>R</party>
        <byRequestType />
        <firstName>Mike</firstName>
        <state>IN</state>
        <identifiers>
          <bioguideId>B001310</bioguideId>
          <lisID>2462</lisID>
          <gpoId />
        </identifiers>
        <bioguideId>B001310</bioguideId>
        <middleName />
      </item>
    </sponsors>
    <cosponsors />
    <recordedVotes />
    <committees>
      <billCommittees>
        <item>
          <name>Environment and Public Works Committee</name>
          <type>Standing</type>
          <systemCode>ssev00</systemCode>
          <chamber>Senate</chamber>
          <activities>
            <item>
              <name>Referred to</name>
              <date>2019-07-29T20:48:47Z</date>
            </item>
          </activities>
          <subcommittees />
        </item>
      </billCommittees>
    </committees>
    <actions>
      <actionByCounts>
        <senate>2</senate>
      </actionByCounts>
      <actionTypeCounts>
        <referredToCommittee>1</referredToCommittee>
        <introducedInSenate>1</introducedInSenate>
      </actionTypeCounts>
      <item>
        <actionDate>2019-07-29</actionDate>
        <committee>
          <systemCode>ssev00</systemCode>
          <name>Environment and Public Works Committee</name>
        </committee>
        <links>
          <link>
            <url>https://www.congress.gov/congressional-record/volume-165/senate-section/page/S5147-5148</url>
            <name>S5147-5148</name>
          </link>
        </links>
        <sourceSystem>
          <code>0</code>
          <name>Senate</name>
        </sourceSystem>
        <text>Referred to the Committee on Environment and Public Works. (text: CR S5147-5148)</text>
        <type>IntroReferral</type>
      </item>
      <item>
        <text>Introduced in Senate</text>
        <type>IntroReferral</type>
        <actionDate>2019-07-29</actionDate>
        <links />
        <actionCode>10000</actionCode>
        <sourceSystem>
          <code>9</code>
          <name>Library of Congress</name>
        </sourceSystem>
        <committee />
      </item>
    </actions>
    <billType>SRES</billType>
    <laws />
    <congress>116</congress>
    <updateDate>2019-11-05T05:28:07Z</updateDate>
  </bill>
  <dublinCore xmlns:dc="http://purl.org/dc/elements/1.1/">
    <dc:format>text/xml</dc:format>
    <dc:language>EN</dc:language>
    <dc:rights>Pursuant to Title 17 Section 105 of the United States Code, this file is not subject to copyright protection and is in the public domain.</dc:rights>
    <dc:contributor>Congressional Research Service, Library of Congress</dc:contributor>
    <dc:description>This file contains bill summaries and statuses for federal legislation. A bill summary describes the most significant provisions of a piece of legislation and details the effects the legislative text may have on current law and federal programs. Bill summaries are authored by the Congressional Research Service (CRS) of the Library of Congress. As stated in Public Law 91-510 (2 USC 166 (d)(6)), one of the duties of CRS is "to prepare summaries and digests of bills and resolutions of a public general nature introduced in the Senate or House of Representatives". For more information, refer to the User Guide that accompanies this file.</dc:description>
  </dublinCore>
</billStatus>

