<?xml version="1.0" encoding="UTF-8"?>
<billStatus>
  <bill>
    <titles>
      <item>
        <parentTitleType />
        <chamberName />
        <titleType>Official Title as Introduced</titleType>
        <title>A resolution honoring the victims of the mass shooting in Virginia Beach, Virginia.</title>
        <chamberCode />
      </item>
      <item>
        <parentTitleType />
        <chamberName />
        <titleType>Display Title</titleType>
        <title>A resolution honoring the victims of the mass shooting in Virginia Beach, Virginia.</title>
        <chamberCode />
      </item>
    </titles>
    <actions>
      <actionTypeCounts>
        <passedOrAgreedToInSenateDayOf>1</passedOrAgreedToInSenateDayOf>
        <introducedInSenate>1</introducedInSenate>
        <passedAgreedToInSenate>1</passedAgreedToInSenate>
      </actionTypeCounts>
      <actionByCounts>
        <senate>3</senate>
      </actionByCounts>
      <item>
        <actionDate>2019-06-12</actionDate>
        <committee />
        <links>
          <link>
            <url>https://www.congress.gov/congressional-record/volume-165/senate-section/page/S3368-3369</url>
            <name>S3368-3369</name>
          </link>
          <link>
            <url>https://www.congress.gov/congressional-record/volume-165/senate-section/page/S3450</url>
            <name>S3450</name>
          </link>
        </links>
        <sourceSystem>
          <code>0</code>
          <name>Senate</name>
        </sourceSystem>
        <text>Submitted in the Senate, considered, and agreed to without amendment and with a preamble by Voice Vote. (consideration: CR S3450; text: CR S3368-3369)</text>
        <type>Floor</type>
      </item>
      <item>
        <actionCode>17000</actionCode>
        <text>Passed/agreed to in Senate: Submitted in the Senate, considered, and agreed to without amendment and with a preamble by Voice Vote.(consideration: CR S3450; text: CR S3368-3369)</text>
        <links>
          <link>
            <url>https://www.congress.gov/congressional-record/volume-165/senate-section/page/S3368-3369</url>
            <name>S3368-3369</name>
          </link>
          <link>
            <url>https://www.congress.gov/congressional-record/volume-165/senate-section/page/S3450</url>
            <name>S3450</name>
          </link>
        </links>
        <committee />
        <type>Floor</type>
        <sourceSystem>
          <code>9</code>
          <name>Library of Congress</name>
        </sourceSystem>
        <actionDate>2019-06-12</actionDate>
      </item>
      <item>
        <actionCode>10000</actionCode>
        <text>Introduced in Senate</text>
        <links />
        <committee />
        <type>IntroReferral</type>
        <sourceSystem>
          <code>9</code>
          <name>Library of Congress</name>
        </sourceSystem>
        <actionDate>2019-06-12</actionDate>
      </item>
    </actions>
    <summaries>
      <billSummaries />
    </summaries>
    <recordedVotes />
    <textVersions>
      <item>
        <type>Agreed to Senate</type>
        <formats>
          <item>
            <url>https://www.govinfo.gov/content/pkg/BILLS-116sres248ats/xml/BILLS-116sres248ats.xml</url>
          </item>
        </formats>
        <date>2019-06-12T04:00:00Z</date>
      </item>
    </textVersions>
    <cboCostEstimates />
    <congress>116</congress>
    <notes />
    <committeeReports />
    <billType>SRES</billType>
    <laws />
    <subjects>
      <billSubjects>
        <policyArea>
          <name>Crime and Law Enforcement</name>
        </policyArea>
        <legislativeSubjects>
          <item>
            <name>Congressional tributes</name>
          </item>
          <item>
            <name>Crime prevention</name>
          </item>
          <item>
            <name>Crime victims</name>
          </item>
          <item>
            <name>Emergency medical services and trauma care</name>
          </item>
          <item>
            <name>First responders and emergency personnel</name>
          </item>
          <item>
            <name>Law enforcement officers</name>
          </item>
          <item>
            <name>Violent crime</name>
          </item>
          <item>
            <name>Virginia</name>
          </item>
        </legislativeSubjects>
      </billSubjects>
    </subjects>
    <committees>
      <billCommittees />
    </committees>
    <amendments />
    <originChamber>Senate</originChamber>
    <createDate>2019-06-13T04:57:12Z</createDate>
    <sponsors>
      <item>
        <fullName>Sen. Kaine, Tim [D-VA]</fullName>
        <lastName>Kaine</lastName>
        <bioguideId>K000384</bioguideId>
        <state>VA</state>
        <firstName>Timothy</firstName>
        <byRequestType />
        <identifiers>
          <lisID>2176</lisID>
          <bioguideId>K000384</bioguideId>
          <gpoId />
        </identifiers>
        <middleName />
        <party>D</party>
      </item>
    </sponsors>
    <introducedDate>2019-06-12</introducedDate>
    <title>A resolution honoring the victims of the mass shooting in Virginia Beach, Virginia.</title>
    <policyArea>
      <name>Crime and Law Enforcement</name>
    </policyArea>
    <relatedBills>
      <item>
        <relationshipDetails>
          <item>
            <type>Related bill</type>
            <identifiedBy>CRS</identifiedBy>
          </item>
        </relationshipDetails>
        <latestTitle>Honoring the victims of the mass shooting in Virginia Beach, Virginia.</latestTitle>
        <congress>116</congress>
        <type>HRES</type>
        <number>428</number>
        <latestAction>
          <actionDate>2019-06-05</actionDate>
          <text>Referred to the House Committee on Oversight and Reform.</text>
        </latestAction>
      </item>
    </relatedBills>
    <calendarNumbers />
    <updateDate>2019-11-05T13:35:02Z</updateDate>
    <version>1.0.0</version>
    <billNumber>248</billNumber>
    <latestAction>
      <links />
      <actionDate>2019-06-12</actionDate>
      <text>Submitted in the Senate, considered, and agreed to without amendment and with a preamble by Voice Vote. (consideration: CR S3450; text: CR S3368-3369)</text>
    </latestAction>
    <cosponsors>
      <item>
        <sponsorshipWithdrawnDate />
        <fullName>Sen. Warner, Mark R. [D-VA]</fullName>
        <lastName>Warner</lastName>
        <bioguideId>W000805</bioguideId>
        <state>VA</state>
        <sponsorshipDate>2019-06-12</sponsorshipDate>
        <firstName>Mark</firstName>
        <identifiers>
          <lisID>1897</lisID>
          <gpoId>8269</gpoId>
          <bioguideId>W000805</bioguideId>
        </identifiers>
        <middleName>R.</middleName>
        <isOriginalCosponsor>True</isOriginalCosponsor>
        <party>D</party>
      </item>
    </cosponsors>
  </bill>
  <dublinCore xmlns:dc="http://purl.org/dc/elements/1.1/">
    <dc:format>text/xml</dc:format>
    <dc:language>EN</dc:language>
    <dc:rights>Pursuant to Title 17 Section 105 of the United States Code, this file is not subject to copyright protection and is in the public domain.</dc:rights>
    <dc:contributor>Congressional Research Service, Library of Congress</dc:contributor>
    <dc:description>This file contains bill summaries and statuses for federal legislation. A bill summary describes the most significant provisions of a piece of legislation and details the effects the legislative text may have on current law and federal programs. Bill summaries are authored by the Congressional Research Service (CRS) of the Library of Congress. As stated in Public Law 91-510 (2 USC 166 (d)(6)), one of the duties of CRS is "to prepare summaries and digests of bills and resolutions of a public general nature introduced in the Senate or House of Representatives". For more information, refer to the User Guide that accompanies this file.</dc:description>
  </dublinCore>
</billStatus>

