<?xml version="1.0" encoding="UTF-8"?>
<billStatus>
  <bill>
    <relatedBills />
    <titles>
      <item>
        <title>A resolution recognizing the duty of the Senate to condemn Modern Monetary Theory and recognizing Modern Monetary Theory would lead to higher deficits and higher inflation.</title>
        <chamberCode />
        <titleType>Official Title as Introduced</titleType>
        <parentTitleType />
        <chamberName />
      </item>
      <item>
        <title>A resolution recognizing the duty of the Senate to condemn Modern Monetary Theory and recognizing Modern Monetary Theory would lead to higher deficits and higher inflation.</title>
        <chamberCode />
        <titleType>Display Title</titleType>
        <parentTitleType />
        <chamberName />
      </item>
    </titles>
    <introducedDate>2019-05-01</introducedDate>
    <billNumber>182</billNumber>
    <billType>SRES</billType>
    <title>A resolution recognizing the duty of the Senate to condemn Modern Monetary Theory and recognizing Modern Monetary Theory would lead to higher deficits and higher inflation.</title>
    <updateDate>2019-07-31T07:34:09Z</updateDate>
    <amendments />
    <laws />
    <notes />
    <summaries>
      <billSummaries>
        <item>
          <actionDate>2019-05-01</actionDate>
          <versionCode>00</versionCode>
          <updateDate>2019-05-01T04:00:00Z</updateDate>
          <lastSummaryUpdateDate>2019-07-23T22:52:50Z</lastSummaryUpdateDate>
          <text><![CDATA[<p>This resolution recognizes that (1) deficits are unsustainable, irresponsible, and dangerous; (2) the implementation of Modern Monetary Theory will lead to higher deficits and higher inflation; and (3) it is the duty of the Senate to condemn the theory. </p>]]></text>
          <actionDesc>Introduced in Senate</actionDesc>
          <name>Introduced in Senate</name>
        </item>
      </billSummaries>
    </summaries>
    <actions>
      <actionTypeCounts>
        <referredToCommittee>1</referredToCommittee>
        <introducedInSenate>1</introducedInSenate>
      </actionTypeCounts>
      <item>
        <actionDate>2019-05-01</actionDate>
        <committee>
          <systemCode>ssbk00</systemCode>
          <name>Banking, Housing, and Urban Affairs Committee</name>
        </committee>
        <links>
          <link>
            <url>https://www.congress.gov/congressional-record/volume-165/senate-section/page/S2576</url>
            <name>S2576</name>
          </link>
        </links>
        <sourceSystem>
          <name>Senate</name>
          <code>0</code>
        </sourceSystem>
        <text>Referred to the Committee on Banking, Housing, and Urban Affairs. (text: CR S2576)</text>
        <type>IntroReferral</type>
      </item>
      <item>
        <actionDate>2019-05-01</actionDate>
        <type>IntroReferral</type>
        <text>Introduced in Senate</text>
        <actionCode>10000</actionCode>
        <sourceSystem>
          <name>Library of Congress</name>
          <code>9</code>
        </sourceSystem>
        <committee />
        <links />
      </item>
      <actionByCounts>
        <senate>2</senate>
      </actionByCounts>
    </actions>
    <policyArea>
      <name>Economics and Public Finance</name>
    </policyArea>
    <latestAction>
      <actionDate>2019-05-01</actionDate>
      <text>Referred to the Committee on Banking, Housing, and Urban Affairs. (text: CR S2576)</text>
      <links />
    </latestAction>
    <congress>116</congress>
    <sponsors>
      <item>
        <bioguideId>P000612</bioguideId>
        <lastName>Perdue</lastName>
        <middleName>Alfred</middleName>
        <fullName>Sen. Perdue, David [R-GA]</fullName>
        <firstName>David</firstName>
        <party>R</party>
        <identifiers>
          <gpoId />
          <bioguideId>P000612</bioguideId>
          <lisID>2286</lisID>
        </identifiers>
        <byRequestType />
        <state>GA</state>
      </item>
    </sponsors>
    <recordedVotes />
    <calendarNumbers />
    <committeeReports />
    <subjects>
      <billSubjects>
        <legislativeSubjects>
          <item>
            <name>Budget deficits and national debt</name>
          </item>
          <item>
            <name>Economic theory</name>
          </item>
          <item>
            <name>Monetary policy</name>
          </item>
        </legislativeSubjects>
        <policyArea>
          <name>Economics and Public Finance</name>
        </policyArea>
      </billSubjects>
    </subjects>
    <textVersions>
      <item>
        <type>Introduced in Senate</type>
        <date>2019-05-01T04:00:00Z</date>
        <formats>
          <item>
            <url>https://www.govinfo.gov/content/pkg/BILLS-116sres182is/xml/BILLS-116sres182is.xml</url>
          </item>
        </formats>
      </item>
    </textVersions>
    <originChamber>Senate</originChamber>
    <cosponsors>
      <item>
        <state>IN</state>
        <middleName />
        <bioguideId>B001310</bioguideId>
        <fullName>Sen. Braun, Mike  [R-IN]</fullName>
        <lastName>Braun</lastName>
        <isOriginalCosponsor>True</isOriginalCosponsor>
        <identifiers>
          <gpoId />
          <bioguideId>B001310</bioguideId>
          <lisID>2462</lisID>
        </identifiers>
        <sponsorshipDate>2019-05-01</sponsorshipDate>
        <firstName>Mike</firstName>
        <party>R</party>
        <sponsorshipWithdrawnDate />
      </item>
      <item>
        <state>IA</state>
        <middleName />
        <bioguideId>E000295</bioguideId>
        <fullName>Sen. Ernst, Joni  [R-IA]</fullName>
        <lastName>Ernst</lastName>
        <isOriginalCosponsor>True</isOriginalCosponsor>
        <identifiers>
          <bioguideId>E000295</bioguideId>
          <lisID>2283</lisID>
          <gpoId />
        </identifiers>
        <sponsorshipDate>2019-05-01</sponsorshipDate>
        <firstName>Joni</firstName>
        <party>R</party>
        <sponsorshipWithdrawnDate />
      </item>
      <item>
        <state>KS</state>
        <middleName />
        <bioguideId>M000934</bioguideId>
        <fullName>Sen. Moran, Jerry [R-KS]</fullName>
        <lastName>Moran</lastName>
        <isOriginalCosponsor>True</isOriginalCosponsor>
        <identifiers>
          <lisID>1507</lisID>
          <gpoId>8307</gpoId>
          <bioguideId>M000934</bioguideId>
        </identifiers>
        <sponsorshipDate>2019-05-01</sponsorshipDate>
        <firstName>Jerry</firstName>
        <party>R</party>
        <sponsorshipWithdrawnDate />
      </item>
      <item>
        <state>NC</state>
        <middleName>Roland</middleName>
        <bioguideId>T000476</bioguideId>
        <fullName>Sen. Tillis, Thom [R-NC]</fullName>
        <lastName>Tillis</lastName>
        <isOriginalCosponsor>True</isOriginalCosponsor>
        <identifiers>
          <lisID>2291</lisID>
          <gpoId />
          <bioguideId>T000476</bioguideId>
        </identifiers>
        <sponsorshipDate>2019-05-01</sponsorshipDate>
        <firstName>Thomas</firstName>
        <party>R</party>
        <sponsorshipWithdrawnDate />
      </item>
    </cosponsors>
    <version>1.0.0</version>
    <cboCostEstimates />
    <committees>
      <billCommittees>
        <item>
          <chamber>Senate</chamber>
          <systemCode>ssbk00</systemCode>
          <name>Banking, Housing, and Urban Affairs Committee</name>
          <activities>
            <item>
              <name>Referred to</name>
              <date>2019-05-01T21:52:55Z</date>
            </item>
          </activities>
          <type>Standing</type>
          <subcommittees />
        </item>
      </billCommittees>
    </committees>
    <createDate>2019-05-02T04:42:10Z</createDate>
  </bill>
  <dublinCore xmlns:dc="http://purl.org/dc/elements/1.1/">
    <dc:format>text/xml</dc:format>
    <dc:language>EN</dc:language>
    <dc:rights>Pursuant to Title 17 Section 105 of the United States Code, this file is not subject to copyright protection and is in the public domain.</dc:rights>
    <dc:contributor>Congressional Research Service, Library of Congress</dc:contributor>
    <dc:description>This file contains bill summaries and statuses for federal legislation. A bill summary describes the most significant provisions of a piece of legislation and details the effects the legislative text may have on current law and federal programs. Bill summaries are authored by the Congressional Research Service (CRS) of the Library of Congress. As stated in Public Law 91-510 (2 USC 166 (d)(6)), one of the duties of CRS is "to prepare summaries and digests of bills and resolutions of a public general nature introduced in the Senate or House of Representatives". For more information, refer to the User Guide that accompanies this file.</dc:description>
  </dublinCore>
</billStatus>

