<?xml version="1.0" encoding="UTF-8"?>
<billStatus>
  <bill>
    <updateDate>2019-06-05T04:43:05Z</updateDate>
    <sponsors>
      <item>
        <party>R</party>
        <byRequestType />
        <bioguideId>G000386</bioguideId>
        <fullName>Sen. Grassley, Chuck [R-IA]</fullName>
        <lastName>GRASSLEY</lastName>
        <state>IA</state>
        <firstName>CHARLES</firstName>
        <middleName>ERNEST</middleName>
        <identifiers>
          <gpoId>8316</gpoId>
          <lisID>457</lisID>
          <bioguideId>G000386</bioguideId>
        </identifiers>
      </item>
    </sponsors>
    <cboCostEstimates />
    <originChamber>Senate</originChamber>
    <latestAction>
      <text>Submitted in the Senate, considered, and agreed to without amendment and with a preamble by Voice Vote. (consideration: CR S3127; text: CR S3118)</text>
      <actionDate>2019-05-23</actionDate>
      <links />
    </latestAction>
    <congress>116</congress>
    <committees>
      <billCommittees />
    </committees>
    <calendarNumbers />
    <textVersions>
      <item>
        <date>2019-05-23T04:00:00Z</date>
        <type>Agreed to Senate</type>
        <formats>
          <item>
            <url>https://www.govinfo.gov/content/pkg/BILLS-116sres226ats/xml/BILLS-116sres226ats.xml</url>
          </item>
        </formats>
      </item>
    </textVersions>
    <billType>SRES</billType>
    <billNumber>226</billNumber>
    <laws />
    <cosponsors>
      <item>
        <state>MI</state>
        <fullName>Sen. Stabenow, Debbie [D-MI]</fullName>
        <party>D</party>
        <lastName>STABENOW</lastName>
        <firstName>DEBORAH</firstName>
        <sponsorshipDate>2019-05-23</sponsorshipDate>
        <identifiers>
          <lisID>1531</lisID>
          <bioguideId>S000770</bioguideId>
          <gpoId>8261</gpoId>
        </identifiers>
        <middleName>ANN</middleName>
        <bioguideId>S000770</bioguideId>
        <isOriginalCosponsor>True</isOriginalCosponsor>
        <sponsorshipWithdrawnDate />
      </item>
      <item>
        <state>AL</state>
        <fullName>Sen. Jones, Doug  [D-AL]</fullName>
        <party>D</party>
        <lastName>Jones</lastName>
        <firstName>Doug</firstName>
        <sponsorshipDate>2019-05-23</sponsorshipDate>
        <identifiers>
          <lisID>2364</lisID>
          <gpoId />
          <bioguideId>J000300</bioguideId>
        </identifiers>
        <middleName />
        <bioguideId>J000300</bioguideId>
        <isOriginalCosponsor>True</isOriginalCosponsor>
        <sponsorshipWithdrawnDate />
      </item>
      <item>
        <state>NC</state>
        <fullName>Sen. Tillis, Thom [R-NC]</fullName>
        <party>R</party>
        <lastName>Tillis</lastName>
        <firstName>Thomas</firstName>
        <sponsorshipDate>2019-05-23</sponsorshipDate>
        <identifiers>
          <gpoId />
          <bioguideId>T000476</bioguideId>
          <lisID>2291</lisID>
        </identifiers>
        <middleName>Roland</middleName>
        <bioguideId>T000476</bioguideId>
        <isOriginalCosponsor>True</isOriginalCosponsor>
        <sponsorshipWithdrawnDate />
      </item>
      <item>
        <state>LA</state>
        <fullName>Sen. Cassidy, Bill [R-LA]</fullName>
        <party>R</party>
        <lastName>Cassidy</lastName>
        <firstName>Bill</firstName>
        <sponsorshipDate>2019-05-23</sponsorshipDate>
        <identifiers>
          <gpoId>7964</gpoId>
          <bioguideId>C001075</bioguideId>
          <lisID>1925</lisID>
        </identifiers>
        <middleName />
        <bioguideId>C001075</bioguideId>
        <isOriginalCosponsor>True</isOriginalCosponsor>
        <sponsorshipWithdrawnDate />
      </item>
      <item>
        <state>ME</state>
        <fullName>Sen. King, Angus S., Jr. [I-ME]</fullName>
        <party>I</party>
        <lastName>King</lastName>
        <firstName>Angus</firstName>
        <sponsorshipDate>2019-05-23</sponsorshipDate>
        <identifiers>
          <lisID>2185</lisID>
          <gpoId />
          <bioguideId>K000383</bioguideId>
        </identifiers>
        <middleName />
        <bioguideId>K000383</bioguideId>
        <isOriginalCosponsor>True</isOriginalCosponsor>
        <sponsorshipWithdrawnDate />
      </item>
      <item>
        <state>AK</state>
        <fullName>Sen. Sullivan, Dan  [R-AK]</fullName>
        <party>R</party>
        <lastName>Sullivan</lastName>
        <firstName>Dan</firstName>
        <sponsorshipDate>2019-05-23</sponsorshipDate>
        <identifiers>
          <lisID>2290</lisID>
          <gpoId />
          <bioguideId>S001198</bioguideId>
        </identifiers>
        <middleName />
        <bioguideId>S001198</bioguideId>
        <isOriginalCosponsor>True</isOriginalCosponsor>
        <sponsorshipWithdrawnDate />
      </item>
      <item>
        <state>MO</state>
        <fullName>Sen. Blunt, Roy [R-MO]</fullName>
        <party>R</party>
        <lastName>Blunt</lastName>
        <firstName>Roy</firstName>
        <sponsorshipDate>2019-05-23</sponsorshipDate>
        <identifiers>
          <lisID>1464</lisID>
          <gpoId>8313</gpoId>
          <bioguideId>B000575</bioguideId>
        </identifiers>
        <middleName />
        <bioguideId>B000575</bioguideId>
        <isOriginalCosponsor>True</isOriginalCosponsor>
        <sponsorshipWithdrawnDate />
      </item>
      <item>
        <state>OK</state>
        <fullName>Sen. Lankford, James [R-OK]</fullName>
        <party>R</party>
        <lastName>Lankford</lastName>
        <firstName>James</firstName>
        <sponsorshipDate>2019-05-23</sponsorshipDate>
        <identifiers>
          <bioguideId>L000575</bioguideId>
          <lisID>2050</lisID>
          <gpoId>8113</gpoId>
        </identifiers>
        <middleName />
        <bioguideId>L000575</bioguideId>
        <isOriginalCosponsor>True</isOriginalCosponsor>
        <sponsorshipWithdrawnDate />
      </item>
      <item>
        <state>ID</state>
        <fullName>Sen. Crapo, Mike [R-ID]</fullName>
        <party>R</party>
        <lastName>CRAPO</lastName>
        <firstName>MICHAEL</firstName>
        <sponsorshipDate>2019-05-23</sponsorshipDate>
        <identifiers>
          <lisID>250</lisID>
          <bioguideId>C000880</bioguideId>
          <gpoId>8289</gpoId>
        </identifiers>
        <middleName>D.</middleName>
        <bioguideId>C000880</bioguideId>
        <isOriginalCosponsor>True</isOriginalCosponsor>
        <sponsorshipWithdrawnDate />
      </item>
      <item>
        <state>VA</state>
        <fullName>Sen. Kaine, Tim [D-VA]</fullName>
        <party>D</party>
        <lastName>Kaine</lastName>
        <firstName>Timothy</firstName>
        <sponsorshipDate>2019-05-23</sponsorshipDate>
        <identifiers>
          <gpoId />
          <lisID>2176</lisID>
          <bioguideId>K000384</bioguideId>
        </identifiers>
        <middleName />
        <bioguideId>K000384</bioguideId>
        <isOriginalCosponsor>True</isOriginalCosponsor>
        <sponsorshipWithdrawnDate />
      </item>
      <item>
        <state>WV</state>
        <fullName>Sen. Capito, Shelley Moore [R-WV]</fullName>
        <party>R</party>
        <lastName>CAPITO</lastName>
        <firstName>SHELLEY</firstName>
        <sponsorshipDate>2019-05-23</sponsorshipDate>
        <identifiers>
          <bioguideId>C001047</bioguideId>
          <lisID>1676</lisID>
          <gpoId>8223</gpoId>
        </identifiers>
        <middleName>MOORE</middleName>
        <bioguideId>C001047</bioguideId>
        <isOriginalCosponsor>True</isOriginalCosponsor>
        <sponsorshipWithdrawnDate />
      </item>
      <item>
        <state>SC</state>
        <fullName>Sen. Scott, Tim [R-SC]</fullName>
        <party>R</party>
        <lastName>Scott</lastName>
        <firstName>Tim</firstName>
        <sponsorshipDate>2019-05-23</sponsorshipDate>
        <identifiers>
          <lisID>2056</lisID>
          <gpoId>8141</gpoId>
          <bioguideId>S001184</bioguideId>
        </identifiers>
        <middleName />
        <bioguideId>S001184</bioguideId>
        <isOriginalCosponsor>True</isOriginalCosponsor>
        <sponsorshipWithdrawnDate />
      </item>
      <item>
        <state>CT</state>
        <fullName>Sen. Blumenthal, Richard [D-CT]</fullName>
        <party>D</party>
        <lastName>Blumenthal</lastName>
        <firstName>Richard</firstName>
        <sponsorshipDate>2019-05-23</sponsorshipDate>
        <identifiers>
          <lisID>2076</lisID>
          <bioguideId>B001277</bioguideId>
          <gpoId>8332</gpoId>
        </identifiers>
        <middleName />
        <bioguideId>B001277</bioguideId>
        <isOriginalCosponsor>True</isOriginalCosponsor>
        <sponsorshipWithdrawnDate />
      </item>
      <item>
        <state>KS</state>
        <fullName>Sen. Roberts, Pat [R-KS]</fullName>
        <party>R</party>
        <lastName>ROBERTS</lastName>
        <firstName>PAT</firstName>
        <sponsorshipDate>2019-05-23</sponsorshipDate>
        <identifiers>
          <lisID>968</lisID>
          <gpoId>8275</gpoId>
          <bioguideId>R000307</bioguideId>
        </identifiers>
        <middleName />
        <bioguideId>R000307</bioguideId>
        <isOriginalCosponsor>True</isOriginalCosponsor>
        <sponsorshipWithdrawnDate />
      </item>
      <item>
        <state>MI</state>
        <fullName>Sen. Peters, Gary C. [D-MI]</fullName>
        <party>D</party>
        <lastName>Peters</lastName>
        <firstName>Gary</firstName>
        <sponsorshipDate>2019-05-23</sponsorshipDate>
        <identifiers>
          <gpoId>7994</gpoId>
          <lisID>1929</lisID>
          <bioguideId>P000595</bioguideId>
        </identifiers>
        <middleName>C.</middleName>
        <bioguideId>P000595</bioguideId>
        <isOriginalCosponsor>True</isOriginalCosponsor>
        <sponsorshipWithdrawnDate />
      </item>
      <item>
        <state>OR</state>
        <fullName>Sen. Wyden, Ron [D-OR]</fullName>
        <party>D</party>
        <lastName>WYDEN</lastName>
        <firstName>RON</firstName>
        <sponsorshipDate>2019-05-23</sponsorshipDate>
        <identifiers>
          <lisID>1247</lisID>
          <bioguideId>W000779</bioguideId>
          <gpoId>8265</gpoId>
        </identifiers>
        <middleName />
        <bioguideId>W000779</bioguideId>
        <isOriginalCosponsor>True</isOriginalCosponsor>
        <sponsorshipWithdrawnDate />
      </item>
      <item>
        <state>OH</state>
        <fullName>Sen. Brown, Sherrod [D-OH]</fullName>
        <party>D</party>
        <lastName>Brown</lastName>
        <firstName>Sherrod</firstName>
        <sponsorshipDate>2019-05-23</sponsorshipDate>
        <identifiers>
          <lisID>136</lisID>
          <bioguideId>B000944</bioguideId>
          <gpoId>8309</gpoId>
        </identifiers>
        <middleName />
        <bioguideId>B000944</bioguideId>
        <isOriginalCosponsor>True</isOriginalCosponsor>
        <sponsorshipWithdrawnDate />
      </item>
      <item>
        <state>PA</state>
        <fullName>Sen. Casey, Robert P., Jr. [D-PA]</fullName>
        <party>D</party>
        <lastName>Casey</lastName>
        <firstName>Bob</firstName>
        <sponsorshipDate>2019-05-23</sponsorshipDate>
        <identifiers>
          <lisID>1828</lisID>
          <gpoId>8282</gpoId>
          <bioguideId>C001070</bioguideId>
        </identifiers>
        <middleName />
        <bioguideId>C001070</bioguideId>
        <isOriginalCosponsor>True</isOriginalCosponsor>
        <sponsorshipWithdrawnDate />
      </item>
      <item>
        <state>NV</state>
        <fullName>Sen. Rosen, Jacky [D-NV]</fullName>
        <party>D</party>
        <lastName>Rosen</lastName>
        <firstName>Jacklyn</firstName>
        <sponsorshipDate>2019-05-23</sponsorshipDate>
        <identifiers>
          <gpoId />
          <bioguideId>R000608</bioguideId>
          <lisID>2339</lisID>
        </identifiers>
        <middleName />
        <bioguideId>R000608</bioguideId>
        <isOriginalCosponsor>True</isOriginalCosponsor>
        <sponsorshipWithdrawnDate />
      </item>
      <item>
        <state>MN</state>
        <fullName>Sen. Klobuchar, Amy [D-MN]</fullName>
        <party>D</party>
        <lastName>Klobuchar</lastName>
        <firstName>Amy</firstName>
        <sponsorshipDate>2019-05-23</sponsorshipDate>
        <identifiers>
          <gpoId>8249</gpoId>
          <bioguideId>K000367</bioguideId>
          <lisID>1826</lisID>
        </identifiers>
        <middleName />
        <bioguideId>K000367</bioguideId>
        <isOriginalCosponsor>True</isOriginalCosponsor>
        <sponsorshipWithdrawnDate />
      </item>
      <item>
        <state>NH</state>
        <fullName>Sen. Hassan, Margaret Wood [D-NH]</fullName>
        <party>D</party>
        <lastName>Hassan</lastName>
        <firstName>Margaret</firstName>
        <sponsorshipDate>2019-05-23</sponsorshipDate>
        <identifiers>
          <lisID>2302</lisID>
          <gpoId />
          <bioguideId>H001076</bioguideId>
        </identifiers>
        <middleName>Wood</middleName>
        <bioguideId>H001076</bioguideId>
        <isOriginalCosponsor>True</isOriginalCosponsor>
        <sponsorshipWithdrawnDate />
      </item>
      <item>
        <state>WY</state>
        <fullName>Sen. Barrasso, John [R-WY]</fullName>
        <party>R</party>
        <lastName>Barrasso</lastName>
        <firstName>John</firstName>
        <sponsorshipDate>2019-05-23</sponsorshipDate>
        <identifiers>
          <lisID>1881</lisID>
          <bioguideId>B001261</bioguideId>
          <gpoId>8300</gpoId>
        </identifiers>
        <middleName />
        <bioguideId>B001261</bioguideId>
        <isOriginalCosponsor>True</isOriginalCosponsor>
        <sponsorshipWithdrawnDate />
      </item>
      <item>
        <state>WY</state>
        <fullName>Sen. Enzi, Michael B. [R-WY]</fullName>
        <party>R</party>
        <lastName>ENZI</lastName>
        <firstName>MICHAEL</firstName>
        <sponsorshipDate>2019-05-23</sponsorshipDate>
        <identifiers>
          <bioguideId>E000285</bioguideId>
          <gpoId>8328</gpoId>
          <lisID>1542</lisID>
        </identifiers>
        <middleName>B.</middleName>
        <bioguideId>E000285</bioguideId>
        <isOriginalCosponsor>True</isOriginalCosponsor>
        <sponsorshipWithdrawnDate />
      </item>
      <item>
        <state>IN</state>
        <fullName>Sen. Young, Todd [R-IN]</fullName>
        <party>R</party>
        <lastName>Young</lastName>
        <firstName>Todd</firstName>
        <sponsorshipDate>2019-05-23</sponsorshipDate>
        <identifiers>
          <bioguideId>Y000064</bioguideId>
          <lisID>2019</lisID>
          <gpoId>7948</gpoId>
        </identifiers>
        <middleName />
        <bioguideId>Y000064</bioguideId>
        <isOriginalCosponsor>True</isOriginalCosponsor>
        <sponsorshipWithdrawnDate />
      </item>
    </cosponsors>
    <subjects>
      <billSubjects>
        <legislativeSubjects>
          <item>
            <name>Adoption and foster care</name>
          </item>
          <item>
            <name>Commemorative events and holidays</name>
          </item>
          <item>
            <name>Congressional tributes</name>
          </item>
          <item>
            <name>Social work, volunteer service, charitable organizations</name>
          </item>
        </legislativeSubjects>
        <policyArea>
          <name>Families</name>
        </policyArea>
      </billSubjects>
    </subjects>
    <amendments />
    <summaries>
      <billSummaries>
        <item>
          <name>Introduced in Senate</name>
          <actionDesc>Introduced in Senate</actionDesc>
          <actionDate>2019-05-23</actionDate>
          <versionCode>00</versionCode>
          <lastSummaryUpdateDate>2019-05-31T13:59:09Z</lastSummaryUpdateDate>
          <text><![CDATA[<p>This resolution expresses support for the designation of National Foster Care Month and for the designation of May 31, 2019, as National Foster Parent Appreciation Day.</p>]]></text>
          <updateDate>2019-05-23T04:00:00Z</updateDate>
        </item>
        <item>
          <name>Passed Senate</name>
          <actionDesc>Passed Senate</actionDesc>
          <actionDate>2019-05-23</actionDate>
          <versionCode>55</versionCode>
          <lastSummaryUpdateDate>2019-05-31T19:40:52Z</lastSummaryUpdateDate>
          <text><![CDATA[<p>This resolution expresses support for the designation of National Foster Care Month and for the designation of May 31, 2019, as National Foster Parent Appreciation Day.</p>]]></text>
          <updateDate>2019-05-23T11:53:24Z</updateDate>
        </item>
      </billSummaries>
    </summaries>
    <createDate>2019-05-24T05:27:12Z</createDate>
    <notes />
    <committeeReports />
    <recordedVotes />
    <introducedDate>2019-05-23</introducedDate>
    <actions>
      <actionTypeCounts>
        <introducedInSenate>1</introducedInSenate>
        <passedAgreedToInSenate>1</passedAgreedToInSenate>
        <passedOrAgreedToInSenateDayOf>1</passedOrAgreedToInSenateDayOf>
      </actionTypeCounts>
      <actionByCounts>
        <senate>3</senate>
      </actionByCounts>
      <item>
        <actionDate>2019-05-23</actionDate>
        <committee />
        <links>
          <link>
            <name>S3118</name>
            <url>https://www.congress.gov/congressional-record/volume-165/senate-section/page/S3118</url>
          </link>
          <link>
            <name>S3127</name>
            <url>https://www.congress.gov/congressional-record/volume-165/senate-section/page/S3127</url>
          </link>
        </links>
        <sourceSystem>
          <name>Senate</name>
          <code>0</code>
        </sourceSystem>
        <text>Submitted in the Senate, considered, and agreed to without amendment and with a preamble by Voice Vote. (consideration: CR S3127; text: CR S3118)</text>
        <type>Floor</type>
      </item>
      <item>
        <links>
          <link>
            <name>S3118</name>
            <url>https://www.congress.gov/congressional-record/volume-165/senate-section/page/S3118</url>
          </link>
          <link>
            <name>S3127</name>
            <url>https://www.congress.gov/congressional-record/volume-165/senate-section/page/S3127</url>
          </link>
        </links>
        <text>Passed/agreed to in Senate: Submitted in the Senate, considered, and agreed to without amendment and with a preamble by Voice Vote.(consideration: CR S3127; text: CR S3118)</text>
        <committee />
        <type>Floor</type>
        <actionDate>2019-05-23</actionDate>
        <sourceSystem>
          <name>Library of Congress</name>
          <code>9</code>
        </sourceSystem>
        <actionCode>17000</actionCode>
      </item>
      <item>
        <links />
        <text>Introduced in Senate</text>
        <committee />
        <type>IntroReferral</type>
        <actionDate>2019-05-23</actionDate>
        <sourceSystem>
          <name>Library of Congress</name>
          <code>9</code>
        </sourceSystem>
        <actionCode>10000</actionCode>
      </item>
    </actions>
    <title>A resolution recognizing National Foster Care Month as an opportunity to raise awareness about the challenges of children in the foster care system, and encouraging Congress to implement policy to improve the lives of children in the foster care system.</title>
    <version>1.0.0</version>
    <policyArea>
      <name>Families</name>
    </policyArea>
    <relatedBills>
      <item>
        <latestAction>
          <actionDate>2019-05-01</actionDate>
          <text>Referred to the House Committee on Ways and Means.</text>
        </latestAction>
        <congress>116</congress>
        <number>340</number>
        <latestTitle>Recognizing National Foster Care Month as an opportunity to raise awareness about the challenges of children in the foster care system, and encouraging Congress to implement policy to improve the lives of children in the foster care system.</latestTitle>
        <type>HRES</type>
        <relationshipDetails>
          <item>
            <identifiedBy>CRS</identifiedBy>
            <type>Related bill</type>
          </item>
        </relationshipDetails>
      </item>
    </relatedBills>
    <titles>
      <item>
        <parentTitleType />
        <chamberCode />
        <title>A resolution recognizing National Foster Care Month as an opportunity to raise awareness about the challenges of children in the foster care system, and encouraging Congress to implement policy to improve the lives of children in the foster care system.</title>
        <titleType>Official Title as Introduced</titleType>
        <chamberName />
      </item>
      <item>
        <parentTitleType />
        <chamberCode />
        <title>A resolution recognizing National Foster Care Month as an opportunity to raise awareness about the challenges of children in the foster care system, and encouraging Congress to implement policy to improve the lives of children in the foster care system.</title>
        <titleType>Display Title</titleType>
        <chamberName />
      </item>
    </titles>
  </bill>
  <dublinCore xmlns:dc="http://purl.org/dc/elements/1.1/">
    <dc:format>text/xml</dc:format>
    <dc:language>EN</dc:language>
    <dc:rights>Pursuant to Title 17 Section 105 of the United States Code, this file is not subject to copyright protection and is in the public domain.</dc:rights>
    <dc:contributor>Congressional Research Service, Library of Congress</dc:contributor>
    <dc:description>This file contains bill summaries and statuses for federal legislation. A bill summary describes the most significant provisions of a piece of legislation and details the effects the legislative text may have on current law and federal programs. Bill summaries are authored by the Congressional Research Service (CRS) of the Library of Congress. As stated in Public Law 91-510 (2 USC 166 (d)(6)), one of the duties of CRS is "to prepare summaries and digests of bills and resolutions of a public general nature introduced in the Senate or House of Representatives". For more information, refer to the User Guide that accompanies this file.</dc:description>
  </dublinCore>
</billStatus>

