<?xml version="1.0" encoding="UTF-8"?>
<billStatus>
  <bill>
    <cboCostEstimates />
    <billNumber>72</billNumber>
    <amendments />
    <originChamber>Senate</originChamber>
    <version>1.0.0</version>
    <latestAction>
      <links />
      <actionDate>2019-03-26</actionDate>
      <text>Resolution agreed to in Senate without amendment and with a preamble by Unanimous Consent. (text: CR 2/14/2019 S1387-1388)</text>
    </latestAction>
    <calendarNumbers />
    <summaries>
      <billSummaries />
    </summaries>
    <committees>
      <billCommittees>
        <item>
          <systemCode>ssas00</systemCode>
          <chamber>Senate</chamber>
          <activities>
            <item>
              <date>2019-03-26T22:09:48Z</date>
              <name>Discharged from</name>
            </item>
            <item>
              <date>2019-02-14T20:51:14Z</date>
              <name>Referred to</name>
            </item>
          </activities>
          <type>Standing</type>
          <name>Armed Services Committee</name>
          <subcommittees />
        </item>
      </billCommittees>
    </committees>
    <sponsors>
      <item>
        <byRequestType />
        <middleName>Alfred</middleName>
        <bioguideId>P000612</bioguideId>
        <party>R</party>
        <state>GA</state>
        <lastName>Perdue</lastName>
        <fullName>Sen. Perdue, David [R-GA]</fullName>
        <identifiers>
          <lisID>2286</lisID>
          <bioguideId>P000612</bioguideId>
          <gpoId />
        </identifiers>
        <firstName>David</firstName>
      </item>
    </sponsors>
    <relatedBills />
    <introducedDate>2019-02-14</introducedDate>
    <subjects>
      <billSubjects>
        <policyArea>
          <name>Armed Forces and National Security</name>
        </policyArea>
        <legislativeSubjects>
          <item>
            <name>Alabama</name>
          </item>
          <item>
            <name>Commemorative events and holidays</name>
          </item>
          <item>
            <name>Congressional tributes</name>
          </item>
          <item>
            <name>Georgia</name>
          </item>
          <item>
            <name>Military education and training</name>
          </item>
          <item>
            <name>Military facilities and property</name>
          </item>
          <item>
            <name>Military personnel and dependents</name>
          </item>
        </legislativeSubjects>
      </billSubjects>
    </subjects>
    <createDate>2019-02-15T12:40:18Z</createDate>
    <laws />
    <actions>
      <actionByCounts>
        <senate>6</senate>
      </actionByCounts>
      <actionTypeCounts>
        <referredToCommittee>1</referredToCommittee>
        <introducedInSenate>1</introducedInSenate>
        <passedAgreedToInSenate>1</passedAgreedToInSenate>
        <senateCommitteeDischarged>1</senateCommitteeDischarged>
        <agreedToInSenate>1</agreedToInSenate>
        <committeeDischarged>1</committeeDischarged>
      </actionTypeCounts>
      <item>
        <actionDate>2019-03-26</actionDate>
        <committee />
        <links>
          <link>
            <url>https://www.congress.gov/congressional-record/volume-165/senate-section/page/S1387</url>
            <name>CR 2/14/2019 S1387</name>
          </link>
        </links>
        <sourceSystem>
          <code>0</code>
          <name>Senate</name>
        </sourceSystem>
        <text>Resolution agreed to in Senate without amendment and with a preamble by Unanimous Consent. (text: CR 2/14/2019 S1387-1388)</text>
        <type>Floor</type>
      </item>
      <item>
        <committee />
        <type>Floor</type>
        <sourceSystem>
          <code>9</code>
          <name>Library of Congress</name>
        </sourceSystem>
        <actionCode>17000</actionCode>
        <links>
          <link>
            <url>https://www.congress.gov/congressional-record/volume-165/senate-section/page/S1387</url>
            <name>CR 2/14/2019 S1387</name>
          </link>
        </links>
        <actionDate>2019-03-26</actionDate>
        <text>Passed/agreed to in Senate: Resolution agreed to in Senate without amendment and with a preamble by Unanimous Consent.(text: CR 2/14/2019 S1387-1388)</text>
      </item>
      <item>
        <actionDate>2019-03-26</actionDate>
        <committee>
          <systemCode>ssas00</systemCode>
          <name>Armed Services Committee</name>
        </committee>
        <links>
          <link>
            <url>https://www.congress.gov/congressional-record/volume-165/senate-section/page/S2000</url>
            <name>S2000</name>
          </link>
        </links>
        <sourceSystem>
          <code>0</code>
          <name>Senate</name>
        </sourceSystem>
        <text>Senate Committee on Armed Services discharged by Unanimous Consent. (consideration: CR S2000)</text>
        <type>Discharge</type>
      </item>
      <item>
        <committee>
          <systemCode>ssas00</systemCode>
          <name>Armed Services Committee</name>
        </committee>
        <type>Committee</type>
        <sourceSystem>
          <code>9</code>
          <name>Library of Congress</name>
        </sourceSystem>
        <actionCode>14500</actionCode>
        <links>
          <link>
            <url>https://www.congress.gov/congressional-record/volume-165/senate-section/page/S2000</url>
            <name>S2000</name>
          </link>
        </links>
        <actionDate>2019-03-26</actionDate>
        <text>Senate Committee on Armed Services discharged by Unanimous Consent.(consideration: CR S2000)</text>
      </item>
      <item>
        <actionDate>2019-02-14</actionDate>
        <committee>
          <systemCode>ssas00</systemCode>
          <name>Armed Services Committee</name>
        </committee>
        <links />
        <sourceSystem>
          <code>0</code>
          <name>Senate</name>
        </sourceSystem>
        <text>Referred to the Committee on Armed Services.</text>
        <type>IntroReferral</type>
      </item>
      <item>
        <committee />
        <type>IntroReferral</type>
        <sourceSystem>
          <code>9</code>
          <name>Library of Congress</name>
        </sourceSystem>
        <actionCode>10000</actionCode>
        <links />
        <actionDate>2019-02-14</actionDate>
        <text>Introduced in Senate</text>
      </item>
    </actions>
    <updateDate>2019-05-16T19:48:11Z</updateDate>
    <billType>SRES</billType>
    <title>A resolution honoring the 100th anniversary of Fort Benning in Columbus, Georgia.</title>
    <congress>116</congress>
    <cosponsors>
      <item>
        <fullName>Sen. Jones, Doug  [D-AL]</fullName>
        <isOriginalCosponsor>True</isOriginalCosponsor>
        <middleName />
        <bioguideId>J000300</bioguideId>
        <party>D</party>
        <sponsorshipDate>2019-02-14</sponsorshipDate>
        <state>AL</state>
        <lastName>Jones</lastName>
        <sponsorshipWithdrawnDate />
        <identifiers>
          <bioguideId>J000300</bioguideId>
          <lisID>2364</lisID>
          <gpoId />
        </identifiers>
        <firstName>Doug</firstName>
      </item>
      <item>
        <fullName>Sen. Isakson, Johnny [R-GA]</fullName>
        <isOriginalCosponsor>True</isOriginalCosponsor>
        <middleName />
        <bioguideId>I000055</bioguideId>
        <party>R</party>
        <sponsorshipDate>2019-02-14</sponsorshipDate>
        <state>GA</state>
        <lastName>Isakson</lastName>
        <sponsorshipWithdrawnDate />
        <identifiers>
          <gpoId>8323</gpoId>
          <bioguideId>I000055</bioguideId>
          <lisID>1608</lisID>
        </identifiers>
        <firstName>Johnny</firstName>
      </item>
    </cosponsors>
    <titles>
      <item>
        <titleType>Official Title as Introduced</titleType>
        <chamberCode />
        <title>A resolution honoring the 100th anniversary of Fort Benning in Columbus, Georgia.</title>
        <chamberName />
        <parentTitleType />
      </item>
      <item>
        <titleType>Display Title</titleType>
        <chamberCode />
        <title>A resolution honoring the 100th anniversary of Fort Benning in Columbus, Georgia.</title>
        <chamberName />
        <parentTitleType />
      </item>
    </titles>
    <textVersions>
      <item>
        <date>2019-03-26T04:00:00Z</date>
        <type>Agreed to Senate</type>
        <formats>
          <item>
            <url>https://www.govinfo.gov/content/pkg/BILLS-116sres72ats/xml/BILLS-116sres72ats.xml</url>
          </item>
        </formats>
      </item>
      <item>
        <date>2019-02-14T05:00:00Z</date>
        <type>Introduced in Senate</type>
        <formats>
          <item>
            <url>https://www.govinfo.gov/content/pkg/BILLS-116sres72is/xml/BILLS-116sres72is.xml</url>
          </item>
        </formats>
      </item>
    </textVersions>
    <policyArea>
      <name>Armed Forces and National Security</name>
    </policyArea>
    <recordedVotes />
    <committeeReports />
    <notes />
  </bill>
  <dublinCore xmlns:dc="http://purl.org/dc/elements/1.1/">
    <dc:format>text/xml</dc:format>
    <dc:language>EN</dc:language>
    <dc:rights>Pursuant to Title 17 Section 105 of the United States Code, this file is not subject to copyright protection and is in the public domain.</dc:rights>
    <dc:contributor>Congressional Research Service, Library of Congress</dc:contributor>
    <dc:description>This file contains bill summaries and statuses for federal legislation. A bill summary describes the most significant provisions of a piece of legislation and details the effects the legislative text may have on current law and federal programs. Bill summaries are authored by the Congressional Research Service (CRS) of the Library of Congress. As stated in Public Law 91-510 (2 USC 166 (d)(6)), one of the duties of CRS is "to prepare summaries and digests of bills and resolutions of a public general nature introduced in the Senate or House of Representatives". For more information, refer to the User Guide that accompanies this file.</dc:description>
  </dublinCore>
</billStatus>

