<?xml version="1.0" encoding="UTF-8"?>
<billStatus>
  <bill>
    <notes />
    <title>A resolution expressing support for the designation of 2019 as the "International Year of the Periodic Table of Chemical Elements".</title>
    <congress>116</congress>
    <createDate>2019-07-25T04:42:13Z</createDate>
    <policyArea>
      <name>Science, Technology, Communications</name>
    </policyArea>
    <billNumber>283</billNumber>
    <originChamber>Senate</originChamber>
    <calendarNumbers />
    <cboCostEstimates />
    <amendments />
    <relatedBills>
      <item>
        <relationshipDetails>
          <item>
            <type>Related bill</type>
            <identifiedBy>CRS</identifiedBy>
          </item>
        </relationshipDetails>
        <latestTitle>Expressing support for the designation of 2019 as the "International Year of the Periodic Table of Chemical Elements".</latestTitle>
        <congress>116</congress>
        <type>HRES</type>
        <number>471</number>
        <latestAction>
          <actionDate>2019-06-27</actionDate>
          <text>Referred to the House Committee on Oversight and Reform.</text>
        </latestAction>
      </item>
    </relatedBills>
    <introducedDate>2019-07-24</introducedDate>
    <committees>
      <billCommittees />
    </committees>
    <billType>SRES</billType>
    <recordedVotes />
    <actions>
      <actionTypeCounts>
        <passedAgreedToInSenate>1</passedAgreedToInSenate>
        <introducedInSenate>1</introducedInSenate>
        <passedOrAgreedToInSenateDayOf>1</passedOrAgreedToInSenateDayOf>
      </actionTypeCounts>
      <item>
        <actionDate>2019-07-24</actionDate>
        <committee />
        <links>
          <link>
            <url>https://www.congress.gov/congressional-record/volume-165/senate-section/page/S5070</url>
            <name>S5070</name>
          </link>
          <link>
            <url>https://www.congress.gov/congressional-record/volume-165/senate-section/page/S5071</url>
            <name>S5071</name>
          </link>
        </links>
        <sourceSystem>
          <code>0</code>
          <name>Senate</name>
        </sourceSystem>
        <text>Submitted in the Senate, considered, and agreed to without amendment and with a preamble by Unanimous Consent. (consideration: CR S5071; text: CR S5070)</text>
        <type>Floor</type>
      </item>
      <item>
        <text>Passed/agreed to in Senate: Submitted in the Senate, considered, and agreed to without amendment and with a preamble by Unanimous Consent.(consideration: CR S5071; text: CR S5070)</text>
        <committee />
        <links>
          <link>
            <url>https://www.congress.gov/congressional-record/volume-165/senate-section/page/S5070</url>
            <name>S5070</name>
          </link>
          <link>
            <url>https://www.congress.gov/congressional-record/volume-165/senate-section/page/S5071</url>
            <name>S5071</name>
          </link>
        </links>
        <type>Floor</type>
        <actionCode>17000</actionCode>
        <actionDate>2019-07-24</actionDate>
        <sourceSystem>
          <code>9</code>
          <name>Library of Congress</name>
        </sourceSystem>
      </item>
      <item>
        <text>Introduced in Senate</text>
        <committee />
        <links />
        <type>IntroReferral</type>
        <actionCode>10000</actionCode>
        <actionDate>2019-07-24</actionDate>
        <sourceSystem>
          <code>9</code>
          <name>Library of Congress</name>
        </sourceSystem>
      </item>
      <actionByCounts>
        <senate>3</senate>
      </actionByCounts>
    </actions>
    <updateDate>2019-11-07T11:01:55Z</updateDate>
    <version>1.0.0</version>
    <committeeReports />
    <laws />
    <subjects>
      <billSubjects>
        <legislativeSubjects>
          <item>
            <name>Chemistry</name>
          </item>
          <item>
            <name>Commemorative events and holidays</name>
          </item>
          <item>
            <name>Congressional tributes</name>
          </item>
          <item>
            <name>International scientific cooperation</name>
          </item>
          <item>
            <name>United Nations</name>
          </item>
        </legislativeSubjects>
        <policyArea>
          <name>Science, Technology, Communications</name>
        </policyArea>
      </billSubjects>
    </subjects>
    <sponsors>
      <item>
        <fullName>Sen. Coons, Christopher A. [D-DE]</fullName>
        <lastName>Coons</lastName>
        <middleName>A.</middleName>
        <state>DE</state>
        <bioguideId>C001088</bioguideId>
        <identifiers>
          <bioguideId>C001088</bioguideId>
          <lisID>1984</lisID>
          <gpoId>8297</gpoId>
        </identifiers>
        <firstName>Christopher</firstName>
        <byRequestType />
        <party>D</party>
      </item>
    </sponsors>
    <latestAction>
      <actionDate>2019-07-24</actionDate>
      <links />
      <text>Submitted in the Senate, considered, and agreed to without amendment and with a preamble by Unanimous Consent. (consideration: CR S5071; text: CR S5070)</text>
    </latestAction>
    <summaries>
      <billSummaries>
        <item>
          <name>Introduced in Senate</name>
          <lastSummaryUpdateDate>2019-11-04T22:27:57Z</lastSummaryUpdateDate>
          <actionDate>2019-07-24</actionDate>
          <actionDesc>Introduced in Senate</actionDesc>
          <versionCode>00</versionCode>
          <text><![CDATA[<p>This resolution recognizes and applauds the United Nations for proclaiming 2019 as the &quot;International Year of the Periodic Table of Chemical Elements.&quot;</p> <p>The resolution also commends the global community of chemists for their efforts to (1) advance the field of chemistry, (2) recognize the International Year of the Periodic Table, and (3) participate in events marking such year as an important scientific milestone and global celebration.</p>]]></text>
          <updateDate>2019-07-24T04:00:00Z</updateDate>
        </item>
      </billSummaries>
    </summaries>
    <cosponsors>
      <item>
        <bioguideId>C001047</bioguideId>
        <firstName>SHELLEY</firstName>
        <middleName>MOORE</middleName>
        <party>R</party>
        <lastName>CAPITO</lastName>
        <sponsorshipWithdrawnDate />
        <identifiers>
          <lisID>1676</lisID>
          <bioguideId>C001047</bioguideId>
          <gpoId>8223</gpoId>
        </identifiers>
        <sponsorshipDate>2019-07-24</sponsorshipDate>
        <isOriginalCosponsor>True</isOriginalCosponsor>
        <state>WV</state>
        <fullName>Sen. Capito, Shelley Moore [R-WV]</fullName>
      </item>
      <item>
        <bioguideId>P000595</bioguideId>
        <firstName>Gary</firstName>
        <middleName>C.</middleName>
        <party>D</party>
        <lastName>Peters</lastName>
        <sponsorshipWithdrawnDate />
        <identifiers>
          <lisID>1929</lisID>
          <bioguideId>P000595</bioguideId>
          <gpoId>7994</gpoId>
        </identifiers>
        <sponsorshipDate>2019-07-24</sponsorshipDate>
        <isOriginalCosponsor>True</isOriginalCosponsor>
        <state>MI</state>
        <fullName>Sen. Peters, Gary C. [D-MI]</fullName>
      </item>
      <item>
        <bioguideId>D000618</bioguideId>
        <firstName>Steve</firstName>
        <middleName />
        <party>R</party>
        <lastName>Daines</lastName>
        <sponsorshipWithdrawnDate />
        <identifiers>
          <lisID>2138</lisID>
          <bioguideId>D000618</bioguideId>
          <gpoId />
        </identifiers>
        <sponsorshipDate>2019-07-24</sponsorshipDate>
        <isOriginalCosponsor>True</isOriginalCosponsor>
        <state>MT</state>
        <fullName>Sen. Daines, Steve [R-MT]</fullName>
      </item>
    </cosponsors>
    <textVersions>
      <item>
        <date>2019-07-24T04:00:00Z</date>
        <type>Agreed to Senate</type>
        <formats>
          <item>
            <url>https://www.govinfo.gov/content/pkg/BILLS-116sres283ats/xml/BILLS-116sres283ats.xml</url>
          </item>
        </formats>
      </item>
    </textVersions>
    <titles>
      <item>
        <parentTitleType />
        <chamberName />
        <titleType>Official Title as Introduced</titleType>
        <title>A resolution expressing support for the designation of 2019 as the "International Year of the Periodic Table of Chemical Elements".</title>
        <chamberCode />
      </item>
      <item>
        <parentTitleType />
        <chamberName />
        <titleType>Display Title</titleType>
        <title>A resolution expressing support for the designation of 2019 as the "International Year of the Periodic Table of Chemical Elements".</title>
        <chamberCode />
      </item>
    </titles>
  </bill>
  <dublinCore xmlns:dc="http://purl.org/dc/elements/1.1/">
    <dc:format>text/xml</dc:format>
    <dc:language>EN</dc:language>
    <dc:rights>Pursuant to Title 17 Section 105 of the United States Code, this file is not subject to copyright protection and is in the public domain.</dc:rights>
    <dc:contributor>Congressional Research Service, Library of Congress</dc:contributor>
    <dc:description>This file contains bill summaries and statuses for federal legislation. A bill summary describes the most significant provisions of a piece of legislation and details the effects the legislative text may have on current law and federal programs. Bill summaries are authored by the Congressional Research Service (CRS) of the Library of Congress. As stated in Public Law 91-510 (2 USC 166 (d)(6)), one of the duties of CRS is "to prepare summaries and digests of bills and resolutions of a public general nature introduced in the Senate or House of Representatives". For more information, refer to the User Guide that accompanies this file.</dc:description>
  </dublinCore>
</billStatus>

