<?xml version="1.0" encoding="UTF-8"?>
<billStatus>
  <bill>
    <billNumber>43</billNumber>
    <committeeReports />
    <cboCostEstimates />
    <summaries>
      <billSummaries />
    </summaries>
    <notes />
    <createDate>2019-02-06T06:10:14Z</createDate>
    <cosponsors>
      <item>
        <party>R</party>
        <lastName>ROBERTS</lastName>
        <firstName>PAT</firstName>
        <bioguideId>R000307</bioguideId>
        <state>KS</state>
        <sponsorshipDate>2019-02-05</sponsorshipDate>
        <fullName>Sen. Roberts, Pat [R-KS]</fullName>
        <identifiers>
          <lisID>968</lisID>
          <gpoId>8275</gpoId>
          <bioguideId>R000307</bioguideId>
        </identifiers>
        <middleName />
        <sponsorshipWithdrawnDate />
        <isOriginalCosponsor>True</isOriginalCosponsor>
      </item>
    </cosponsors>
    <originChamber>Senate</originChamber>
    <amendments />
    <updateDate>2019-11-15T21:59:44Z</updateDate>
    <relatedBills>
      <item>
        <congress>116</congress>
        <latestAction>
          <actionDate>2019-02-05</actionDate>
          <text>Referred to the House Committee on Oversight and Reform.</text>
        </latestAction>
        <number>101</number>
        <type>HRES</type>
        <latestTitle>Honoring the 150th anniversary of the establishment of Lindsborg, Kansas.</latestTitle>
        <relationshipDetails>
          <item>
            <type>Identical bill</type>
            <identifiedBy>CRS</identifiedBy>
          </item>
        </relationshipDetails>
      </item>
    </relatedBills>
    <latestAction>
      <text>Resolution agreed to in Senate without amendment and with a preamble by Unanimous Consent. (text: CR 2/5/2019 S870)</text>
      <actionDate>2019-02-28</actionDate>
      <links />
    </latestAction>
    <introducedDate>2019-02-05</introducedDate>
    <laws />
    <subjects>
      <billSubjects>
        <policyArea>
          <name>Government Operations and Politics</name>
        </policyArea>
        <legislativeSubjects>
          <item>
            <name>Commemorative events and holidays</name>
          </item>
          <item>
            <name>Cultural exchanges and relations</name>
          </item>
          <item>
            <name>Europe</name>
          </item>
          <item>
            <name>Kansas</name>
          </item>
          <item>
            <name>Sweden</name>
          </item>
          <item>
            <name>U.S. history</name>
          </item>
        </legislativeSubjects>
      </billSubjects>
    </subjects>
    <calendarNumbers />
    <textVersions>
      <item>
        <date>2019-02-28T05:00:00Z</date>
        <type>Agreed to Senate</type>
        <formats>
          <item>
            <url>https://www.govinfo.gov/content/pkg/BILLS-116sres43ats/xml/BILLS-116sres43ats.xml</url>
          </item>
        </formats>
      </item>
      <item>
        <date>2019-02-05T05:00:00Z</date>
        <type>Introduced in Senate</type>
        <formats>
          <item>
            <url>https://www.govinfo.gov/content/pkg/BILLS-116sres43is/xml/BILLS-116sres43is.xml</url>
          </item>
        </formats>
      </item>
    </textVersions>
    <version>1.0.0</version>
    <policyArea>
      <name>Government Operations and Politics</name>
    </policyArea>
    <recordedVotes />
    <sponsors>
      <item>
        <bioguideId>M000934</bioguideId>
        <state>KS</state>
        <party>R</party>
        <fullName>Sen. Moran, Jerry [R-KS]</fullName>
        <firstName>Jerry</firstName>
        <lastName>Moran</lastName>
        <byRequestType />
        <middleName />
        <identifiers>
          <bioguideId>M000934</bioguideId>
          <lisID>1507</lisID>
          <gpoId>8307</gpoId>
        </identifiers>
      </item>
    </sponsors>
    <billType>SRES</billType>
    <title>A resolution honoring the 150th anniversary of the establishment of Lindsborg, Kansas.</title>
    <congress>116</congress>
    <committees>
      <billCommittees>
        <item>
          <type>Standing</type>
          <chamber>Senate</chamber>
          <systemCode>ssju00</systemCode>
          <name>Judiciary Committee</name>
          <activities>
            <item>
              <name>Discharged from</name>
              <date>2019-02-28T23:07:58Z</date>
            </item>
            <item>
              <name>Referred to</name>
              <date>2019-02-05T19:43:06Z</date>
            </item>
          </activities>
          <subcommittees />
        </item>
      </billCommittees>
    </committees>
    <actions>
      <actionByCounts>
        <senate>6</senate>
      </actionByCounts>
      <item>
        <actionDate>2019-02-28</actionDate>
        <committee />
        <links>
          <link>
            <name>CR 2/5/2019 S870</name>
            <url>https://www.congress.gov/congressional-record/volume-165/senate-section/page/S870</url>
          </link>
        </links>
        <sourceSystem>
          <name>Senate</name>
          <code>0</code>
        </sourceSystem>
        <text>Resolution agreed to in Senate without amendment and with a preamble by Unanimous Consent. (text: CR 2/5/2019 S870)</text>
        <type>Floor</type>
      </item>
      <item>
        <committee />
        <type>Floor</type>
        <actionDate>2019-02-28</actionDate>
        <actionCode>17000</actionCode>
        <text>Passed/agreed to in Senate: Resolution agreed to in Senate without amendment and with a preamble by Unanimous Consent.(text: CR 2/5/2019 S870)</text>
        <links>
          <link>
            <name>CR 2/5/2019 S870</name>
            <url>https://www.congress.gov/congressional-record/volume-165/senate-section/page/S870</url>
          </link>
        </links>
        <sourceSystem>
          <name>Library of Congress</name>
          <code>9</code>
        </sourceSystem>
      </item>
      <item>
        <actionDate>2019-02-28</actionDate>
        <committee>
          <systemCode>ssju00</systemCode>
          <name>Judiciary Committee</name>
        </committee>
        <links>
          <link>
            <name>S1606</name>
            <url>https://www.congress.gov/congressional-record/volume-165/senate-section/page/S1606</url>
          </link>
        </links>
        <sourceSystem>
          <name>Senate</name>
          <code>0</code>
        </sourceSystem>
        <text>Senate Committee on the Judiciary discharged by Unanimous Consent. (consideration: CR S1606)</text>
        <type>Discharge</type>
      </item>
      <item>
        <committee>
          <systemCode>ssju00</systemCode>
          <name>Judiciary Committee</name>
        </committee>
        <text>Senate Committee on the Judiciary discharged by Unanimous Consent.(consideration: CR S1606)</text>
        <actionDate>2019-02-28</actionDate>
        <actionCode>14500</actionCode>
        <type>Committee</type>
        <links>
          <link>
            <name>S1606</name>
            <url>https://www.congress.gov/congressional-record/volume-165/senate-section/page/S1606</url>
          </link>
        </links>
        <sourceSystem>
          <name>Library of Congress</name>
          <code>9</code>
        </sourceSystem>
      </item>
      <item>
        <actionDate>2019-02-05</actionDate>
        <committee>
          <systemCode>ssju00</systemCode>
          <name>Judiciary Committee</name>
        </committee>
        <links />
        <sourceSystem>
          <name>Senate</name>
          <code>0</code>
        </sourceSystem>
        <text>Referred to the Committee on the Judiciary.</text>
        <type>IntroReferral</type>
      </item>
      <item>
        <committee />
        <type>IntroReferral</type>
        <actionDate>2019-02-05</actionDate>
        <actionCode>10000</actionCode>
        <text>Introduced in Senate</text>
        <links />
        <sourceSystem>
          <name>Library of Congress</name>
          <code>9</code>
        </sourceSystem>
      </item>
      <actionTypeCounts>
        <senateCommitteeDischarged>1</senateCommitteeDischarged>
        <agreedToInSenate>1</agreedToInSenate>
        <passedAgreedToInSenate>1</passedAgreedToInSenate>
        <referredToCommittee>1</referredToCommittee>
        <introducedInSenate>1</introducedInSenate>
        <committeeDischarged>1</committeeDischarged>
      </actionTypeCounts>
    </actions>
    <titles>
      <item>
        <title>A resolution honoring the 150th anniversary of the establishment of Lindsborg, Kansas.</title>
        <parentTitleType />
        <titleType>Official Title as Introduced</titleType>
        <chamberName />
        <chamberCode />
      </item>
      <item>
        <title>A resolution honoring the 150th anniversary of the establishment of Lindsborg, Kansas.</title>
        <parentTitleType />
        <titleType>Display Title</titleType>
        <chamberName />
        <chamberCode />
      </item>
    </titles>
  </bill>
  <dublinCore xmlns:dc="http://purl.org/dc/elements/1.1/">
    <dc:format>text/xml</dc:format>
    <dc:language>EN</dc:language>
    <dc:rights>Pursuant to Title 17 Section 105 of the United States Code, this file is not subject to copyright protection and is in the public domain.</dc:rights>
    <dc:contributor>Congressional Research Service, Library of Congress</dc:contributor>
    <dc:description>This file contains bill summaries and statuses for federal legislation. A bill summary describes the most significant provisions of a piece of legislation and details the effects the legislative text may have on current law and federal programs. Bill summaries are authored by the Congressional Research Service (CRS) of the Library of Congress. As stated in Public Law 91-510 (2 USC 166 (d)(6)), one of the duties of CRS is "to prepare summaries and digests of bills and resolutions of a public general nature introduced in the Senate or House of Representatives". For more information, refer to the User Guide that accompanies this file.</dc:description>
  </dublinCore>
</billStatus>

