<?xml version="1.0" encoding="UTF-8"?>
<billStatus>
  <bill>
    <version>1.0.0</version>
    <notes />
    <committeeReports />
    <policyArea>
      <name>Congress</name>
    </policyArea>
    <billNumber>139</billNumber>
    <actions>
      <actionTypeCounts>
        <introducedInSenate>1</introducedInSenate>
        <passedAgreedToInSenate>1</passedAgreedToInSenate>
        <passedOrAgreedToInSenateDayOf>1</passedOrAgreedToInSenateDayOf>
      </actionTypeCounts>
      <item>
        <actionDate>2019-04-02</actionDate>
        <committee />
        <links>
          <link>
            <url>https://www.congress.gov/congressional-record/volume-165/senate-section/page/S2194</url>
            <name>S2194</name>
          </link>
          <link>
            <url>https://www.congress.gov/congressional-record/volume-165/senate-section/page/S2204</url>
            <name>S2204</name>
          </link>
        </links>
        <sourceSystem>
          <code>0</code>
          <name>Senate</name>
        </sourceSystem>
        <text>Submitted in the Senate, considered, and agreed to without amendment and with a preamble by Unanimous Consent. (consideration: CR S2204; text: CR S2194)</text>
        <type>Floor</type>
      </item>
      <item>
        <text>Passed/agreed to in Senate: Submitted in the Senate, considered, and agreed to without amendment and with a preamble by Unanimous Consent.(consideration: CR S2204; text: CR S2194)</text>
        <actionDate>2019-04-02</actionDate>
        <links>
          <link>
            <url>https://www.congress.gov/congressional-record/volume-165/senate-section/page/S2194</url>
            <name>S2194</name>
          </link>
          <link>
            <url>https://www.congress.gov/congressional-record/volume-165/senate-section/page/S2204</url>
            <name>S2204</name>
          </link>
        </links>
        <type>Floor</type>
        <actionCode>17000</actionCode>
        <sourceSystem>
          <code>9</code>
          <name>Library of Congress</name>
        </sourceSystem>
        <committee />
      </item>
      <item>
        <text>Introduced in Senate</text>
        <actionDate>2019-04-02</actionDate>
        <links />
        <type>IntroReferral</type>
        <actionCode>10000</actionCode>
        <sourceSystem>
          <code>9</code>
          <name>Library of Congress</name>
        </sourceSystem>
        <committee />
      </item>
      <actionByCounts>
        <senate>3</senate>
      </actionByCounts>
    </actions>
    <titles>
      <item>
        <title>A resolution to authorize the production of records by the Permanent Subcommittee on Investigations of the Committee on Homeland Security and Governmental Affairs.</title>
        <chamberCode />
        <titleType>Official Title as Introduced</titleType>
        <chamberName />
        <parentTitleType />
      </item>
      <item>
        <title>A resolution to authorize the production of records by the Permanent Subcommittee on Investigations of the Committee on Homeland Security and Governmental Affairs.</title>
        <chamberCode />
        <titleType>Display Title</titleType>
        <chamberName />
        <parentTitleType />
      </item>
    </titles>
    <congress>116</congress>
    <recordedVotes />
    <latestAction>
      <links />
      <actionDate>2019-04-02</actionDate>
      <text>Submitted in the Senate, considered, and agreed to without amendment and with a preamble by Unanimous Consent. (consideration: CR S2204; text: CR S2194)</text>
    </latestAction>
    <laws />
    <introducedDate>2019-04-02</introducedDate>
    <sponsors>
      <item>
        <byRequestType />
        <fullName>Sen. McConnell, Mitch [R-KY]</fullName>
        <identifiers>
          <gpoId>8254</gpoId>
          <lisID>1395</lisID>
          <bioguideId>M000355</bioguideId>
        </identifiers>
        <bioguideId>M000355</bioguideId>
        <firstName>MITCH</firstName>
        <party>R</party>
        <lastName>MCCONNELL</lastName>
        <middleName />
        <state>KY</state>
      </item>
    </sponsors>
    <title>A resolution to authorize the production of records by the Permanent Subcommittee on Investigations of the Committee on Homeland Security and Governmental Affairs.</title>
    <subjects>
      <billSubjects>
        <legislativeSubjects>
          <item>
            <name>Computer security and identity theft</name>
          </item>
          <item>
            <name>Congressional committees</name>
          </item>
          <item>
            <name>Congressional oversight</name>
          </item>
          <item>
            <name>Consumer credit</name>
          </item>
          <item>
            <name>Criminal investigation, prosecution, interrogation</name>
          </item>
          <item>
            <name>Evidence and witnesses</name>
          </item>
          <item>
            <name>Government studies and investigations</name>
          </item>
          <item>
            <name>Senate Committee on Homeland Security and Governmental Affairs</name>
          </item>
        </legislativeSubjects>
        <policyArea>
          <name>Congress</name>
        </policyArea>
      </billSubjects>
    </subjects>
    <updateDate>2019-10-24T13:17:32Z</updateDate>
    <summaries>
      <billSummaries>
        <item>
          <versionCode>00</versionCode>
          <actionDate>2019-04-02</actionDate>
          <name>Introduced in Senate</name>
          <lastSummaryUpdateDate>2019-04-11T19:22:48Z</lastSummaryUpdateDate>
          <text><![CDATA[<p>This resolution authorizes the chairman and ranking minority member of the Permanent Subcommittee on Investigations of the Committee on Homeland Security and Governmental Affairs to provide records of the subcommittee's investigation into the Equifax data breach to the Federal Trade Commission and other law enforcement officials, regulatory agencies, and entities or individuals duly authorized by federal or state governments.</p>]]></text>
          <actionDesc>Introduced in Senate</actionDesc>
          <updateDate>2019-04-02T04:00:00Z</updateDate>
        </item>
        <item>
          <versionCode>55</versionCode>
          <actionDate>2019-04-02</actionDate>
          <name>Passed Senate</name>
          <lastSummaryUpdateDate>2019-09-16T14:43:58Z</lastSummaryUpdateDate>
          <text><![CDATA[<p>This resolution authorizes the chairman and ranking minority member of the Permanent Subcommittee on Investigations of the Committee on Homeland Security and Governmental Affairs to provide records of the subcommittee's investigation into the Equifax data breach to the Federal Trade Commission and other law enforcement officials, regulatory agencies, and entities or individuals duly authorized by federal or state governments.</p>]]></text>
          <actionDesc>Passed Senate</actionDesc>
          <updateDate>2019-04-02T13:15:36Z</updateDate>
        </item>
      </billSummaries>
    </summaries>
    <textVersions>
      <item>
        <formats>
          <item>
            <url>https://www.govinfo.gov/content/pkg/BILLS-116sres139ats/xml/BILLS-116sres139ats.xml</url>
          </item>
        </formats>
        <type>Agreed to Senate</type>
        <date>2019-04-02T04:00:00Z</date>
      </item>
    </textVersions>
    <cboCostEstimates />
    <cosponsors>
      <item>
        <bioguideId>S000148</bioguideId>
        <sponsorshipWithdrawnDate />
        <lastName>SCHUMER</lastName>
        <state>NY</state>
        <fullName>Sen. Schumer, Charles E. [D-NY]</fullName>
        <firstName>CHARLES</firstName>
        <sponsorshipDate>2019-04-02</sponsorshipDate>
        <identifiers>
          <bioguideId>S000148</bioguideId>
          <lisID>1036</lisID>
          <gpoId>8279</gpoId>
        </identifiers>
        <middleName>E.</middleName>
        <isOriginalCosponsor>True</isOriginalCosponsor>
        <party>D</party>
      </item>
    </cosponsors>
    <billType>SRES</billType>
    <calendarNumbers />
    <relatedBills>
      <item>
        <congress>116</congress>
        <latestAction>
          <text>Submitted in the Senate, considered, and agreed to without amendment and with a preamble by Unanimous Consent. (Sponsor introductory remarks on measure: CR S5927; consideration: CR S5927; text: CR S5926)</text>
          <actionDate>2019-10-21</actionDate>
        </latestAction>
        <relationshipDetails>
          <item>
            <type>Related bill</type>
            <identifiedBy>CRS</identifiedBy>
          </item>
        </relationshipDetails>
        <latestTitle>A resolution to authorize the production of records by the Permanent Subcommittee on Investigations of the Committee on Homeland Security and Governmental Affairs.</latestTitle>
        <number>368</number>
        <type>SRES</type>
      </item>
    </relatedBills>
    <createDate>2019-04-03T04:42:06Z</createDate>
    <amendments />
    <originChamber>Senate</originChamber>
    <committees>
      <billCommittees />
    </committees>
  </bill>
  <dublinCore xmlns:dc="http://purl.org/dc/elements/1.1/">
    <dc:format>text/xml</dc:format>
    <dc:language>EN</dc:language>
    <dc:rights>Pursuant to Title 17 Section 105 of the United States Code, this file is not subject to copyright protection and is in the public domain.</dc:rights>
    <dc:contributor>Congressional Research Service, Library of Congress</dc:contributor>
    <dc:description>This file contains bill summaries and statuses for federal legislation. A bill summary describes the most significant provisions of a piece of legislation and details the effects the legislative text may have on current law and federal programs. Bill summaries are authored by the Congressional Research Service (CRS) of the Library of Congress. As stated in Public Law 91-510 (2 USC 166 (d)(6)), one of the duties of CRS is "to prepare summaries and digests of bills and resolutions of a public general nature introduced in the Senate or House of Representatives". For more information, refer to the User Guide that accompanies this file.</dc:description>
  </dublinCore>
</billStatus>

