<?xml version="1.0" encoding="UTF-8"?>
<billStatus>
  <bill>
    <introducedDate>2019-10-31</introducedDate>
    <latestAction>
      <text>Submitted in the Senate, considered, and agreed to without amendment and with a preamble by Unanimous Consent. (consideration: CR S6357; text: CR S6342)</text>
      <actionDate>2019-10-31</actionDate>
      <links />
    </latestAction>
    <summaries>
      <billSummaries />
    </summaries>
    <subjects>
      <billSubjects>
        <legislativeSubjects>
          <item>
            <name>Commemorative events and holidays</name>
          </item>
          <item>
            <name>Retail and wholesale trades</name>
          </item>
          <item>
            <name>Small business</name>
          </item>
          <item>
            <name>Women in business</name>
          </item>
        </legislativeSubjects>
        <policyArea>
          <name>Commerce</name>
        </policyArea>
      </billSubjects>
    </subjects>
    <relatedBills />
    <textVersions>
      <item>
        <type>Agreed to Senate</type>
        <date>2019-10-31T04:00:00Z</date>
        <formats>
          <item>
            <url>https://www.govinfo.gov/content/pkg/BILLS-116sres400ats/xml/BILLS-116sres400ats.xml</url>
          </item>
        </formats>
      </item>
    </textVersions>
    <notes />
    <billNumber>400</billNumber>
    <createDate>2019-11-01T04:57:37Z</createDate>
    <amendments />
    <originChamber>Senate</originChamber>
    <title>A resolution recognizing October 2019 as "National Women's Small Business Month".</title>
    <committeeReports />
    <calendarNumbers />
    <version>1.0.0</version>
    <titles>
      <item>
        <titleType>Official Title as Introduced</titleType>
        <chamberCode />
        <title>A resolution recognizing October 2019 as "National Women's Small Business Month".</title>
        <chamberName />
        <parentTitleType />
      </item>
      <item>
        <titleType>Display Title</titleType>
        <chamberCode />
        <title>A resolution recognizing October 2019 as "National Women's Small Business Month".</title>
        <chamberName />
        <parentTitleType />
      </item>
    </titles>
    <policyArea>
      <name>Commerce</name>
    </policyArea>
    <cboCostEstimates />
    <sponsors>
      <item>
        <lastName>Rubio</lastName>
        <fullName>Sen. Rubio, Marco [R-FL]</fullName>
        <party>R</party>
        <byRequestType />
        <firstName>Marco</firstName>
        <state>FL</state>
        <identifiers>
          <lisID>2084</lisID>
          <bioguideId>R000595</bioguideId>
          <gpoId>8242</gpoId>
        </identifiers>
        <bioguideId>R000595</bioguideId>
        <middleName />
      </item>
    </sponsors>
    <cosponsors>
      <item>
        <bioguideId>C000141</bioguideId>
        <firstName>BENJAMIN</firstName>
        <middleName>L.</middleName>
        <party>D</party>
        <lastName>CARDIN</lastName>
        <sponsorshipWithdrawnDate />
        <identifiers>
          <lisID>174</lisID>
          <gpoId>8287</gpoId>
          <bioguideId>C000141</bioguideId>
        </identifiers>
        <sponsorshipDate>2019-10-31</sponsorshipDate>
        <isOriginalCosponsor>True</isOriginalCosponsor>
        <state>MD</state>
        <fullName>Sen. Cardin, Benjamin L. [D-MD]</fullName>
      </item>
      <item>
        <bioguideId>B001310</bioguideId>
        <firstName>Mike</firstName>
        <middleName />
        <party>R</party>
        <lastName>Braun</lastName>
        <sponsorshipWithdrawnDate />
        <identifiers>
          <lisID>2462</lisID>
          <gpoId />
          <bioguideId>B001310</bioguideId>
        </identifiers>
        <sponsorshipDate>2019-10-31</sponsorshipDate>
        <isOriginalCosponsor>True</isOriginalCosponsor>
        <state>IN</state>
        <fullName>Sen. Braun, Mike  [R-IN]</fullName>
      </item>
      <item>
        <bioguideId>C000127</bioguideId>
        <firstName>MARIA</firstName>
        <middleName />
        <party>D</party>
        <lastName>CANTWELL</lastName>
        <sponsorshipWithdrawnDate />
        <identifiers>
          <lisID>172</lisID>
          <bioguideId>C000127</bioguideId>
          <gpoId>8288</gpoId>
        </identifiers>
        <sponsorshipDate>2019-10-31</sponsorshipDate>
        <isOriginalCosponsor>True</isOriginalCosponsor>
        <state>WA</state>
        <fullName>Sen. Cantwell, Maria [D-WA]</fullName>
      </item>
      <item>
        <bioguideId>G000386</bioguideId>
        <firstName>CHARLES</firstName>
        <middleName>ERNEST</middleName>
        <party>R</party>
        <lastName>GRASSLEY</lastName>
        <sponsorshipWithdrawnDate />
        <identifiers>
          <bioguideId>G000386</bioguideId>
          <lisID>457</lisID>
          <gpoId>8316</gpoId>
        </identifiers>
        <sponsorshipDate>2019-10-31</sponsorshipDate>
        <isOriginalCosponsor>True</isOriginalCosponsor>
        <state>IA</state>
        <fullName>Sen. Grassley, Chuck [R-IA]</fullName>
      </item>
      <item>
        <bioguideId>C001088</bioguideId>
        <firstName>Christopher</firstName>
        <middleName>A.</middleName>
        <party>D</party>
        <lastName>Coons</lastName>
        <sponsorshipWithdrawnDate />
        <identifiers>
          <bioguideId>C001088</bioguideId>
          <lisID>1984</lisID>
          <gpoId>8297</gpoId>
        </identifiers>
        <sponsorshipDate>2019-10-31</sponsorshipDate>
        <isOriginalCosponsor>True</isOriginalCosponsor>
        <state>DE</state>
        <fullName>Sen. Coons, Christopher A. [D-DE]</fullName>
      </item>
      <item>
        <bioguideId>R000584</bioguideId>
        <firstName>James</firstName>
        <middleName>E.</middleName>
        <party>R</party>
        <lastName>Risch</lastName>
        <sponsorshipWithdrawnDate />
        <identifiers>
          <lisID>1896</lisID>
          <bioguideId>R000584</bioguideId>
          <gpoId>8274</gpoId>
        </identifiers>
        <sponsorshipDate>2019-10-31</sponsorshipDate>
        <isOriginalCosponsor>True</isOriginalCosponsor>
        <state>ID</state>
        <fullName>Sen. Risch, James E. [R-ID]</fullName>
      </item>
      <item>
        <bioguideId>H001042</bioguideId>
        <firstName>Mazie</firstName>
        <middleName>K.</middleName>
        <party>D</party>
        <lastName>Hirono</lastName>
        <sponsorshipWithdrawnDate />
        <identifiers>
          <lisID>1844</lisID>
          <bioguideId>H001042</bioguideId>
          <gpoId>7913</gpoId>
        </identifiers>
        <sponsorshipDate>2019-10-31</sponsorshipDate>
        <isOriginalCosponsor>True</isOriginalCosponsor>
        <state>HI</state>
        <fullName>Sen. Hirono, Mazie K. [D-HI]</fullName>
      </item>
      <item>
        <bioguideId>K000393</bioguideId>
        <firstName>John</firstName>
        <middleName>Neely</middleName>
        <party>R</party>
        <lastName>Kennedy</lastName>
        <sponsorshipWithdrawnDate />
        <identifiers>
          <lisID>2303</lisID>
          <bioguideId>K000393</bioguideId>
          <gpoId />
        </identifiers>
        <sponsorshipDate>2019-10-31</sponsorshipDate>
        <isOriginalCosponsor>True</isOriginalCosponsor>
        <state>LA</state>
        <fullName>Sen. Kennedy, John [R-LA]</fullName>
      </item>
      <item>
        <bioguideId>D000622</bioguideId>
        <firstName>Tammy</firstName>
        <middleName />
        <party>D</party>
        <lastName>Duckworth</lastName>
        <sponsorshipWithdrawnDate />
        <identifiers>
          <lisID>2123</lisID>
          <gpoId />
          <bioguideId>D000622</bioguideId>
        </identifiers>
        <sponsorshipDate>2019-10-31</sponsorshipDate>
        <isOriginalCosponsor>True</isOriginalCosponsor>
        <state>IL</state>
        <fullName>Sen. Duckworth, Tammy [D-IL]</fullName>
      </item>
      <item>
        <bioguideId>C001047</bioguideId>
        <firstName>SHELLEY</firstName>
        <middleName>MOORE</middleName>
        <party>R</party>
        <lastName>CAPITO</lastName>
        <sponsorshipWithdrawnDate />
        <identifiers>
          <lisID>1676</lisID>
          <bioguideId>C001047</bioguideId>
          <gpoId>8223</gpoId>
        </identifiers>
        <sponsorshipDate>2019-10-31</sponsorshipDate>
        <isOriginalCosponsor>True</isOriginalCosponsor>
        <state>WV</state>
        <fullName>Sen. Capito, Shelley Moore [R-WV]</fullName>
      </item>
      <item>
        <bioguideId>R000608</bioguideId>
        <firstName>Jacklyn</firstName>
        <middleName />
        <party>D</party>
        <lastName>Rosen</lastName>
        <sponsorshipWithdrawnDate />
        <identifiers>
          <lisID>2339</lisID>
          <bioguideId>R000608</bioguideId>
          <gpoId />
        </identifiers>
        <sponsorshipDate>2019-10-31</sponsorshipDate>
        <isOriginalCosponsor>True</isOriginalCosponsor>
        <state>NV</state>
        <fullName>Sen. Rosen, Jacky [D-NV]</fullName>
      </item>
      <item>
        <bioguideId>S001217</bioguideId>
        <firstName>Rick</firstName>
        <middleName />
        <party>R</party>
        <lastName>Scott</lastName>
        <sponsorshipWithdrawnDate />
        <identifiers>
          <bioguideId>S001217</bioguideId>
          <lisID>2470</lisID>
          <gpoId />
        </identifiers>
        <sponsorshipDate>2019-10-31</sponsorshipDate>
        <isOriginalCosponsor>True</isOriginalCosponsor>
        <state>FL</state>
        <fullName>Sen. Scott, Rick  [R-FL]</fullName>
      </item>
      <item>
        <bioguideId>F000062</bioguideId>
        <firstName>DIANNE</firstName>
        <middleName />
        <party>D</party>
        <lastName>FEINSTEIN</lastName>
        <sponsorshipWithdrawnDate />
        <identifiers>
          <lisID>1332</lisID>
          <bioguideId>F000062</bioguideId>
          <gpoId>8338</gpoId>
        </identifiers>
        <sponsorshipDate>2019-10-31</sponsorshipDate>
        <isOriginalCosponsor>True</isOriginalCosponsor>
        <state>CA</state>
        <fullName>Sen. Feinstein, Dianne [D-CA]</fullName>
      </item>
      <item>
        <bioguideId>G000562</bioguideId>
        <firstName>Cory</firstName>
        <middleName />
        <party>R</party>
        <lastName>Gardner</lastName>
        <sponsorshipWithdrawnDate />
        <identifiers>
          <bioguideId>G000562</bioguideId>
          <lisID>1998</lisID>
          <gpoId>7862</gpoId>
        </identifiers>
        <sponsorshipDate>2019-10-31</sponsorshipDate>
        <isOriginalCosponsor>True</isOriginalCosponsor>
        <state>CO</state>
        <fullName>Sen. Gardner, Cory [R-CO]</fullName>
      </item>
      <item>
        <bioguideId>W000779</bioguideId>
        <firstName>RON</firstName>
        <middleName />
        <party>D</party>
        <lastName>WYDEN</lastName>
        <sponsorshipWithdrawnDate />
        <identifiers>
          <lisID>1247</lisID>
          <bioguideId>W000779</bioguideId>
          <gpoId>8265</gpoId>
        </identifiers>
        <sponsorshipDate>2019-10-31</sponsorshipDate>
        <isOriginalCosponsor>True</isOriginalCosponsor>
        <state>OR</state>
        <fullName>Sen. Wyden, Ron [D-OR]</fullName>
      </item>
      <item>
        <bioguideId>C000880</bioguideId>
        <firstName>MICHAEL</firstName>
        <middleName>D.</middleName>
        <party>R</party>
        <lastName>CRAPO</lastName>
        <sponsorshipWithdrawnDate />
        <identifiers>
          <lisID>250</lisID>
          <bioguideId>C000880</bioguideId>
          <gpoId>8289</gpoId>
        </identifiers>
        <sponsorshipDate>2019-10-31</sponsorshipDate>
        <isOriginalCosponsor>True</isOriginalCosponsor>
        <state>ID</state>
        <fullName>Sen. Crapo, Mike [R-ID]</fullName>
      </item>
      <item>
        <bioguideId>K000367</bioguideId>
        <firstName>Amy</firstName>
        <middleName />
        <party>D</party>
        <lastName>Klobuchar</lastName>
        <sponsorshipWithdrawnDate />
        <identifiers>
          <lisID>1826</lisID>
          <bioguideId>K000367</bioguideId>
          <gpoId>8249</gpoId>
        </identifiers>
        <sponsorshipDate>2019-10-31</sponsorshipDate>
        <isOriginalCosponsor>True</isOriginalCosponsor>
        <state>MN</state>
        <fullName>Sen. Klobuchar, Amy [D-MN]</fullName>
      </item>
      <item>
        <bioguideId>B001261</bioguideId>
        <firstName>John</firstName>
        <middleName />
        <party>R</party>
        <lastName>Barrasso</lastName>
        <sponsorshipWithdrawnDate />
        <identifiers>
          <lisID>1881</lisID>
          <bioguideId>B001261</bioguideId>
          <gpoId>8300</gpoId>
        </identifiers>
        <sponsorshipDate>2019-10-31</sponsorshipDate>
        <isOriginalCosponsor>True</isOriginalCosponsor>
        <state>WY</state>
        <fullName>Sen. Barrasso, John [R-WY]</fullName>
      </item>
      <item>
        <bioguideId>K000383</bioguideId>
        <firstName>Angus</firstName>
        <middleName />
        <party>I</party>
        <lastName>King</lastName>
        <sponsorshipWithdrawnDate />
        <identifiers>
          <lisID>2185</lisID>
          <bioguideId>K000383</bioguideId>
          <gpoId />
        </identifiers>
        <sponsorshipDate>2019-10-31</sponsorshipDate>
        <isOriginalCosponsor>True</isOriginalCosponsor>
        <state>ME</state>
        <fullName>Sen. King, Angus S., Jr. [I-ME]</fullName>
      </item>
      <item>
        <bioguideId>C001035</bioguideId>
        <firstName>SUSAN</firstName>
        <middleName>MARGARET</middleName>
        <party>R</party>
        <lastName>COLLINS</lastName>
        <sponsorshipWithdrawnDate />
        <identifiers>
          <lisID>1541</lisID>
          <gpoId>8291</gpoId>
          <bioguideId>C001035</bioguideId>
        </identifiers>
        <sponsorshipDate>2019-10-31</sponsorshipDate>
        <isOriginalCosponsor>True</isOriginalCosponsor>
        <state>ME</state>
        <fullName>Sen. Collins, Susan M. [R-ME]</fullName>
      </item>
      <item>
        <bioguideId>H001076</bioguideId>
        <firstName>Margaret</firstName>
        <middleName>Wood</middleName>
        <party>D</party>
        <lastName>Hassan</lastName>
        <sponsorshipWithdrawnDate />
        <identifiers>
          <lisID>2302</lisID>
          <bioguideId>H001076</bioguideId>
          <gpoId />
        </identifiers>
        <sponsorshipDate>2019-10-31</sponsorshipDate>
        <isOriginalCosponsor>True</isOriginalCosponsor>
        <state>NH</state>
        <fullName>Sen. Hassan, Margaret Wood [D-NH]</fullName>
      </item>
      <item>
        <bioguideId>B001243</bioguideId>
        <firstName>Marsha</firstName>
        <middleName />
        <party>R</party>
        <lastName>Blackburn</lastName>
        <sponsorshipWithdrawnDate />
        <identifiers>
          <lisID>1748</lisID>
          <bioguideId>B001243</bioguideId>
          <gpoId>8154</gpoId>
        </identifiers>
        <sponsorshipDate>2019-10-31</sponsorshipDate>
        <isOriginalCosponsor>True</isOriginalCosponsor>
        <state>TN</state>
        <fullName>Sen. Blackburn, Marsha [R-TN]</fullName>
      </item>
      <item>
        <bioguideId>S001191</bioguideId>
        <firstName>Kyrsten</firstName>
        <middleName />
        <party>D</party>
        <lastName>Sinema</lastName>
        <sponsorshipWithdrawnDate />
        <identifiers>
          <lisID>2099</lisID>
          <bioguideId>S001191</bioguideId>
          <gpoId />
        </identifiers>
        <sponsorshipDate>2019-10-31</sponsorshipDate>
        <isOriginalCosponsor>True</isOriginalCosponsor>
        <state>AZ</state>
        <fullName>Sen. Sinema, Kyrsten [D-AZ]</fullName>
      </item>
      <item>
        <bioguideId>F000463</bioguideId>
        <firstName>Deb</firstName>
        <middleName />
        <party>R</party>
        <lastName>Fischer</lastName>
        <sponsorshipWithdrawnDate />
        <identifiers>
          <bioguideId>F000463</bioguideId>
          <lisID>2179</lisID>
          <gpoId />
        </identifiers>
        <sponsorshipDate>2019-10-31</sponsorshipDate>
        <isOriginalCosponsor>True</isOriginalCosponsor>
        <state>NE</state>
        <fullName>Sen. Fischer, Deb [R-NE]</fullName>
      </item>
      <item>
        <bioguideId>C001096</bioguideId>
        <firstName>Kevin</firstName>
        <middleName />
        <party>R</party>
        <lastName>Cramer</lastName>
        <sponsorshipWithdrawnDate />
        <identifiers>
          <lisID>2144</lisID>
          <bioguideId>C001096</bioguideId>
          <gpoId />
        </identifiers>
        <sponsorshipDate>2019-10-31</sponsorshipDate>
        <isOriginalCosponsor>True</isOriginalCosponsor>
        <state>ND</state>
        <fullName>Sen. Cramer, Kevin [R-ND]</fullName>
      </item>
      <item>
        <bioguideId>S001184</bioguideId>
        <firstName>Tim</firstName>
        <middleName />
        <party>R</party>
        <lastName>Scott</lastName>
        <sponsorshipWithdrawnDate />
        <identifiers>
          <lisID>2056</lisID>
          <bioguideId>S001184</bioguideId>
          <gpoId>8141</gpoId>
        </identifiers>
        <sponsorshipDate>2019-10-31</sponsorshipDate>
        <isOriginalCosponsor>True</isOriginalCosponsor>
        <state>SC</state>
        <fullName>Sen. Scott, Tim [R-SC]</fullName>
      </item>
      <item>
        <bioguideId>Y000064</bioguideId>
        <firstName>Todd</firstName>
        <middleName />
        <party>R</party>
        <lastName>Young</lastName>
        <sponsorshipWithdrawnDate />
        <identifiers>
          <lisID>2019</lisID>
          <bioguideId>Y000064</bioguideId>
          <gpoId>7948</gpoId>
        </identifiers>
        <sponsorshipDate>2019-10-31</sponsorshipDate>
        <isOriginalCosponsor>True</isOriginalCosponsor>
        <state>IN</state>
        <fullName>Sen. Young, Todd [R-IN]</fullName>
      </item>
      <item>
        <bioguideId>E000295</bioguideId>
        <firstName>Joni</firstName>
        <middleName />
        <party>R</party>
        <lastName>Ernst</lastName>
        <sponsorshipWithdrawnDate />
        <identifiers>
          <lisID>2283</lisID>
          <bioguideId>E000295</bioguideId>
          <gpoId />
        </identifiers>
        <sponsorshipDate>2019-10-31</sponsorshipDate>
        <isOriginalCosponsor>True</isOriginalCosponsor>
        <state>IA</state>
        <fullName>Sen. Ernst, Joni  [R-IA]</fullName>
      </item>
      <item>
        <bioguideId>P000612</bioguideId>
        <firstName>David</firstName>
        <middleName>Alfred</middleName>
        <party>R</party>
        <lastName>Perdue</lastName>
        <sponsorshipWithdrawnDate />
        <identifiers>
          <lisID>2286</lisID>
          <bioguideId>P000612</bioguideId>
          <gpoId />
        </identifiers>
        <sponsorshipDate>2019-10-31</sponsorshipDate>
        <isOriginalCosponsor>True</isOriginalCosponsor>
        <state>GA</state>
        <fullName>Sen. Perdue, David [R-GA]</fullName>
      </item>
      <item>
        <bioguideId>R000307</bioguideId>
        <firstName>PAT</firstName>
        <middleName />
        <party>R</party>
        <lastName>ROBERTS</lastName>
        <sponsorshipWithdrawnDate />
        <identifiers>
          <lisID>968</lisID>
          <bioguideId>R000307</bioguideId>
          <gpoId>8275</gpoId>
        </identifiers>
        <sponsorshipDate>2019-10-31</sponsorshipDate>
        <isOriginalCosponsor>True</isOriginalCosponsor>
        <state>KS</state>
        <fullName>Sen. Roberts, Pat [R-KS]</fullName>
      </item>
      <item>
        <bioguideId>D000618</bioguideId>
        <firstName>Steve</firstName>
        <middleName />
        <party>R</party>
        <lastName>Daines</lastName>
        <sponsorshipWithdrawnDate />
        <identifiers>
          <lisID>2138</lisID>
          <bioguideId>D000618</bioguideId>
          <gpoId />
        </identifiers>
        <sponsorshipDate>2019-10-31</sponsorshipDate>
        <isOriginalCosponsor>True</isOriginalCosponsor>
        <state>MT</state>
        <fullName>Sen. Daines, Steve [R-MT]</fullName>
      </item>
      <item>
        <bioguideId>W000437</bioguideId>
        <firstName>ROGER</firstName>
        <middleName>F.</middleName>
        <party>R</party>
        <lastName>WICKER</lastName>
        <sponsorshipWithdrawnDate />
        <identifiers>
          <lisID>1226</lisID>
          <gpoId>8263</gpoId>
          <bioguideId>W000437</bioguideId>
        </identifiers>
        <sponsorshipDate>2019-10-31</sponsorshipDate>
        <isOriginalCosponsor>True</isOriginalCosponsor>
        <state>MS</state>
        <fullName>Sen. Wicker, Roger F. [R-MS]</fullName>
      </item>
      <item>
        <bioguideId>R000615</bioguideId>
        <firstName>Mitt</firstName>
        <middleName />
        <party>R</party>
        <lastName>Romney</lastName>
        <sponsorshipWithdrawnDate />
        <identifiers>
          <lisID>2466</lisID>
          <gpoId />
          <bioguideId>R000615</bioguideId>
        </identifiers>
        <sponsorshipDate>2019-10-31</sponsorshipDate>
        <isOriginalCosponsor>True</isOriginalCosponsor>
        <state>UT</state>
        <fullName>Sen. Romney, Mitt  [R-UT]</fullName>
      </item>
      <item>
        <bioguideId>E000285</bioguideId>
        <firstName>MICHAEL</firstName>
        <middleName>B.</middleName>
        <party>R</party>
        <lastName>ENZI</lastName>
        <sponsorshipWithdrawnDate />
        <identifiers>
          <lisID>1542</lisID>
          <bioguideId>E000285</bioguideId>
          <gpoId>8328</gpoId>
        </identifiers>
        <sponsorshipDate>2019-10-31</sponsorshipDate>
        <isOriginalCosponsor>True</isOriginalCosponsor>
        <state>WY</state>
        <fullName>Sen. Enzi, Michael B. [R-WY]</fullName>
      </item>
      <item>
        <bioguideId>I000024</bioguideId>
        <firstName>JIM</firstName>
        <middleName />
        <party>R</party>
        <lastName>INHOFE</lastName>
        <sponsorshipWithdrawnDate />
        <identifiers>
          <bioguideId>I000024</bioguideId>
          <lisID>583</lisID>
          <gpoId>8322</gpoId>
        </identifiers>
        <sponsorshipDate>2019-10-31</sponsorshipDate>
        <isOriginalCosponsor>True</isOriginalCosponsor>
        <state>OK</state>
        <fullName>Sen. Inhofe, James M. [R-OK]</fullName>
      </item>
      <item>
        <bioguideId>A000360</bioguideId>
        <firstName>Lamar</firstName>
        <middleName />
        <party>R</party>
        <lastName>Alexander</lastName>
        <sponsorshipWithdrawnDate />
        <identifiers>
          <lisID>1695</lisID>
          <bioguideId>A000360</bioguideId>
          <gpoId>8304</gpoId>
        </identifiers>
        <sponsorshipDate>2019-10-31</sponsorshipDate>
        <isOriginalCosponsor>True</isOriginalCosponsor>
        <state>TN</state>
        <fullName>Sen. Alexander, Lamar [R-TN]</fullName>
      </item>
      <item>
        <bioguideId>H001089</bioguideId>
        <firstName>Josh</firstName>
        <middleName />
        <party>R</party>
        <lastName>Hawley</lastName>
        <sponsorshipWithdrawnDate />
        <identifiers>
          <lisID>2464</lisID>
          <bioguideId>H001089</bioguideId>
          <gpoId />
        </identifiers>
        <sponsorshipDate>2019-10-31</sponsorshipDate>
        <isOriginalCosponsor>True</isOriginalCosponsor>
        <state>MO</state>
        <fullName>Sen. Hawley, Josh  [R-MO]</fullName>
      </item>
      <item>
        <bioguideId>L000575</bioguideId>
        <firstName>James</firstName>
        <middleName />
        <party>R</party>
        <lastName>Lankford</lastName>
        <sponsorshipWithdrawnDate />
        <identifiers>
          <lisID>2050</lisID>
          <bioguideId>L000575</bioguideId>
          <gpoId>8113</gpoId>
        </identifiers>
        <sponsorshipDate>2019-10-31</sponsorshipDate>
        <isOriginalCosponsor>True</isOriginalCosponsor>
        <state>OK</state>
        <fullName>Sen. Lankford, James [R-OK]</fullName>
      </item>
      <item>
        <bioguideId>H001079</bioguideId>
        <firstName>Cindy</firstName>
        <middleName />
        <party>R</party>
        <lastName>Hyde-Smith</lastName>
        <sponsorshipWithdrawnDate />
        <identifiers>
          <lisID>2366</lisID>
          <bioguideId>H001079</bioguideId>
          <gpoId />
        </identifiers>
        <sponsorshipDate>2019-10-31</sponsorshipDate>
        <isOriginalCosponsor>True</isOriginalCosponsor>
        <state>MS</state>
        <fullName>Sen. Hyde-Smith, Cindy [R-MS]</fullName>
      </item>
      <item>
        <bioguideId>B001288</bioguideId>
        <firstName>Cory</firstName>
        <middleName>A.</middleName>
        <party>D</party>
        <lastName>Booker</lastName>
        <sponsorshipWithdrawnDate />
        <identifiers>
          <lisID>2194</lisID>
          <bioguideId>B001288</bioguideId>
          <gpoId />
        </identifiers>
        <sponsorshipDate>2019-10-31</sponsorshipDate>
        <isOriginalCosponsor>True</isOriginalCosponsor>
        <state>NJ</state>
        <fullName>Sen. Booker, Cory A. [D-NJ]</fullName>
      </item>
      <item>
        <bioguideId>P000595</bioguideId>
        <firstName>Gary</firstName>
        <middleName>C.</middleName>
        <party>D</party>
        <lastName>Peters</lastName>
        <sponsorshipWithdrawnDate />
        <identifiers>
          <lisID>1929</lisID>
          <bioguideId>P000595</bioguideId>
          <gpoId>7994</gpoId>
        </identifiers>
        <sponsorshipDate>2019-10-31</sponsorshipDate>
        <isOriginalCosponsor>True</isOriginalCosponsor>
        <state>MI</state>
        <fullName>Sen. Peters, Gary C. [D-MI]</fullName>
      </item>
      <item>
        <bioguideId>H001061</bioguideId>
        <firstName>John</firstName>
        <middleName />
        <party>R</party>
        <lastName>Hoeven</lastName>
        <sponsorshipWithdrawnDate />
        <identifiers>
          <lisID>2079</lisID>
          <bioguideId>H001061</bioguideId>
          <gpoId>8331</gpoId>
        </identifiers>
        <sponsorshipDate>2019-10-31</sponsorshipDate>
        <isOriginalCosponsor>True</isOriginalCosponsor>
        <state>ND</state>
        <fullName>Sen. Hoeven, John [R-ND]</fullName>
      </item>
      <item>
        <bioguideId>M001197</bioguideId>
        <firstName>Martha</firstName>
        <middleName />
        <party>R</party>
        <lastName>McSally</lastName>
        <sponsorshipWithdrawnDate />
        <identifiers>
          <lisID>2225</lisID>
          <bioguideId>M001197</bioguideId>
          <gpoId />
        </identifiers>
        <sponsorshipDate>2019-10-31</sponsorshipDate>
        <isOriginalCosponsor>True</isOriginalCosponsor>
        <state>AZ</state>
        <fullName>Sen. McSally, Martha [R-AZ]</fullName>
      </item>
    </cosponsors>
    <recordedVotes />
    <committees>
      <billCommittees />
    </committees>
    <actions>
      <actionTypeCounts>
        <passedOrAgreedToInSenateDayOf>1</passedOrAgreedToInSenateDayOf>
        <passedAgreedToInSenate>1</passedAgreedToInSenate>
        <introducedInSenate>1</introducedInSenate>
      </actionTypeCounts>
      <item>
        <actionDate>2019-10-31</actionDate>
        <committee />
        <links>
          <link>
            <url>https://www.congress.gov/congressional-record/volume-165/senate-section/page/S6342</url>
            <name>S6342</name>
          </link>
          <link>
            <url>https://www.congress.gov/congressional-record/volume-165/senate-section/page/S6357</url>
            <name>S6357</name>
          </link>
        </links>
        <sourceSystem>
          <code>0</code>
          <name>Senate</name>
        </sourceSystem>
        <text>Submitted in the Senate, considered, and agreed to without amendment and with a preamble by Unanimous Consent. (consideration: CR S6357; text: CR S6342)</text>
        <type>Floor</type>
      </item>
      <item>
        <sourceSystem>
          <code>9</code>
          <name>Library of Congress</name>
        </sourceSystem>
        <links>
          <link>
            <url>https://www.congress.gov/congressional-record/volume-165/senate-section/page/S6342</url>
            <name>S6342</name>
          </link>
          <link>
            <url>https://www.congress.gov/congressional-record/volume-165/senate-section/page/S6357</url>
            <name>S6357</name>
          </link>
        </links>
        <text>Passed/agreed to in Senate: Submitted in the Senate, considered, and agreed to without amendment and with a preamble by Unanimous Consent.(consideration: CR S6357; text: CR S6342)</text>
        <actionDate>2019-10-31</actionDate>
        <actionCode>17000</actionCode>
        <type>Floor</type>
        <committee />
      </item>
      <item>
        <sourceSystem>
          <code>9</code>
          <name>Library of Congress</name>
        </sourceSystem>
        <links />
        <text>Introduced in Senate</text>
        <actionDate>2019-10-31</actionDate>
        <actionCode>10000</actionCode>
        <type>IntroReferral</type>
        <committee />
      </item>
      <actionByCounts>
        <senate>3</senate>
      </actionByCounts>
    </actions>
    <billType>SRES</billType>
    <laws />
    <congress>116</congress>
    <updateDate>2019-11-07T11:02:21Z</updateDate>
  </bill>
  <dublinCore xmlns:dc="http://purl.org/dc/elements/1.1/">
    <dc:format>text/xml</dc:format>
    <dc:language>EN</dc:language>
    <dc:rights>Pursuant to Title 17 Section 105 of the United States Code, this file is not subject to copyright protection and is in the public domain.</dc:rights>
    <dc:contributor>Congressional Research Service, Library of Congress</dc:contributor>
    <dc:description>This file contains bill summaries and statuses for federal legislation. A bill summary describes the most significant provisions of a piece of legislation and details the effects the legislative text may have on current law and federal programs. Bill summaries are authored by the Congressional Research Service (CRS) of the Library of Congress. As stated in Public Law 91-510 (2 USC 166 (d)(6)), one of the duties of CRS is "to prepare summaries and digests of bills and resolutions of a public general nature introduced in the Senate or House of Representatives". For more information, refer to the User Guide that accompanies this file.</dc:description>
  </dublinCore>
</billStatus>

