<?xml version="1.0" encoding="UTF-8"?>
<billStatus>
  <bill>
    <policyArea>
      <name>Health</name>
    </policyArea>
    <version>1.0.0</version>
    <recordedVotes />
    <amendments />
    <relatedBills />
    <billNumber>276</billNumber>
    <subjects>
      <billSubjects>
        <policyArea>
          <name>Health</name>
        </policyArea>
        <legislativeSubjects>
          <item>
            <name>Cancer</name>
          </item>
          <item>
            <name>Commemorative events and holidays</name>
          </item>
          <item>
            <name>Congressional tributes</name>
          </item>
          <item>
            <name>Health personnel</name>
          </item>
          <item>
            <name>Health promotion and preventive care</name>
          </item>
          <item>
            <name>Medical research</name>
          </item>
          <item>
            <name>Musculoskeletal and skin diseases</name>
          </item>
        </legislativeSubjects>
      </billSubjects>
    </subjects>
    <textVersions>
      <item>
        <date>2019-07-15T04:00:00Z</date>
        <formats>
          <item>
            <url>https://www.govinfo.gov/content/pkg/BILLS-116sres276is/xml/BILLS-116sres276is.xml</url>
          </item>
        </formats>
        <type>Introduced in Senate</type>
      </item>
    </textVersions>
    <summaries>
      <billSummaries />
    </summaries>
    <billType>SRES</billType>
    <createDate>2019-07-16T04:27:10Z</createDate>
    <cosponsors />
    <sponsors>
      <item>
        <bioguideId>S000770</bioguideId>
        <firstName>DEBORAH</firstName>
        <middleName>ANN</middleName>
        <identifiers>
          <lisID>1531</lisID>
          <gpoId>8261</gpoId>
          <bioguideId>S000770</bioguideId>
        </identifiers>
        <lastName>STABENOW</lastName>
        <byRequestType />
        <party>D</party>
        <state>MI</state>
        <fullName>Sen. Stabenow, Debbie [D-MI]</fullName>
      </item>
    </sponsors>
    <titles>
      <item>
        <titleType>Official Title as Introduced</titleType>
        <chamberCode />
        <title>A resolution designating July 15, 2019, as "National Leiomyosarcoma Awareness Day" and the month of July 2019 as "National Sarcoma Awareness Month".</title>
        <chamberName />
        <parentTitleType />
      </item>
      <item>
        <titleType>Display Title</titleType>
        <chamberCode />
        <title>A resolution designating July 15, 2019, as "National Leiomyosarcoma Awareness Day" and the month of July 2019 as "National Sarcoma Awareness Month".</title>
        <chamberName />
        <parentTitleType />
      </item>
    </titles>
    <title>A resolution designating July 15, 2019, as "National Leiomyosarcoma Awareness Day" and the month of July 2019 as "National Sarcoma Awareness Month".</title>
    <committeeReports />
    <updateDate>2019-11-05T05:27:55Z</updateDate>
    <cboCostEstimates />
    <laws />
    <notes />
    <introducedDate>2019-07-15</introducedDate>
    <congress>116</congress>
    <originChamber>Senate</originChamber>
    <latestAction>
      <actionDate>2019-07-15</actionDate>
      <links />
      <text>Referred to the Committee on the Judiciary.</text>
    </latestAction>
    <actions>
      <actionTypeCounts>
        <referredToCommittee>1</referredToCommittee>
        <introducedInSenate>1</introducedInSenate>
      </actionTypeCounts>
      <actionByCounts>
        <senate>2</senate>
      </actionByCounts>
      <item>
        <actionDate>2019-07-15</actionDate>
        <committee>
          <systemCode>ssju00</systemCode>
          <name>Judiciary Committee</name>
        </committee>
        <links />
        <sourceSystem>
          <code>0</code>
          <name>Senate</name>
        </sourceSystem>
        <text>Referred to the Committee on the Judiciary.</text>
        <type>IntroReferral</type>
      </item>
      <item>
        <actionCode>10000</actionCode>
        <text>Introduced in Senate</text>
        <links />
        <committee />
        <type>IntroReferral</type>
        <sourceSystem>
          <code>9</code>
          <name>Library of Congress</name>
        </sourceSystem>
        <actionDate>2019-07-15</actionDate>
      </item>
    </actions>
    <committees>
      <billCommittees>
        <item>
          <systemCode>ssju00</systemCode>
          <activities>
            <item>
              <date>2019-07-15T22:18:15Z</date>
              <name>Referred to</name>
            </item>
          </activities>
          <name>Judiciary Committee</name>
          <type>Standing</type>
          <subcommittees />
          <chamber>Senate</chamber>
        </item>
      </billCommittees>
    </committees>
    <calendarNumbers />
  </bill>
  <dublinCore xmlns:dc="http://purl.org/dc/elements/1.1/">
    <dc:format>text/xml</dc:format>
    <dc:language>EN</dc:language>
    <dc:rights>Pursuant to Title 17 Section 105 of the United States Code, this file is not subject to copyright protection and is in the public domain.</dc:rights>
    <dc:contributor>Congressional Research Service, Library of Congress</dc:contributor>
    <dc:description>This file contains bill summaries and statuses for federal legislation. A bill summary describes the most significant provisions of a piece of legislation and details the effects the legislative text may have on current law and federal programs. Bill summaries are authored by the Congressional Research Service (CRS) of the Library of Congress. As stated in Public Law 91-510 (2 USC 166 (d)(6)), one of the duties of CRS is "to prepare summaries and digests of bills and resolutions of a public general nature introduced in the Senate or House of Representatives". For more information, refer to the User Guide that accompanies this file.</dc:description>
  </dublinCore>
</billStatus>

