<?xml version="1.0" encoding="UTF-8"?>
<billStatus>
  <bill>
    <committees>
      <billCommittees>
        <item>
          <activities>
            <item>
              <name>Referred to</name>
              <date>2019-07-23T18:26:26Z</date>
            </item>
          </activities>
          <chamber>Senate</chamber>
          <type>Standing</type>
          <systemCode>ssga00</systemCode>
          <subcommittees />
          <name>Homeland Security and Governmental Affairs Committee</name>
        </item>
      </billCommittees>
    </committees>
    <recordedVotes />
    <createDate>2019-07-24T04:57:15Z</createDate>
    <title>A resolution commending the officers and personnel of U.S. Customs and Border Protection for their work during the crisis at the Southern border.</title>
    <version>1.0.0</version>
    <notes />
    <subjects>
      <billSubjects>
        <legislativeSubjects>
          <item>
            <name>Border security and unlawful immigration</name>
          </item>
          <item>
            <name>Congressional tributes</name>
          </item>
          <item>
            <name>Department of Homeland Security</name>
          </item>
          <item>
            <name>Latin America</name>
          </item>
          <item>
            <name>Law enforcement officers</name>
          </item>
          <item>
            <name>Mexico</name>
          </item>
        </legislativeSubjects>
        <policyArea>
          <name>Immigration</name>
        </policyArea>
      </billSubjects>
    </subjects>
    <titles>
      <item>
        <chamberName />
        <title>A resolution commending the officers and personnel of U.S. Customs and Border Protection for their work during the crisis at the Southern border.</title>
        <titleType>Official Title as Introduced</titleType>
        <chamberCode />
        <parentTitleType />
      </item>
      <item>
        <chamberName />
        <title>A resolution commending the officers and personnel of U.S. Customs and Border Protection for their work during the crisis at the Southern border.</title>
        <titleType>Display Title</titleType>
        <chamberCode />
        <parentTitleType />
      </item>
    </titles>
    <textVersions>
      <item>
        <type>Introduced in Senate</type>
        <formats>
          <item>
            <url>https://www.govinfo.gov/content/pkg/BILLS-116sres280is/xml/BILLS-116sres280is.xml</url>
          </item>
        </formats>
        <date>2019-07-23T04:00:00Z</date>
      </item>
    </textVersions>
    <policyArea>
      <name>Immigration</name>
    </policyArea>
    <committeeReports />
    <sponsors>
      <item>
        <identifiers>
          <lisID>452</lisID>
          <bioguideId>G000359</bioguideId>
          <gpoId>8335</gpoId>
        </identifiers>
        <fullName>Sen. Graham, Lindsey [R-SC]</fullName>
        <bioguideId>G000359</bioguideId>
        <party>R</party>
        <state>SC</state>
        <middleName>O.</middleName>
        <lastName>GRAHAM</lastName>
        <byRequestType />
        <firstName>LINDSEY</firstName>
      </item>
    </sponsors>
    <cosponsors>
      <item>
        <lastName>GRASSLEY</lastName>
        <fullName>Sen. Grassley, Chuck [R-IA]</fullName>
        <identifiers>
          <bioguideId>G000386</bioguideId>
          <lisID>457</lisID>
          <gpoId>8316</gpoId>
        </identifiers>
        <isOriginalCosponsor>True</isOriginalCosponsor>
        <middleName>ERNEST</middleName>
        <party>R</party>
        <bioguideId>G000386</bioguideId>
        <state>IA</state>
        <sponsorshipWithdrawnDate />
        <sponsorshipDate>2019-07-23</sponsorshipDate>
        <firstName>CHARLES</firstName>
      </item>
      <item>
        <lastName>Cornyn</lastName>
        <fullName>Sen. Cornyn, John [R-TX]</fullName>
        <identifiers>
          <lisID>1692</lisID>
          <bioguideId>C001056</bioguideId>
          <gpoId>8295</gpoId>
        </identifiers>
        <isOriginalCosponsor>True</isOriginalCosponsor>
        <middleName />
        <party>R</party>
        <bioguideId>C001056</bioguideId>
        <state>TX</state>
        <sponsorshipWithdrawnDate />
        <sponsorshipDate>2019-07-23</sponsorshipDate>
        <firstName>John</firstName>
      </item>
      <item>
        <lastName>Lee</lastName>
        <fullName>Sen. Lee, Mike [R-UT]</fullName>
        <identifiers>
          <gpoId>8303</gpoId>
          <bioguideId>L000577</bioguideId>
          <lisID>2080</lisID>
        </identifiers>
        <isOriginalCosponsor>True</isOriginalCosponsor>
        <middleName />
        <party>R</party>
        <bioguideId>L000577</bioguideId>
        <state>UT</state>
        <sponsorshipWithdrawnDate />
        <sponsorshipDate>2019-07-23</sponsorshipDate>
        <firstName>Mike</firstName>
      </item>
      <item>
        <lastName>Cruz</lastName>
        <fullName>Sen. Cruz, Ted [R-TX]</fullName>
        <identifiers>
          <lisID>2175</lisID>
          <bioguideId>C001098</bioguideId>
          <gpoId />
        </identifiers>
        <isOriginalCosponsor>True</isOriginalCosponsor>
        <middleName />
        <party>R</party>
        <bioguideId>C001098</bioguideId>
        <state>TX</state>
        <sponsorshipWithdrawnDate />
        <sponsorshipDate>2019-07-23</sponsorshipDate>
        <firstName>Ted</firstName>
      </item>
      <item>
        <lastName>Sasse</lastName>
        <fullName>Sen. Sasse, Ben  [R-NE]</fullName>
        <identifiers>
          <gpoId />
          <bioguideId>S001197</bioguideId>
          <lisID>2289</lisID>
        </identifiers>
        <isOriginalCosponsor>True</isOriginalCosponsor>
        <middleName />
        <party>R</party>
        <bioguideId>S001197</bioguideId>
        <state>NE</state>
        <sponsorshipWithdrawnDate />
        <sponsorshipDate>2019-07-23</sponsorshipDate>
        <firstName>Ben</firstName>
      </item>
      <item>
        <lastName>Hawley</lastName>
        <fullName>Sen. Hawley, Josh  [R-MO]</fullName>
        <identifiers>
          <lisID>2464</lisID>
          <gpoId />
          <bioguideId>H001089</bioguideId>
        </identifiers>
        <isOriginalCosponsor>True</isOriginalCosponsor>
        <middleName />
        <party>R</party>
        <bioguideId>H001089</bioguideId>
        <state>MO</state>
        <sponsorshipWithdrawnDate />
        <sponsorshipDate>2019-07-23</sponsorshipDate>
        <firstName>Josh</firstName>
      </item>
      <item>
        <lastName>Tillis</lastName>
        <fullName>Sen. Tillis, Thom [R-NC]</fullName>
        <identifiers>
          <gpoId />
          <bioguideId>T000476</bioguideId>
          <lisID>2291</lisID>
        </identifiers>
        <isOriginalCosponsor>True</isOriginalCosponsor>
        <middleName>Roland</middleName>
        <party>R</party>
        <bioguideId>T000476</bioguideId>
        <state>NC</state>
        <sponsorshipWithdrawnDate />
        <sponsorshipDate>2019-07-23</sponsorshipDate>
        <firstName>Thomas</firstName>
      </item>
      <item>
        <lastName>Ernst</lastName>
        <fullName>Sen. Ernst, Joni  [R-IA]</fullName>
        <identifiers>
          <gpoId />
          <bioguideId>E000295</bioguideId>
          <lisID>2283</lisID>
        </identifiers>
        <isOriginalCosponsor>True</isOriginalCosponsor>
        <middleName />
        <party>R</party>
        <bioguideId>E000295</bioguideId>
        <state>IA</state>
        <sponsorshipWithdrawnDate />
        <sponsorshipDate>2019-07-23</sponsorshipDate>
        <firstName>Joni</firstName>
      </item>
      <item>
        <lastName>CRAPO</lastName>
        <fullName>Sen. Crapo, Mike [R-ID]</fullName>
        <identifiers>
          <gpoId>8289</gpoId>
          <bioguideId>C000880</bioguideId>
          <lisID>250</lisID>
        </identifiers>
        <isOriginalCosponsor>True</isOriginalCosponsor>
        <middleName>D.</middleName>
        <party>R</party>
        <bioguideId>C000880</bioguideId>
        <state>ID</state>
        <sponsorshipWithdrawnDate />
        <sponsorshipDate>2019-07-23</sponsorshipDate>
        <firstName>MICHAEL</firstName>
      </item>
      <item>
        <lastName>Kennedy</lastName>
        <fullName>Sen. Kennedy, John [R-LA]</fullName>
        <identifiers>
          <gpoId />
          <lisID>2303</lisID>
          <bioguideId>K000393</bioguideId>
        </identifiers>
        <isOriginalCosponsor>True</isOriginalCosponsor>
        <middleName>Neely</middleName>
        <party>R</party>
        <bioguideId>K000393</bioguideId>
        <state>LA</state>
        <sponsorshipWithdrawnDate />
        <sponsorshipDate>2019-07-23</sponsorshipDate>
        <firstName>John</firstName>
      </item>
      <item>
        <lastName>Blackburn</lastName>
        <fullName>Sen. Blackburn, Marsha [R-TN]</fullName>
        <identifiers>
          <gpoId>8154</gpoId>
          <bioguideId>B001243</bioguideId>
          <lisID>1748</lisID>
        </identifiers>
        <isOriginalCosponsor>True</isOriginalCosponsor>
        <middleName />
        <party>R</party>
        <bioguideId>B001243</bioguideId>
        <state>TN</state>
        <sponsorshipWithdrawnDate />
        <sponsorshipDate>2019-07-23</sponsorshipDate>
        <firstName>Marsha</firstName>
      </item>
    </cosponsors>
    <actions>
      <actionByCounts>
        <senate>2</senate>
      </actionByCounts>
      <item>
        <actionDate>2019-07-23</actionDate>
        <committee>
          <name>Homeland Security and Governmental Affairs Committee</name>
          <systemCode>ssga00</systemCode>
        </committee>
        <links>
          <link>
            <url>https://www.congress.gov/congressional-record/volume-165/senate-section/page/S5016</url>
            <name>S5016</name>
          </link>
        </links>
        <sourceSystem>
          <name>Senate</name>
          <code>0</code>
        </sourceSystem>
        <text>Referred to the Committee on Homeland Security and Governmental Affairs. (text: CR S5016)</text>
        <type>IntroReferral</type>
      </item>
      <item>
        <links />
        <actionDate>2019-07-23</actionDate>
        <committee />
        <sourceSystem>
          <name>Library of Congress</name>
          <code>9</code>
        </sourceSystem>
        <type>IntroReferral</type>
        <actionCode>10000</actionCode>
        <text>Introduced in Senate</text>
      </item>
      <actionTypeCounts>
        <referredToCommittee>1</referredToCommittee>
        <introducedInSenate>1</introducedInSenate>
      </actionTypeCounts>
    </actions>
    <originChamber>Senate</originChamber>
    <billNumber>280</billNumber>
    <introducedDate>2019-07-23</introducedDate>
    <billType>SRES</billType>
    <summaries>
      <billSummaries />
    </summaries>
    <relatedBills />
    <cboCostEstimates />
    <updateDate>2019-08-15T13:07:55Z</updateDate>
    <calendarNumbers />
    <latestAction>
      <text>Referred to the Committee on Homeland Security and Governmental Affairs. (text: CR S5016)</text>
      <actionDate>2019-07-23</actionDate>
      <links />
    </latestAction>
    <congress>116</congress>
    <laws />
    <amendments />
  </bill>
  <dublinCore xmlns:dc="http://purl.org/dc/elements/1.1/">
    <dc:format>text/xml</dc:format>
    <dc:language>EN</dc:language>
    <dc:rights>Pursuant to Title 17 Section 105 of the United States Code, this file is not subject to copyright protection and is in the public domain.</dc:rights>
    <dc:contributor>Congressional Research Service, Library of Congress</dc:contributor>
    <dc:description>This file contains bill summaries and statuses for federal legislation. A bill summary describes the most significant provisions of a piece of legislation and details the effects the legislative text may have on current law and federal programs. Bill summaries are authored by the Congressional Research Service (CRS) of the Library of Congress. As stated in Public Law 91-510 (2 USC 166 (d)(6)), one of the duties of CRS is "to prepare summaries and digests of bills and resolutions of a public general nature introduced in the Senate or House of Representatives". For more information, refer to the User Guide that accompanies this file.</dc:description>
  </dublinCore>
</billStatus>

