<?xml version="1.0" encoding="UTF-8"?>
<billStatus>
  <bill>
    <actions>
      <actionByCounts>
        <senate>3</senate>
      </actionByCounts>
      <actionTypeCounts>
        <passedOrAgreedToInSenateDayOf>1</passedOrAgreedToInSenateDayOf>
        <introducedInSenate>1</introducedInSenate>
        <passedAgreedToInSenate>1</passedAgreedToInSenate>
      </actionTypeCounts>
      <item>
        <actionDate>2019-01-03</actionDate>
        <committee />
        <links>
          <link>
            <name>S6</name>
            <url>https://www.congress.gov/congressional-record/volume-164/senate-section/page/S6</url>
          </link>
        </links>
        <sourceSystem>
          <code>0</code>
          <name>Senate</name>
        </sourceSystem>
        <text>Submitted in the Senate, considered, and agreed to without amendment by Unanimous Consent. (consideration: CR S6; text: CR S6)</text>
        <type>Floor</type>
      </item>
      <item>
        <text>Passed/agreed to in Senate: Submitted in the Senate, considered, and agreed to without amendment by Unanimous Consent.(consideration: CR S6; text: CR S6)</text>
        <actionCode>17000</actionCode>
        <sourceSystem>
          <code>9</code>
          <name>Library of Congress</name>
        </sourceSystem>
        <committee />
        <type>Floor</type>
        <actionDate>2019-01-03</actionDate>
        <links>
          <link>
            <name>S6</name>
            <url>https://www.congress.gov/congressional-record/volume-164/senate-section/page/S6</url>
          </link>
        </links>
      </item>
      <item>
        <text>Introduced in Senate</text>
        <actionCode>10000</actionCode>
        <sourceSystem>
          <code>9</code>
          <name>Library of Congress</name>
        </sourceSystem>
        <committee />
        <type>IntroReferral</type>
        <actionDate>2019-01-03</actionDate>
        <links />
      </item>
    </actions>
    <title>A resolution to elect Chuck Grassley, a Senator from the State of Iowa, to be President pro tempore of the Senate of the United States.</title>
    <committeeReports />
    <subjects>
      <billSubjects>
        <legislativeSubjects>
          <item>
            <name>Congressional leadership</name>
          </item>
          <item>
            <name>Members of Congress</name>
          </item>
          <item>
            <name>Senate</name>
          </item>
        </legislativeSubjects>
        <policyArea>
          <name>Congress</name>
        </policyArea>
      </billSubjects>
    </subjects>
    <policyArea>
      <name>Congress</name>
    </policyArea>
    <relatedBills />
    <version>1.0.0</version>
    <recordedVotes />
    <textVersions>
      <item>
        <date>2019-01-03T05:00:00Z</date>
        <type>Agreed to Senate</type>
        <formats>
          <item>
            <url>https://www.govinfo.gov/content/pkg/BILLS-116sres3ats/xml/BILLS-116sres3ats.xml</url>
          </item>
        </formats>
      </item>
    </textVersions>
    <latestAction>
      <links />
      <actionDate>2019-01-03</actionDate>
      <text>Submitted in the Senate, considered, and agreed to without amendment by Unanimous Consent. (consideration: CR S6; text: CR S6)</text>
    </latestAction>
    <createDate>2019-01-04T13:32:58Z</createDate>
    <billNumber>3</billNumber>
    <cosponsors />
    <sponsors>
      <item>
        <bioguideId>M000355</bioguideId>
        <state>KY</state>
        <identifiers>
          <gpoId>8254</gpoId>
          <bioguideId>M000355</bioguideId>
          <lisID>1395</lisID>
        </identifiers>
        <middleName />
        <firstName>MITCH</firstName>
        <byRequestType />
        <lastName>MCCONNELL</lastName>
        <fullName>Sen. McConnell, Mitch [R-KY]</fullName>
        <party>R</party>
      </item>
    </sponsors>
    <laws />
    <congress>116</congress>
    <summaries>
      <billSummaries>
        <item>
          <text><![CDATA[<p>This resolution elects Senator Chuck Grassley from Iowa as the President pro tempore of the Senate.</p>]]></text>
          <versionCode>00</versionCode>
          <updateDate>2019-01-03T05:00:00Z</updateDate>
          <actionDate>2019-01-03</actionDate>
          <lastSummaryUpdateDate>2019-01-07T23:29:26Z</lastSummaryUpdateDate>
          <name>Introduced in Senate</name>
          <actionDesc>Introduced in Senate</actionDesc>
        </item>
        <item>
          <text><![CDATA[<p>This resolution elects Senator Chuck Grassley from Iowa as the President pro tempore of the Senate.</p>]]></text>
          <versionCode>55</versionCode>
          <updateDate>2019-01-03T18:50:04Z</updateDate>
          <actionDate>2019-01-03</actionDate>
          <lastSummaryUpdateDate>2019-01-07T23:29:20Z</lastSummaryUpdateDate>
          <name>Passed Senate</name>
          <actionDesc>Passed Senate</actionDesc>
        </item>
      </billSummaries>
    </summaries>
    <notes />
    <originChamber>Senate</originChamber>
    <introducedDate>2019-01-03</introducedDate>
    <updateDate>2019-01-11T14:56:22Z</updateDate>
    <amendments />
    <cboCostEstimates />
    <titles>
      <item>
        <parentTitleType />
        <titleType>Official Title as Introduced</titleType>
        <chamberName />
        <chamberCode />
        <title>A resolution to elect Chuck Grassley, a Senator from the State of Iowa, to be President pro tempore of the Senate of the United States.</title>
      </item>
      <item>
        <parentTitleType />
        <titleType>Display Title</titleType>
        <chamberName />
        <chamberCode />
        <title>A resolution to elect Chuck Grassley, a Senator from the State of Iowa, to be President pro tempore of the Senate of the United States.</title>
      </item>
    </titles>
    <calendarNumbers />
    <billType>SRES</billType>
    <committees>
      <billCommittees />
    </committees>
  </bill>
  <dublinCore xmlns:dc="http://purl.org/dc/elements/1.1/">
    <dc:format>text/xml</dc:format>
    <dc:language>EN</dc:language>
    <dc:rights>Pursuant to Title 17 Section 105 of the United States Code, this file is not subject to copyright protection and is in the public domain.</dc:rights>
    <dc:contributor>Congressional Research Service, Library of Congress</dc:contributor>
    <dc:description>This file contains bill summaries and statuses for federal legislation. A bill summary describes the most significant provisions of a piece of legislation and details the effects the legislative text may have on current law and federal programs. Bill summaries are authored by the Congressional Research Service (CRS) of the Library of Congress. As stated in Public Law 91-510 (2 USC 166 (d)(6)), one of the duties of CRS is "to prepare summaries and digests of bills and resolutions of a public general nature introduced in the Senate or House of Representatives". For more information, refer to the User Guide that accompanies this file.</dc:description>
  </dublinCore>
</billStatus>

