<?xml version="1.0" encoding="UTF-8"?>
<billStatus>
  <bill>
    <policyArea>
      <name>Armed Forces and National Security</name>
    </policyArea>
    <relatedBills>
      <item>
        <latestAction>
          <text>Referred to the House Committee on Oversight and Reform.</text>
          <actionDate>2019-09-24</actionDate>
        </latestAction>
        <type>HRES</type>
        <relationshipDetails>
          <item>
            <type>Related bill</type>
            <identifiedBy>CRS</identifiedBy>
          </item>
        </relationshipDetails>
        <congress>116</congress>
        <number>579</number>
        <latestTitle>Expressing the sense of the Congress that a commemorative postage stamp series should be issued honoring women veterans, and that the Citizens' Stamp Advisory Committee should recommend to the Postmaster General that such a stamp series be issued.</latestTitle>
      </item>
    </relatedBills>
    <introducedDate>2019-11-07</introducedDate>
    <committeeReports />
    <amendments />
    <textVersions>
      <item>
        <formats>
          <item>
            <url>https://www.govinfo.gov/content/pkg/BILLS-116sres415ats/xml/BILLS-116sres415ats.xml</url>
          </item>
        </formats>
        <type>Agreed to Senate</type>
        <date>2019-11-14T05:00:00Z</date>
      </item>
      <item>
        <formats>
          <item>
            <url>https://www.govinfo.gov/content/pkg/BILLS-116sres415is/xml/BILLS-116sres415is.xml</url>
          </item>
        </formats>
        <type>Introduced in Senate</type>
        <date>2019-11-07T05:00:00Z</date>
      </item>
    </textVersions>
    <cboCostEstimates />
    <subjects>
      <billSubjects>
        <policyArea>
          <name>Armed Forces and National Security</name>
        </policyArea>
        <legislativeSubjects />
      </billSubjects>
    </subjects>
    <laws />
    <calendarNumbers />
    <notes />
    <actions>
      <actionByCounts>
        <senate>6</senate>
      </actionByCounts>
      <item>
        <actionDate>2019-11-14</actionDate>
        <committee />
        <links>
          <link>
            <url>https://www.congress.gov/congressional-record/volume-165/senate-section/page/S6482</url>
            <name>CR 11/07/2019 S6482</name>
          </link>
        </links>
        <sourceSystem>
          <code>0</code>
          <name>Senate</name>
        </sourceSystem>
        <text>Resolution agreed to in Senate without amendment and with a preamble by Unanimous Consent. (text: CR 11/07/2019 S6482)</text>
        <type>Floor</type>
      </item>
      <item>
        <actionDate>2019-11-14</actionDate>
        <committee />
        <type>Floor</type>
        <actionCode>17000</actionCode>
        <links>
          <link>
            <url>https://www.congress.gov/congressional-record/volume-165/senate-section/page/S6482</url>
            <name>CR 11/07/2019 S6482</name>
          </link>
        </links>
        <sourceSystem>
          <code>9</code>
          <name>Library of Congress</name>
        </sourceSystem>
        <text>Passed/agreed to in Senate: Resolution agreed to in Senate without amendment and with a preamble by Unanimous Consent.(text: CR 11/07/2019 S6482)</text>
      </item>
      <item>
        <actionDate>2019-11-14</actionDate>
        <committee>
          <name>Homeland Security and Governmental Affairs Committee</name>
          <systemCode>ssga00</systemCode>
        </committee>
        <links>
          <link>
            <url>https://www.congress.gov/congressional-record/volume-165/senate-section/page/S6614</url>
            <name>S6614</name>
          </link>
        </links>
        <sourceSystem>
          <code>0</code>
          <name>Senate</name>
        </sourceSystem>
        <text>Senate Committee on Homeland Security and Governmental Affairs discharged by Unanimous Consent. (consideration: CR S6614)</text>
        <type>Discharge</type>
      </item>
      <item>
        <actionDate>2019-11-14</actionDate>
        <committee>
          <name>Homeland Security and Governmental Affairs Committee</name>
          <systemCode>ssga00</systemCode>
        </committee>
        <type>Committee</type>
        <actionCode>14500</actionCode>
        <links>
          <link>
            <url>https://www.congress.gov/congressional-record/volume-165/senate-section/page/S6614</url>
            <name>S6614</name>
          </link>
        </links>
        <sourceSystem>
          <code>9</code>
          <name>Library of Congress</name>
        </sourceSystem>
        <text>Senate Committee on Homeland Security and Governmental Affairs discharged by Unanimous Consent.(consideration: CR S6614)</text>
      </item>
      <item>
        <actionDate>2019-11-07</actionDate>
        <committee>
          <name>Homeland Security and Governmental Affairs Committee</name>
          <systemCode>ssga00</systemCode>
        </committee>
        <links />
        <sourceSystem>
          <code>0</code>
          <name>Senate</name>
        </sourceSystem>
        <text>Referred to the Committee on Homeland Security and Governmental Affairs.</text>
        <type>IntroReferral</type>
      </item>
      <item>
        <actionDate>2019-11-07</actionDate>
        <committee />
        <type>IntroReferral</type>
        <actionCode>10000</actionCode>
        <links />
        <sourceSystem>
          <code>9</code>
          <name>Library of Congress</name>
        </sourceSystem>
        <text>Introduced in Senate</text>
      </item>
      <actionTypeCounts>
        <senateCommitteeDischarged>1</senateCommitteeDischarged>
        <referredToCommittee>1</referredToCommittee>
        <introducedInSenate>1</introducedInSenate>
        <passedAgreedToInSenate>1</passedAgreedToInSenate>
        <agreedToInSenate>1</agreedToInSenate>
        <committeeDischarged>1</committeeDischarged>
      </actionTypeCounts>
    </actions>
    <originChamber>Senate</originChamber>
    <committees>
      <billCommittees>
        <item>
          <chamber>Senate</chamber>
          <subcommittees />
          <type>Standing</type>
          <activities>
            <item>
              <name>Discharged from</name>
              <date>2019-11-14T20:59:29Z</date>
            </item>
            <item>
              <name>Referred to</name>
              <date>2019-11-07T21:26:12Z</date>
            </item>
          </activities>
          <name>Homeland Security and Governmental Affairs Committee</name>
          <systemCode>ssga00</systemCode>
        </item>
      </billCommittees>
    </committees>
    <titles>
      <item>
        <titleType>Official Title as Introduced</titleType>
        <chamberCode />
        <title>A resolution expressing the sense of the Senate that the United States Postal Service should issue a commemorative postage stamp series honoring women veterans of the Armed Forces and that the Citizens' Stamp Advisory Committee should recommend to the Postmaster General that such a stamp series be issued.</title>
        <parentTitleType />
        <chamberName />
      </item>
      <item>
        <titleType>Display Title</titleType>
        <chamberCode />
        <title>A resolution expressing the sense of the Senate that the United States Postal Service should issue a commemorative postage stamp series honoring women veterans of the Armed Forces and that the Citizens' Stamp Advisory Committee should recommend to the Postmaster General that such a stamp series be issued.</title>
        <parentTitleType />
        <chamberName />
      </item>
    </titles>
    <summaries>
      <billSummaries />
    </summaries>
    <recordedVotes />
    <title>A resolution expressing the sense of the Senate that the United States Postal Service should issue a commemorative postage stamp series honoring women veterans of the Armed Forces and that the Citizens' Stamp Advisory Committee should recommend to the Postmaster General that such a stamp series be issued.</title>
    <sponsors>
      <item>
        <party>D</party>
        <state>MA</state>
        <identifiers>
          <lisID>2182</lisID>
          <gpoId />
          <bioguideId>W000817</bioguideId>
        </identifiers>
        <middleName>A.</middleName>
        <byRequestType />
        <bioguideId>W000817</bioguideId>
        <firstName>Elizabeth</firstName>
        <fullName>Sen. Warren, Elizabeth [D-MA]</fullName>
        <lastName>Warren</lastName>
      </item>
    </sponsors>
    <cosponsors>
      <item>
        <firstName>Lisa</firstName>
        <middleName />
        <isOriginalCosponsor>True</isOriginalCosponsor>
        <state>AK</state>
        <bioguideId>M001153</bioguideId>
        <identifiers>
          <lisID>1694</lisID>
          <gpoId>8234</gpoId>
          <bioguideId>M001153</bioguideId>
        </identifiers>
        <sponsorshipWithdrawnDate />
        <sponsorshipDate>2019-11-07</sponsorshipDate>
        <fullName>Sen. Murkowski, Lisa [R-AK]</fullName>
        <party>R</party>
        <lastName>Murkowski</lastName>
      </item>
      <item>
        <firstName>Martha</firstName>
        <middleName />
        <isOriginalCosponsor>True</isOriginalCosponsor>
        <state>AZ</state>
        <bioguideId>M001197</bioguideId>
        <identifiers>
          <lisID>2225</lisID>
          <gpoId />
          <bioguideId>M001197</bioguideId>
        </identifiers>
        <sponsorshipWithdrawnDate />
        <sponsorshipDate>2019-11-07</sponsorshipDate>
        <fullName>Sen. McSally, Martha [R-AZ]</fullName>
        <party>R</party>
        <lastName>McSally</lastName>
      </item>
      <item>
        <firstName>Jon</firstName>
        <middleName />
        <isOriginalCosponsor>True</isOriginalCosponsor>
        <state>MT</state>
        <bioguideId>T000464</bioguideId>
        <identifiers>
          <lisID>1829</lisID>
          <gpoId>8258</gpoId>
          <bioguideId>T000464</bioguideId>
        </identifiers>
        <sponsorshipWithdrawnDate />
        <sponsorshipDate>2019-11-07</sponsorshipDate>
        <fullName>Sen. Tester, Jon [D-MT]</fullName>
        <party>D</party>
        <lastName>Tester</lastName>
      </item>
      <item>
        <firstName>Kamala</firstName>
        <middleName>D.</middleName>
        <isOriginalCosponsor>True</isOriginalCosponsor>
        <state>CA</state>
        <bioguideId>H001075</bioguideId>
        <identifiers>
          <lisID>2301</lisID>
          <gpoId />
          <bioguideId>H001075</bioguideId>
        </identifiers>
        <sponsorshipWithdrawnDate />
        <sponsorshipDate>2019-11-07</sponsorshipDate>
        <fullName>Sen. Harris, Kamala D. [D-CA]</fullName>
        <party>D</party>
        <lastName>Harris</lastName>
      </item>
      <item>
        <firstName>Dan</firstName>
        <middleName />
        <isOriginalCosponsor>True</isOriginalCosponsor>
        <state>AK</state>
        <bioguideId>S001198</bioguideId>
        <identifiers>
          <lisID>2290</lisID>
          <gpoId />
          <bioguideId>S001198</bioguideId>
        </identifiers>
        <sponsorshipWithdrawnDate />
        <sponsorshipDate>2019-11-07</sponsorshipDate>
        <fullName>Sen. Sullivan, Dan  [R-AK]</fullName>
        <party>R</party>
        <lastName>Sullivan</lastName>
      </item>
      <item>
        <firstName>Kirsten</firstName>
        <middleName>E.</middleName>
        <isOriginalCosponsor>True</isOriginalCosponsor>
        <state>NY</state>
        <bioguideId>G000555</bioguideId>
        <identifiers>
          <bioguideId>G000555</bioguideId>
          <gpoId>8336</gpoId>
          <lisID>1866</lisID>
        </identifiers>
        <sponsorshipWithdrawnDate />
        <sponsorshipDate>2019-11-07</sponsorshipDate>
        <fullName>Sen. Gillibrand, Kirsten E. [D-NY]</fullName>
        <party>D</party>
        <lastName>Gillibrand</lastName>
      </item>
      <item>
        <firstName>Margaret</firstName>
        <middleName>Wood</middleName>
        <isOriginalCosponsor>True</isOriginalCosponsor>
        <state>NH</state>
        <bioguideId>H001076</bioguideId>
        <identifiers>
          <lisID>2302</lisID>
          <gpoId />
          <bioguideId>H001076</bioguideId>
        </identifiers>
        <sponsorshipWithdrawnDate />
        <sponsorshipDate>2019-11-07</sponsorshipDate>
        <fullName>Sen. Hassan, Margaret Wood [D-NH]</fullName>
        <party>D</party>
        <lastName>Hassan</lastName>
      </item>
      <item>
        <firstName>SHELLEY</firstName>
        <middleName>MOORE</middleName>
        <isOriginalCosponsor>True</isOriginalCosponsor>
        <state>WV</state>
        <bioguideId>C001047</bioguideId>
        <identifiers>
          <bioguideId>C001047</bioguideId>
          <lisID>1676</lisID>
          <gpoId>8223</gpoId>
        </identifiers>
        <sponsorshipWithdrawnDate />
        <sponsorshipDate>2019-11-07</sponsorshipDate>
        <fullName>Sen. Capito, Shelley Moore [R-WV]</fullName>
        <party>R</party>
        <lastName>CAPITO</lastName>
      </item>
    </cosponsors>
    <billNumber>415</billNumber>
    <congress>116</congress>
    <latestAction>
      <links />
      <actionDate>2019-11-14</actionDate>
      <text>Resolution agreed to in Senate without amendment and with a preamble by Unanimous Consent. (text: CR 11/07/2019 S6482)</text>
    </latestAction>
    <billType>SRES</billType>
    <updateDate>2019-11-19T11:04:22Z</updateDate>
    <createDate>2019-11-08T06:12:27Z</createDate>
    <version>1.0.0</version>
  </bill>
  <dublinCore xmlns:dc="http://purl.org/dc/elements/1.1/">
    <dc:format>text/xml</dc:format>
    <dc:language>EN</dc:language>
    <dc:rights>Pursuant to Title 17 Section 105 of the United States Code, this file is not subject to copyright protection and is in the public domain.</dc:rights>
    <dc:contributor>Congressional Research Service, Library of Congress</dc:contributor>
    <dc:description>This file contains bill summaries and statuses for federal legislation. A bill summary describes the most significant provisions of a piece of legislation and details the effects the legislative text may have on current law and federal programs. Bill summaries are authored by the Congressional Research Service (CRS) of the Library of Congress. As stated in Public Law 91-510 (2 USC 166 (d)(6)), one of the duties of CRS is "to prepare summaries and digests of bills and resolutions of a public general nature introduced in the Senate or House of Representatives". For more information, refer to the User Guide that accompanies this file.</dc:description>
  </dublinCore>
</billStatus>

