<?xml version="1.0" encoding="UTF-8"?>
<billStatus>
  <bill>
    <relatedBills />
    <createDate>2019-05-09T04:42:08Z</createDate>
    <textVersions>
      <item>
        <type>Agreed to Senate</type>
        <date>2019-05-08T04:00:00Z</date>
        <formats>
          <item>
            <url>https://www.govinfo.gov/content/pkg/BILLS-116sres196ats/xml/BILLS-116sres196ats.xml</url>
          </item>
        </formats>
      </item>
    </textVersions>
    <summaries>
      <billSummaries>
        <item>
          <lastSummaryUpdateDate>2019-07-23T22:56:30Z</lastSummaryUpdateDate>
          <text><![CDATA[<p>This resolution recognizes (1) the American Peanut Shellers Association for a century of effective leadership in the peanut industry, and (2) the beneficial work of the peanut industry in the United States and the state of Georgia. </p>]]></text>
          <actionDesc>Introduced in Senate</actionDesc>
          <actionDate>2019-05-08</actionDate>
          <name>Introduced in Senate</name>
          <versionCode>00</versionCode>
          <updateDate>2019-05-08T04:00:00Z</updateDate>
        </item>
        <item>
          <lastSummaryUpdateDate>2019-07-23T22:57:16Z</lastSummaryUpdateDate>
          <text><![CDATA[<p>This resolution recognizes (1) the American Peanut Shellers Association for a century of effective leadership in the peanut industry, and (2) the beneficial work of the peanut industry in the United States and the state of Georgia. </p>]]></text>
          <actionDesc>Passed Senate</actionDesc>
          <actionDate>2019-05-08</actionDate>
          <name>Passed Senate</name>
          <versionCode>55</versionCode>
          <updateDate>2019-05-08T21:43:01Z</updateDate>
        </item>
      </billSummaries>
    </summaries>
    <cboCostEstimates />
    <actions>
      <actionByCounts>
        <senate>3</senate>
      </actionByCounts>
      <item>
        <actionDate>2019-05-08</actionDate>
        <committee />
        <links>
          <link>
            <url>https://www.congress.gov/congressional-record/volume-165/senate-section/page/S2747-2748</url>
            <name>S2747-2748</name>
          </link>
          <link>
            <url>https://www.congress.gov/congressional-record/volume-165/senate-section/page/S2748</url>
            <name>S2748</name>
          </link>
        </links>
        <sourceSystem>
          <code>0</code>
          <name>Senate</name>
        </sourceSystem>
        <text>Submitted in the Senate, considered, and agreed to without amendment and with a preamble by Unanimous Consent. (consideration: CR S2748; text: CR S2747-2748)</text>
        <type>Floor</type>
      </item>
      <item>
        <text>Passed/agreed to in Senate: Submitted in the Senate, considered, and agreed to without amendment and with a preamble by Unanimous Consent.(consideration: CR S2748; text: CR S2747-2748)</text>
        <actionCode>17000</actionCode>
        <type>Floor</type>
        <actionDate>2019-05-08</actionDate>
        <committee />
        <links>
          <link>
            <url>https://www.congress.gov/congressional-record/volume-165/senate-section/page/S2747-2748</url>
            <name>S2747-2748</name>
          </link>
          <link>
            <url>https://www.congress.gov/congressional-record/volume-165/senate-section/page/S2748</url>
            <name>S2748</name>
          </link>
        </links>
        <sourceSystem>
          <code>9</code>
          <name>Library of Congress</name>
        </sourceSystem>
      </item>
      <item>
        <text>Introduced in Senate</text>
        <actionCode>10000</actionCode>
        <type>IntroReferral</type>
        <actionDate>2019-05-08</actionDate>
        <committee />
        <links />
        <sourceSystem>
          <code>9</code>
          <name>Library of Congress</name>
        </sourceSystem>
      </item>
      <actionTypeCounts>
        <introducedInSenate>1</introducedInSenate>
        <passedAgreedToInSenate>1</passedAgreedToInSenate>
        <passedOrAgreedToInSenateDayOf>1</passedOrAgreedToInSenateDayOf>
      </actionTypeCounts>
    </actions>
    <policyArea>
      <name>Agriculture and Food</name>
    </policyArea>
    <committeeReports />
    <amendments />
    <billNumber>196</billNumber>
    <version>1.0.0</version>
    <committees>
      <billCommittees />
    </committees>
    <sponsors>
      <item>
        <state>GA</state>
        <middleName>Alfred</middleName>
        <bioguideId>P000612</bioguideId>
        <fullName>Sen. Perdue, David [R-GA]</fullName>
        <lastName>Perdue</lastName>
        <byRequestType />
        <identifiers>
          <lisID>2286</lisID>
          <bioguideId>P000612</bioguideId>
          <gpoId />
        </identifiers>
        <firstName>David</firstName>
        <party>R</party>
      </item>
    </sponsors>
    <calendarNumbers />
    <laws />
    <subjects>
      <billSubjects>
        <legislativeSubjects>
          <item>
            <name>Agricultural marketing and promotion</name>
          </item>
          <item>
            <name>Congressional tributes</name>
          </item>
          <item>
            <name>Food industry and services</name>
          </item>
          <item>
            <name>Georgia</name>
          </item>
        </legislativeSubjects>
        <policyArea>
          <name>Agriculture and Food</name>
        </policyArea>
      </billSubjects>
    </subjects>
    <introducedDate>2019-05-08</introducedDate>
    <billType>SRES</billType>
    <titles>
      <item>
        <parentTitleType />
        <chamberCode />
        <titleType>Official Title as Introduced</titleType>
        <title>A resolution recognizing the American Peanut Shellers Association for a century of effective leadership in the peanut industry and the beneficial work of the peanut industry in the United States and the State of Georgia.</title>
        <chamberName />
      </item>
      <item>
        <parentTitleType />
        <chamberCode />
        <titleType>Display Title</titleType>
        <title>A resolution recognizing the American Peanut Shellers Association for a century of effective leadership in the peanut industry and the beneficial work of the peanut industry in the United States and the State of Georgia.</title>
        <chamberName />
      </item>
    </titles>
    <title>A resolution recognizing the American Peanut Shellers Association for a century of effective leadership in the peanut industry and the beneficial work of the peanut industry in the United States and the State of Georgia.</title>
    <notes />
    <updateDate>2019-07-31T07:34:10Z</updateDate>
    <originChamber>Senate</originChamber>
    <congress>116</congress>
    <latestAction>
      <links />
      <text>Submitted in the Senate, considered, and agreed to without amendment and with a preamble by Unanimous Consent. (consideration: CR S2748; text: CR S2747-2748)</text>
      <actionDate>2019-05-08</actionDate>
    </latestAction>
    <recordedVotes />
    <cosponsors>
      <item>
        <bioguideId>I000055</bioguideId>
        <sponsorshipWithdrawnDate />
        <party>R</party>
        <identifiers>
          <gpoId>8323</gpoId>
          <bioguideId>I000055</bioguideId>
          <lisID>1608</lisID>
        </identifiers>
        <middleName />
        <lastName>Isakson</lastName>
        <sponsorshipDate>2019-05-08</sponsorshipDate>
        <fullName>Sen. Isakson, Johnny [R-GA]</fullName>
        <state>GA</state>
        <isOriginalCosponsor>True</isOriginalCosponsor>
        <firstName>Johnny</firstName>
      </item>
    </cosponsors>
  </bill>
  <dublinCore xmlns:dc="http://purl.org/dc/elements/1.1/">
    <dc:format>text/xml</dc:format>
    <dc:language>EN</dc:language>
    <dc:rights>Pursuant to Title 17 Section 105 of the United States Code, this file is not subject to copyright protection and is in the public domain.</dc:rights>
    <dc:contributor>Congressional Research Service, Library of Congress</dc:contributor>
    <dc:description>This file contains bill summaries and statuses for federal legislation. A bill summary describes the most significant provisions of a piece of legislation and details the effects the legislative text may have on current law and federal programs. Bill summaries are authored by the Congressional Research Service (CRS) of the Library of Congress. As stated in Public Law 91-510 (2 USC 166 (d)(6)), one of the duties of CRS is "to prepare summaries and digests of bills and resolutions of a public general nature introduced in the Senate or House of Representatives". For more information, refer to the User Guide that accompanies this file.</dc:description>
  </dublinCore>
</billStatus>

