<?xml version="1.0" encoding="UTF-8"?>
<billStatus>
  <bill>
    <titles>
      <item>
        <parentTitleType />
        <chamberName />
        <chamberCode />
        <titleType>Official Title as Introduced</titleType>
        <title>A resolution to authorize testimony, documents, and representation in United States v. Pratersch.</title>
      </item>
      <item>
        <parentTitleType />
        <chamberName />
        <chamberCode />
        <titleType>Display Title</titleType>
        <title>A resolution to authorize testimony, documents, and representation in United States v. Pratersch.</title>
      </item>
    </titles>
    <textVersions>
      <item>
        <date>2019-04-09T04:00:00Z</date>
        <formats>
          <item>
            <url>https://www.govinfo.gov/content/pkg/BILLS-116sres151ats/xml/BILLS-116sres151ats.xml</url>
          </item>
        </formats>
        <type>Agreed to Senate</type>
      </item>
    </textVersions>
    <recordedVotes />
    <billNumber>151</billNumber>
    <amendments />
    <version>1.0.0</version>
    <updateDate>2019-05-10T04:42:28Z</updateDate>
    <congress>116</congress>
    <latestAction>
      <links />
      <actionDate>2019-04-09</actionDate>
      <text>Submitted in the Senate, considered, and agreed to without amendment and with a preamble by Unanimous Consent. (consideration: CR S2348; text: CR S2333)</text>
    </latestAction>
    <actions>
      <actionByCounts>
        <senate>3</senate>
      </actionByCounts>
      <item>
        <actionDate>2019-04-09</actionDate>
        <committee />
        <links>
          <link>
            <url>https://www.congress.gov/congressional-record/volume-165/senate-section/page/S2333</url>
            <name>S2333</name>
          </link>
          <link>
            <url>https://www.congress.gov/congressional-record/volume-165/senate-section/page/S2348</url>
            <name>S2348</name>
          </link>
        </links>
        <sourceSystem>
          <name>Senate</name>
          <code>0</code>
        </sourceSystem>
        <text>Submitted in the Senate, considered, and agreed to without amendment and with a preamble by Unanimous Consent. (consideration: CR S2348; text: CR S2333)</text>
        <type>Floor</type>
      </item>
      <item>
        <committee />
        <type>Floor</type>
        <actionDate>2019-04-09</actionDate>
        <text>Passed/agreed to in Senate: Submitted in the Senate, considered, and agreed to without amendment and with a preamble by Unanimous Consent.(consideration: CR S2348; text: CR S2333)</text>
        <actionCode>17000</actionCode>
        <links>
          <link>
            <url>https://www.congress.gov/congressional-record/volume-165/senate-section/page/S2333</url>
            <name>S2333</name>
          </link>
          <link>
            <url>https://www.congress.gov/congressional-record/volume-165/senate-section/page/S2348</url>
            <name>S2348</name>
          </link>
        </links>
        <sourceSystem>
          <name>Library of Congress</name>
          <code>9</code>
        </sourceSystem>
      </item>
      <item>
        <committee />
        <type>IntroReferral</type>
        <actionDate>2019-04-09</actionDate>
        <text>Introduced in Senate</text>
        <actionCode>10000</actionCode>
        <links />
        <sourceSystem>
          <name>Library of Congress</name>
          <code>9</code>
        </sourceSystem>
      </item>
      <actionTypeCounts>
        <passedOrAgreedToInSenateDayOf>1</passedOrAgreedToInSenateDayOf>
        <passedAgreedToInSenate>1</passedAgreedToInSenate>
        <introducedInSenate>1</introducedInSenate>
      </actionTypeCounts>
    </actions>
    <subjects>
      <billSubjects>
        <legislativeSubjects>
          <item>
            <name>Congressional officers and employees</name>
          </item>
          <item>
            <name>Criminal investigation, prosecution, interrogation</name>
          </item>
          <item>
            <name>Evidence and witnesses</name>
          </item>
          <item>
            <name>Florida</name>
          </item>
          <item>
            <name>Legislative rules and procedure</name>
          </item>
          <item>
            <name>Members of Congress</name>
          </item>
          <item>
            <name>Senate</name>
          </item>
        </legislativeSubjects>
        <policyArea>
          <name>Congress</name>
        </policyArea>
      </billSubjects>
    </subjects>
    <introducedDate>2019-04-09</introducedDate>
    <committeeReports />
    <createDate>2019-04-10T04:42:10Z</createDate>
    <notes />
    <cosponsors>
      <item>
        <firstName>CHARLES</firstName>
        <sponsorshipWithdrawnDate />
        <bioguideId>S000148</bioguideId>
        <identifiers>
          <lisID>1036</lisID>
          <bioguideId>S000148</bioguideId>
          <gpoId>8279</gpoId>
        </identifiers>
        <isOriginalCosponsor>True</isOriginalCosponsor>
        <party>D</party>
        <state>NY</state>
        <fullName>Sen. Schumer, Charles E. [D-NY]</fullName>
        <sponsorshipDate>2019-04-09</sponsorshipDate>
        <middleName>E.</middleName>
        <lastName>SCHUMER</lastName>
      </item>
    </cosponsors>
    <relatedBills />
    <billType>SRES</billType>
    <committees>
      <billCommittees />
    </committees>
    <summaries>
      <billSummaries>
        <item>
          <actionDesc>Introduced in Senate</actionDesc>
          <lastSummaryUpdateDate>2019-05-07T21:49:24Z</lastSummaryUpdateDate>
          <updateDate>2019-04-09T04:00:00Z</updateDate>
          <versionCode>00</versionCode>
          <name>Introduced in Senate</name>
          <actionDate>2019-04-09</actionDate>
          <text><![CDATA[<p>This resolution authorizes (1) Greta Hasler, an employee of the Office of Senator Bernard Sanders, and any other current or former employee of the Senator's office from whom relevant evidence may be necessary, to testify and produce documents in the case of <em>United States v. Pratersch</em>, except concerning matters for which a privilege should be asserted; and (2) the Senate Legal Counsel to represent Senator Sanders and those employees in connection with this case.</p>]]></text>
        </item>
        <item>
          <actionDesc>Passed Senate</actionDesc>
          <lastSummaryUpdateDate>2019-05-07T21:49:14Z</lastSummaryUpdateDate>
          <updateDate>2019-04-09T12:36:50Z</updateDate>
          <versionCode>55</versionCode>
          <name>Passed Senate</name>
          <actionDate>2019-04-09</actionDate>
          <text><![CDATA[<p>This resolution authorizes (1) Greta Hasler, an employee of the Office of Senator Bernard Sanders, and any other current or former employee of the Senator's office from whom relevant evidence may be necessary, to testify and produce documents in the case of <em>United States v. Pratersch</em>, except concerning matters for which a privilege should be asserted; and (2) the Senate Legal Counsel to represent Senator Sanders and those employees in connection with this case.</p>]]></text>
        </item>
      </billSummaries>
    </summaries>
    <cboCostEstimates />
    <originChamber>Senate</originChamber>
    <policyArea>
      <name>Congress</name>
    </policyArea>
    <title>A resolution to authorize testimony, documents, and representation in United States v. Pratersch.</title>
    <laws />
    <sponsors>
      <item>
        <byRequestType />
        <bioguideId>M000355</bioguideId>
        <state>KY</state>
        <identifiers>
          <bioguideId>M000355</bioguideId>
          <lisID>1395</lisID>
          <gpoId>8254</gpoId>
        </identifiers>
        <lastName>MCCONNELL</lastName>
        <party>R</party>
        <middleName />
        <fullName>Sen. McConnell, Mitch [R-KY]</fullName>
        <firstName>MITCH</firstName>
      </item>
    </sponsors>
    <calendarNumbers />
  </bill>
  <dublinCore xmlns:dc="http://purl.org/dc/elements/1.1/">
    <dc:format>text/xml</dc:format>
    <dc:language>EN</dc:language>
    <dc:rights>Pursuant to Title 17 Section 105 of the United States Code, this file is not subject to copyright protection and is in the public domain.</dc:rights>
    <dc:contributor>Congressional Research Service, Library of Congress</dc:contributor>
    <dc:description>This file contains bill summaries and statuses for federal legislation. A bill summary describes the most significant provisions of a piece of legislation and details the effects the legislative text may have on current law and federal programs. Bill summaries are authored by the Congressional Research Service (CRS) of the Library of Congress. As stated in Public Law 91-510 (2 USC 166 (d)(6)), one of the duties of CRS is "to prepare summaries and digests of bills and resolutions of a public general nature introduced in the Senate or House of Representatives". For more information, refer to the User Guide that accompanies this file.</dc:description>
  </dublinCore>
</billStatus>

