<?xml version="1.0" encoding="UTF-8"?>
<billStatus>
  <bill>
    <notes />
    <laws />
    <committees>
      <billCommittees />
    </committees>
    <titles>
      <item>
        <parentTitleType />
        <title>A resolution relative to the death of Dr. Lloyd John Ogilvie, Former Chaplain of the United States Senate.</title>
        <titleType>Official Title as Introduced</titleType>
        <chamberCode />
        <chamberName />
      </item>
      <item>
        <parentTitleType />
        <title>A resolution relative to the death of Dr. Lloyd John Ogilvie, Former Chaplain of the United States Senate.</title>
        <titleType>Display Title</titleType>
        <chamberCode />
        <chamberName />
      </item>
    </titles>
    <relatedBills />
    <textVersions>
      <item>
        <type>Agreed to Senate</type>
        <date>2019-06-10T04:00:00Z</date>
        <formats>
          <item>
            <url>https://www.govinfo.gov/content/pkg/BILLS-116sres240ats/xml/BILLS-116sres240ats.xml</url>
          </item>
        </formats>
      </item>
    </textVersions>
    <recordedVotes />
    <introducedDate>2019-06-10</introducedDate>
    <updateDate>2019-11-05T13:35:01Z</updateDate>
    <cboCostEstimates />
    <title>A resolution relative to the death of Dr. Lloyd John Ogilvie, Former Chaplain of the United States Senate.</title>
    <amendments />
    <originChamber>Senate</originChamber>
    <actions>
      <actionTypeCounts>
        <passedOrAgreedToInSenateDayOf>1</passedOrAgreedToInSenateDayOf>
        <introducedInSenate>1</introducedInSenate>
        <passedAgreedToInSenate>1</passedAgreedToInSenate>
      </actionTypeCounts>
      <actionByCounts>
        <senate>3</senate>
      </actionByCounts>
      <item>
        <actionDate>2019-06-10</actionDate>
        <committee />
        <links>
          <link>
            <url>https://www.congress.gov/congressional-record/volume-165/senate-section/page/S3276</url>
            <name>S3276</name>
          </link>
          <link>
            <url>https://www.congress.gov/congressional-record/volume-165/senate-section/page/S3292</url>
            <name>S3292</name>
          </link>
        </links>
        <sourceSystem>
          <code>0</code>
          <name>Senate</name>
        </sourceSystem>
        <text>Submitted in the Senate, considered, and agreed to without amendment and with a preamble by Unanimous Consent. (consideration: CR S3276; text: CR S3292)</text>
        <type>Floor</type>
      </item>
      <item>
        <actionCode>17000</actionCode>
        <text>Passed/agreed to in Senate: Submitted in the Senate, considered, and agreed to without amendment and with a preamble by Unanimous Consent.(consideration: CR S3276; text: CR S3292)</text>
        <links>
          <link>
            <url>https://www.congress.gov/congressional-record/volume-165/senate-section/page/S3276</url>
            <name>S3276</name>
          </link>
          <link>
            <url>https://www.congress.gov/congressional-record/volume-165/senate-section/page/S3292</url>
            <name>S3292</name>
          </link>
        </links>
        <committee />
        <type>Floor</type>
        <sourceSystem>
          <code>9</code>
          <name>Library of Congress</name>
        </sourceSystem>
        <actionDate>2019-06-10</actionDate>
      </item>
      <item>
        <actionCode>10000</actionCode>
        <text>Introduced in Senate</text>
        <links />
        <committee />
        <type>IntroReferral</type>
        <sourceSystem>
          <code>9</code>
          <name>Library of Congress</name>
        </sourceSystem>
        <actionDate>2019-06-10</actionDate>
      </item>
    </actions>
    <sponsors>
      <item>
        <fullName>Sen. McConnell, Mitch [R-KY]</fullName>
        <firstName>MITCH</firstName>
        <identifiers>
          <lisID>1395</lisID>
          <gpoId>8254</gpoId>
          <bioguideId>M000355</bioguideId>
        </identifiers>
        <bioguideId>M000355</bioguideId>
        <middleName />
        <lastName>MCCONNELL</lastName>
        <party>R</party>
        <byRequestType />
        <state>KY</state>
      </item>
    </sponsors>
    <billType>SRES</billType>
    <createDate>2019-06-11T04:42:08Z</createDate>
    <cosponsors />
    <subjects>
      <billSubjects>
        <legislativeSubjects>
          <item>
            <name>Congressional officers and employees</name>
          </item>
          <item>
            <name>Congressional tributes</name>
          </item>
          <item>
            <name>Religion</name>
          </item>
          <item>
            <name>Senate</name>
          </item>
        </legislativeSubjects>
        <policyArea>
          <name>Congress</name>
        </policyArea>
      </billSubjects>
    </subjects>
    <congress>116</congress>
    <policyArea>
      <name>Congress</name>
    </policyArea>
    <summaries>
      <billSummaries>
        <item>
          <text><![CDATA[<p>This resolution declares that the Senate has heard with profound sorrow and deep regret the announcement of the death of Dr. Lloyd John Ogilvie, former Chaplain of the Senate.</p>]]></text>
          <lastSummaryUpdateDate>2019-06-14T16:27:24Z</lastSummaryUpdateDate>
          <name>Introduced in Senate</name>
          <versionCode>00</versionCode>
          <actionDesc>Introduced in Senate</actionDesc>
          <updateDate>2019-06-10T04:00:00Z</updateDate>
          <actionDate>2019-06-10</actionDate>
        </item>
        <item>
          <text><![CDATA[<p>This resolution declares that the Senate has heard with profound sorrow and deep regret the announcement of the death of Dr. Lloyd John Ogilvie, former Chaplain of the Senate.</p>]]></text>
          <lastSummaryUpdateDate>2019-06-14T16:27:15Z</lastSummaryUpdateDate>
          <name>Passed Senate</name>
          <versionCode>55</versionCode>
          <actionDesc>Passed Senate</actionDesc>
          <updateDate>2019-06-10T12:20:11Z</updateDate>
          <actionDate>2019-06-10</actionDate>
        </item>
      </billSummaries>
    </summaries>
    <billNumber>240</billNumber>
    <calendarNumbers />
    <version>1.0.0</version>
    <committeeReports />
    <latestAction>
      <text>Submitted in the Senate, considered, and agreed to without amendment and with a preamble by Unanimous Consent. (consideration: CR S3276; text: CR S3292)</text>
      <links />
      <actionDate>2019-06-10</actionDate>
    </latestAction>
  </bill>
  <dublinCore xmlns:dc="http://purl.org/dc/elements/1.1/">
    <dc:format>text/xml</dc:format>
    <dc:language>EN</dc:language>
    <dc:rights>Pursuant to Title 17 Section 105 of the United States Code, this file is not subject to copyright protection and is in the public domain.</dc:rights>
    <dc:contributor>Congressional Research Service, Library of Congress</dc:contributor>
    <dc:description>This file contains bill summaries and statuses for federal legislation. A bill summary describes the most significant provisions of a piece of legislation and details the effects the legislative text may have on current law and federal programs. Bill summaries are authored by the Congressional Research Service (CRS) of the Library of Congress. As stated in Public Law 91-510 (2 USC 166 (d)(6)), one of the duties of CRS is "to prepare summaries and digests of bills and resolutions of a public general nature introduced in the Senate or House of Representatives". For more information, refer to the User Guide that accompanies this file.</dc:description>
  </dublinCore>
</billStatus>

