<?xml version="1.0" encoding="UTF-8"?>
<billStatus>
  <bill>
    <billNumber>14</billNumber>
    <committeeReports />
    <cboCostEstimates />
    <summaries>
      <billSummaries>
        <item>
          <versionCode>00</versionCode>
          <actionDesc>Introduced in Senate</actionDesc>
          <updateDate>2019-01-10T05:00:00Z</updateDate>
          <name>Introduced in Senate</name>
          <lastSummaryUpdateDate>2019-05-06T14:46:49Z</lastSummaryUpdateDate>
          <actionDate>2019-01-10</actionDate>
          <text><![CDATA[<p>This resolution expresses the Senate's sense that Cuba is engaging in state-sponsored human trafficking through Mais Medicos, a Brazilian government program that brings doctors from other countries, including Cuba, to serve in Brazil. The resolution also urges the Department of State to downgrade Cuba to Tier 3 in its annual Trafficking in Persons report and to reestablish the Cuban Medical Professionals Parole program, which allowed certain Cuban medical personnel in countries other than Cuba to apply for parole to enter the United States.</p>]]></text>
        </item>
      </billSummaries>
    </summaries>
    <notes />
    <createDate>2019-01-11T05:40:16Z</createDate>
    <cosponsors>
      <item>
        <firstName>Marco</firstName>
        <middleName />
        <isOriginalCosponsor>True</isOriginalCosponsor>
        <state>FL</state>
        <bioguideId>R000595</bioguideId>
        <identifiers>
          <lisID>2084</lisID>
          <gpoId>8242</gpoId>
          <bioguideId>R000595</bioguideId>
        </identifiers>
        <sponsorshipWithdrawnDate />
        <sponsorshipDate>2019-01-10</sponsorshipDate>
        <fullName>Sen. Rubio, Marco [R-FL]</fullName>
        <party>R</party>
        <lastName>Rubio</lastName>
      </item>
      <item>
        <firstName>Rick</firstName>
        <middleName />
        <isOriginalCosponsor>False</isOriginalCosponsor>
        <state>FL</state>
        <bioguideId>S001217</bioguideId>
        <identifiers>
          <lisID>2470</lisID>
          <gpoId />
          <bioguideId>S001217</bioguideId>
        </identifiers>
        <sponsorshipWithdrawnDate />
        <sponsorshipDate>2019-02-27</sponsorshipDate>
        <fullName>Sen. Scott, Rick  [R-FL]</fullName>
        <party>R</party>
        <lastName>Scott</lastName>
      </item>
    </cosponsors>
    <originChamber>Senate</originChamber>
    <amendments />
    <updateDate>2019-11-15T21:56:00Z</updateDate>
    <relatedBills>
      <item>
        <number>136</number>
        <congress>116</congress>
        <type>HRES</type>
        <latestAction>
          <actionDate>2019-02-14</actionDate>
          <text>Referred to the House Committee on Foreign Affairs.</text>
        </latestAction>
        <latestTitle>Affirming that the Government of Cuba's foreign medical missions constitute human trafficking.</latestTitle>
        <relationshipDetails>
          <item>
            <type>Identical bill</type>
            <identifiedBy>CRS</identifiedBy>
          </item>
        </relationshipDetails>
      </item>
    </relatedBills>
    <latestAction>
      <text>Referred to the Committee on Foreign Relations.</text>
      <actionDate>2019-01-10</actionDate>
      <links />
    </latestAction>
    <introducedDate>2019-01-10</introducedDate>
    <laws />
    <subjects>
      <billSubjects>
        <legislativeSubjects>
          <item>
            <name>Brazil</name>
          </item>
          <item>
            <name>Caribbean area</name>
          </item>
          <item>
            <name>Congressional oversight</name>
          </item>
          <item>
            <name>Cuba</name>
          </item>
          <item>
            <name>Health personnel</name>
          </item>
          <item>
            <name>Human rights</name>
          </item>
          <item>
            <name>Human trafficking</name>
          </item>
          <item>
            <name>International organizations and cooperation</name>
          </item>
          <item>
            <name>Labor standards</name>
          </item>
          <item>
            <name>Latin America</name>
          </item>
          <item>
            <name>Wages and earnings</name>
          </item>
          <item>
            <name>World health</name>
          </item>
        </legislativeSubjects>
        <policyArea>
          <name>International Affairs</name>
        </policyArea>
      </billSubjects>
    </subjects>
    <calendarNumbers />
    <textVersions>
      <item>
        <formats>
          <item>
            <url>https://www.govinfo.gov/content/pkg/BILLS-116sres14is/xml/BILLS-116sres14is.xml</url>
          </item>
        </formats>
        <type>Introduced in Senate</type>
        <date>2019-01-10T05:00:00Z</date>
      </item>
    </textVersions>
    <version>1.0.0</version>
    <policyArea>
      <name>International Affairs</name>
    </policyArea>
    <recordedVotes />
    <sponsors>
      <item>
        <bioguideId>M000639</bioguideId>
        <state>NJ</state>
        <party>D</party>
        <fullName>Sen. Menendez, Robert [D-NJ]</fullName>
        <firstName>Robert</firstName>
        <lastName>Menendez</lastName>
        <byRequestType />
        <middleName />
        <identifiers>
          <lisID>791</lisID>
          <gpoId>8239</gpoId>
          <bioguideId>M000639</bioguideId>
        </identifiers>
      </item>
    </sponsors>
    <billType>SRES</billType>
    <title>A resolution affirming that the Government of Cuba's foreign medical missions constitute human trafficking.</title>
    <congress>116</congress>
    <committees>
      <billCommittees>
        <item>
          <chamber>Senate</chamber>
          <subcommittees />
          <type>Standing</type>
          <activities>
            <item>
              <name>Referred to</name>
              <date>2019-01-10T20:26:26Z</date>
            </item>
          </activities>
          <name>Foreign Relations Committee</name>
          <systemCode>ssfr00</systemCode>
        </item>
      </billCommittees>
    </committees>
    <actions>
      <actionTypeCounts>
        <referredToCommittee>1</referredToCommittee>
        <introducedInSenate>1</introducedInSenate>
      </actionTypeCounts>
      <item>
        <actionDate>2019-01-10</actionDate>
        <committee>
          <name>Foreign Relations Committee</name>
          <systemCode>ssfr00</systemCode>
        </committee>
        <links />
        <sourceSystem>
          <name>Senate</name>
          <code>0</code>
        </sourceSystem>
        <text>Referred to the Committee on Foreign Relations.</text>
        <type>IntroReferral</type>
      </item>
      <item>
        <links />
        <sourceSystem>
          <name>Library of Congress</name>
          <code>9</code>
        </sourceSystem>
        <committee />
        <actionCode>10000</actionCode>
        <text>Introduced in Senate</text>
        <actionDate>2019-01-10</actionDate>
        <type>IntroReferral</type>
      </item>
      <actionByCounts>
        <senate>2</senate>
      </actionByCounts>
    </actions>
    <titles>
      <item>
        <titleType>Official Title as Introduced</titleType>
        <chamberCode />
        <title>A resolution affirming that the Government of Cuba's foreign medical missions constitute human trafficking.</title>
        <parentTitleType />
        <chamberName />
      </item>
      <item>
        <titleType>Display Title</titleType>
        <chamberCode />
        <title>A resolution affirming that the Government of Cuba's foreign medical missions constitute human trafficking.</title>
        <parentTitleType />
        <chamberName />
      </item>
    </titles>
  </bill>
  <dublinCore xmlns:dc="http://purl.org/dc/elements/1.1/">
    <dc:format>text/xml</dc:format>
    <dc:language>EN</dc:language>
    <dc:rights>Pursuant to Title 17 Section 105 of the United States Code, this file is not subject to copyright protection and is in the public domain.</dc:rights>
    <dc:contributor>Congressional Research Service, Library of Congress</dc:contributor>
    <dc:description>This file contains bill summaries and statuses for federal legislation. A bill summary describes the most significant provisions of a piece of legislation and details the effects the legislative text may have on current law and federal programs. Bill summaries are authored by the Congressional Research Service (CRS) of the Library of Congress. As stated in Public Law 91-510 (2 USC 166 (d)(6)), one of the duties of CRS is "to prepare summaries and digests of bills and resolutions of a public general nature introduced in the Senate or House of Representatives". For more information, refer to the User Guide that accompanies this file.</dc:description>
  </dublinCore>
</billStatus>

