<?xml version="1.0" encoding="UTF-8"?>
<billStatus>
  <bill>
    <policyArea>
      <name>Agriculture and Food</name>
    </policyArea>
    <relatedBills>
      <item>
        <type>HRES</type>
        <number>379</number>
        <congress>116</congress>
        <latestAction>
          <actionDate>2019-05-23</actionDate>
          <text>Referred to the Subcommittee on Biotechnology, Horticulture, and Research.</text>
        </latestAction>
        <relationshipDetails>
          <item>
            <type>Related bill</type>
            <identifiedBy>CRS</identifiedBy>
          </item>
        </relationshipDetails>
        <latestTitle>Expressing support for the designation of July as "American Grown Flower Month".</latestTitle>
      </item>
    </relatedBills>
    <introducedDate>2019-05-14</introducedDate>
    <committeeReports />
    <amendments />
    <textVersions>
      <item>
        <type>Agreed to Senate</type>
        <date>2019-07-08T04:00:00Z</date>
        <formats>
          <item>
            <url>https://www.govinfo.gov/content/pkg/BILLS-116sres208ats/xml/BILLS-116sres208ats.xml</url>
          </item>
        </formats>
      </item>
      <item>
        <type>Introduced in Senate</type>
        <date>2019-05-14T04:00:00Z</date>
        <formats>
          <item>
            <url>https://www.govinfo.gov/content/pkg/BILLS-116sres208is/xml/BILLS-116sres208is.xml</url>
          </item>
        </formats>
      </item>
    </textVersions>
    <cboCostEstimates />
    <subjects>
      <billSubjects>
        <legislativeSubjects>
          <item>
            <name>Commemorative events and holidays</name>
          </item>
          <item>
            <name>Horticulture and plants</name>
          </item>
          <item>
            <name>Small business</name>
          </item>
        </legislativeSubjects>
        <policyArea>
          <name>Agriculture and Food</name>
        </policyArea>
      </billSubjects>
    </subjects>
    <laws />
    <calendarNumbers />
    <notes />
    <actions>
      <actionByCounts>
        <senate>6</senate>
      </actionByCounts>
      <actionTypeCounts>
        <committeeDischarged>1</committeeDischarged>
        <introducedInSenate>1</introducedInSenate>
        <passedAgreedToInSenate>1</passedAgreedToInSenate>
        <referredToCommittee>1</referredToCommittee>
        <agreedToInSenate>1</agreedToInSenate>
        <senateCommitteeDischarged>1</senateCommitteeDischarged>
      </actionTypeCounts>
      <item>
        <actionDate>2019-07-08</actionDate>
        <committee />
        <links>
          <link>
            <name>CR 5/14/2019 S2835</name>
            <url>https://www.congress.gov/congressional-record/volume-165/senate-section/page/S2835</url>
          </link>
        </links>
        <sourceSystem>
          <code>0</code>
          <name>Senate</name>
        </sourceSystem>
        <text>Resolution agreed to in Senate without amendment and with a preamble by Unanimous Consent. (text: CR 5/14/2019 S2835)</text>
        <type>Floor</type>
      </item>
      <item>
        <type>Floor</type>
        <actionDate>2019-07-08</actionDate>
        <actionCode>17000</actionCode>
        <text>Passed/agreed to in Senate: Resolution agreed to in Senate without amendment and with a preamble by Unanimous Consent.(text: CR 5/14/2019 S2835)</text>
        <links>
          <link>
            <name>CR 5/14/2019 S2835</name>
            <url>https://www.congress.gov/congressional-record/volume-165/senate-section/page/S2835</url>
          </link>
        </links>
        <sourceSystem>
          <code>9</code>
          <name>Library of Congress</name>
        </sourceSystem>
        <committee />
      </item>
      <item>
        <actionDate>2019-07-08</actionDate>
        <committee>
          <name>Agriculture, Nutrition, and Forestry Committee</name>
          <systemCode>ssaf00</systemCode>
        </committee>
        <links>
          <link>
            <name>S4700</name>
            <url>https://www.congress.gov/congressional-record/volume-165/senate-section/page/S4700</url>
          </link>
        </links>
        <sourceSystem>
          <code>0</code>
          <name>Senate</name>
        </sourceSystem>
        <text>Senate Committee on Agriculture, Nutrition, and Forestry discharged by Unanimous Consent. (consideration: CR S4700)</text>
        <type>Discharge</type>
      </item>
      <item>
        <type>Committee</type>
        <actionDate>2019-07-08</actionDate>
        <sourceSystem>
          <code>9</code>
          <name>Library of Congress</name>
        </sourceSystem>
        <text>Senate Committee on Agriculture, Nutrition, and Forestry discharged by Unanimous Consent.(consideration: CR S4700)</text>
        <links>
          <link>
            <name>S4700</name>
            <url>https://www.congress.gov/congressional-record/volume-165/senate-section/page/S4700</url>
          </link>
        </links>
        <actionCode>14500</actionCode>
        <committee>
          <name>Agriculture, Nutrition, and Forestry Committee</name>
          <systemCode>ssaf00</systemCode>
        </committee>
      </item>
      <item>
        <actionDate>2019-05-14</actionDate>
        <committee>
          <name>Agriculture, Nutrition, and Forestry Committee</name>
          <systemCode>ssaf00</systemCode>
        </committee>
        <links />
        <sourceSystem>
          <code>0</code>
          <name>Senate</name>
        </sourceSystem>
        <text>Referred to the Committee on Agriculture, Nutrition, and Forestry.</text>
        <type>IntroReferral</type>
      </item>
      <item>
        <type>IntroReferral</type>
        <actionDate>2019-05-14</actionDate>
        <actionCode>10000</actionCode>
        <text>Introduced in Senate</text>
        <links />
        <sourceSystem>
          <code>9</code>
          <name>Library of Congress</name>
        </sourceSystem>
        <committee />
      </item>
    </actions>
    <originChamber>Senate</originChamber>
    <committees>
      <billCommittees>
        <item>
          <subcommittees />
          <type>Standing</type>
          <systemCode>ssaf00</systemCode>
          <chamber>Senate</chamber>
          <name>Agriculture, Nutrition, and Forestry Committee</name>
          <activities>
            <item>
              <date>2019-07-08T22:49:32Z</date>
              <name>Discharged from</name>
            </item>
            <item>
              <date>2019-05-14T20:34:44Z</date>
              <name>Referred to</name>
            </item>
          </activities>
        </item>
      </billCommittees>
    </committees>
    <titles>
      <item>
        <title>A resolution expressing support for the designation of July as "American Grown Flower Month".</title>
        <chamberCode />
        <parentTitleType />
        <titleType>Official Title as Introduced</titleType>
        <chamberName />
      </item>
      <item>
        <title>A resolution expressing support for the designation of July as "American Grown Flower Month".</title>
        <chamberCode />
        <parentTitleType />
        <titleType>Display Title</titleType>
        <chamberName />
      </item>
    </titles>
    <summaries>
      <billSummaries>
        <item>
          <lastSummaryUpdateDate>2019-05-31T22:19:45Z</lastSummaryUpdateDate>
          <text><![CDATA[<p>This resolution supports the designation of July as American Grown Flower Month. </p>]]></text>
          <versionCode>00</versionCode>
          <actionDate>2019-05-14</actionDate>
          <actionDesc>Introduced in Senate</actionDesc>
          <updateDate>2019-05-14T04:00:00Z</updateDate>
          <name>Introduced in Senate</name>
        </item>
        <item>
          <lastSummaryUpdateDate>2019-07-09T14:19:54Z</lastSummaryUpdateDate>
          <text><![CDATA[<p>This resolution supports the designation of July as American Grown Flower Month.</p>]]></text>
          <versionCode>55</versionCode>
          <actionDate>2019-07-08</actionDate>
          <actionDesc>Passed Senate</actionDesc>
          <updateDate>2019-07-08T13:12:59Z</updateDate>
          <name>Passed Senate</name>
        </item>
      </billSummaries>
    </summaries>
    <recordedVotes />
    <title>A resolution expressing support for the designation of July as "American Grown Flower Month".</title>
    <sponsors>
      <item>
        <party>D</party>
        <state>CA</state>
        <identifiers>
          <bioguideId>F000062</bioguideId>
          <lisID>1332</lisID>
          <gpoId>8338</gpoId>
        </identifiers>
        <middleName />
        <byRequestType />
        <bioguideId>F000062</bioguideId>
        <firstName>DIANNE</firstName>
        <fullName>Sen. Feinstein, Dianne [D-CA]</fullName>
        <lastName>FEINSTEIN</lastName>
      </item>
    </sponsors>
    <cosponsors>
      <item>
        <firstName>Kamala</firstName>
        <middleName>D.</middleName>
        <isOriginalCosponsor>True</isOriginalCosponsor>
        <state>CA</state>
        <bioguideId>H001075</bioguideId>
        <identifiers>
          <lisID>2301</lisID>
          <gpoId />
          <bioguideId>H001075</bioguideId>
        </identifiers>
        <sponsorshipWithdrawnDate />
        <sponsorshipDate>2019-05-14</sponsorshipDate>
        <fullName>Sen. Harris, Kamala D. [D-CA]</fullName>
        <party>D</party>
        <lastName>Harris</lastName>
      </item>
      <item>
        <firstName>Dan</firstName>
        <middleName />
        <isOriginalCosponsor>True</isOriginalCosponsor>
        <state>AK</state>
        <bioguideId>S001198</bioguideId>
        <identifiers>
          <lisID>2290</lisID>
          <gpoId />
          <bioguideId>S001198</bioguideId>
        </identifiers>
        <sponsorshipWithdrawnDate />
        <sponsorshipDate>2019-05-14</sponsorshipDate>
        <fullName>Sen. Sullivan, Dan  [R-AK]</fullName>
        <party>R</party>
        <lastName>Sullivan</lastName>
      </item>
    </cosponsors>
    <billNumber>208</billNumber>
    <congress>116</congress>
    <latestAction>
      <links />
      <actionDate>2019-07-08</actionDate>
      <text>Resolution agreed to in Senate without amendment and with a preamble by Unanimous Consent. (text: CR 5/14/2019 S2835)</text>
    </latestAction>
    <billType>SRES</billType>
    <updateDate>2019-11-15T21:47:32Z</updateDate>
    <createDate>2019-05-15T04:42:14Z</createDate>
    <version>1.0.0</version>
  </bill>
  <dublinCore xmlns:dc="http://purl.org/dc/elements/1.1/">
    <dc:format>text/xml</dc:format>
    <dc:language>EN</dc:language>
    <dc:rights>Pursuant to Title 17 Section 105 of the United States Code, this file is not subject to copyright protection and is in the public domain.</dc:rights>
    <dc:contributor>Congressional Research Service, Library of Congress</dc:contributor>
    <dc:description>This file contains bill summaries and statuses for federal legislation. A bill summary describes the most significant provisions of a piece of legislation and details the effects the legislative text may have on current law and federal programs. Bill summaries are authored by the Congressional Research Service (CRS) of the Library of Congress. As stated in Public Law 91-510 (2 USC 166 (d)(6)), one of the duties of CRS is "to prepare summaries and digests of bills and resolutions of a public general nature introduced in the Senate or House of Representatives". For more information, refer to the User Guide that accompanies this file.</dc:description>
  </dublinCore>
</billStatus>

