<?xml version="1.0" encoding="UTF-8"?>
<billStatus>
  <bill>
    <policyArea>
      <name>International Affairs</name>
    </policyArea>
    <relatedBills />
    <introducedDate>2019-03-05</introducedDate>
    <committeeReports />
    <amendments />
    <textVersions>
      <item>
        <type>Agreed to Senate</type>
        <date>2019-04-10T04:00:00Z</date>
        <formats>
          <item>
            <url>https://www.govinfo.gov/content/pkg/BILLS-116sres95ats/xml/BILLS-116sres95ats.xml</url>
          </item>
        </formats>
      </item>
      <item>
        <type>Reported to Senate</type>
        <date>2019-04-04T04:00:00Z</date>
        <formats>
          <item>
            <url>https://www.govinfo.gov/content/pkg/BILLS-116sres95rs/xml/BILLS-116sres95rs.xml</url>
          </item>
        </formats>
      </item>
      <item>
        <type>Introduced in Senate</type>
        <date>2019-03-05T05:00:00Z</date>
        <formats>
          <item>
            <url>https://www.govinfo.gov/content/pkg/BILLS-116sres95is/xml/BILLS-116sres95is.xml</url>
          </item>
        </formats>
      </item>
    </textVersions>
    <cboCostEstimates />
    <subjects>
      <billSubjects>
        <legislativeSubjects>
          <item>
            <name>Commemorative events and holidays</name>
          </item>
          <item>
            <name>Congressional tributes</name>
          </item>
          <item>
            <name>Europe</name>
          </item>
          <item>
            <name>Greece</name>
          </item>
          <item>
            <name>Sovereignty, recognition, national governance and status</name>
          </item>
        </legislativeSubjects>
        <policyArea>
          <name>International Affairs</name>
        </policyArea>
      </billSubjects>
    </subjects>
    <laws />
    <calendarNumbers>
      <item>
        <number>0060</number>
        <calendar>Senate Calendar of Business</calendar>
      </item>
    </calendarNumbers>
    <notes />
    <actions>
      <actionTypeCounts>
        <introducedInSenate>1</introducedInSenate>
        <agreedToInSenate>1</agreedToInSenate>
        <placedOnCalendarGeneralOrders>1</placedOnCalendarGeneralOrders>
        <referredToCommittee>1</referredToCommittee>
        <reportedToSenate>2</reportedToSenate>
        <passedAgreedToInSenate>1</passedAgreedToInSenate>
        <orderedReported>1</orderedReported>
      </actionTypeCounts>
      <item>
        <actionDate>2019-04-10</actionDate>
        <committee />
        <links>
          <link>
            <url>https://www.congress.gov/congressional-record/volume-165/senate-section/page/S1662</url>
            <name>S1662</name>
          </link>
          <link>
            <url>https://www.congress.gov/congressional-record/volume-165/senate-section/page/S2397</url>
            <name>S2397</name>
          </link>
        </links>
        <sourceSystem>
          <code>0</code>
          <name>Senate</name>
        </sourceSystem>
        <text>Resolution agreed to in Senate without amendment and with a preamble by Unanimous Consent. (consideration: CR S2397; text: 3/5/2019 CR S1662)</text>
        <type>Floor</type>
      </item>
      <item>
        <actionCode>17000</actionCode>
        <text>Passed/agreed to in Senate: Resolution agreed to in Senate without amendment and with a preamble by Unanimous Consent.(consideration: CR S2397; text: 3/5/2019 CR S1662)</text>
        <sourceSystem>
          <code>9</code>
          <name>Library of Congress</name>
        </sourceSystem>
        <actionDate>2019-04-10</actionDate>
        <type>Floor</type>
        <links>
          <link>
            <url>https://www.congress.gov/congressional-record/volume-165/senate-section/page/S1662</url>
            <name>S1662</name>
          </link>
          <link>
            <url>https://www.congress.gov/congressional-record/volume-165/senate-section/page/S2397</url>
            <name>S2397</name>
          </link>
        </links>
        <committee />
      </item>
      <item>
        <actionDate>2019-04-04</actionDate>
        <committee />
        <links />
        <sourceSystem>
          <code>0</code>
          <name>Senate</name>
        </sourceSystem>
        <text>Placed on Senate Legislative Calendar under General Orders. Calendar No. 60.</text>
        <type>Calendars</type>
      </item>
      <item>
        <actionDate>2019-04-04</actionDate>
        <committee>
          <systemCode>ssfr00</systemCode>
          <name>Foreign Relations Committee</name>
        </committee>
        <links />
        <sourceSystem>
          <code>0</code>
          <name>Senate</name>
        </sourceSystem>
        <text>Committee on Foreign Relations. Reported by Senator Risch without amendment and with a preamble. Without written report.</text>
        <type>Committee</type>
      </item>
      <item>
        <actionCode>14000</actionCode>
        <text>Committee on Foreign Relations. Reported by Senator Risch without amendment and with a preamble. Without written report.</text>
        <sourceSystem>
          <code>9</code>
          <name>Library of Congress</name>
        </sourceSystem>
        <actionDate>2019-04-04</actionDate>
        <type>Committee</type>
        <links />
        <committee>
          <systemCode>ssfr00</systemCode>
          <name>Foreign Relations Committee</name>
        </committee>
      </item>
      <item>
        <actionDate>2019-04-03</actionDate>
        <committee>
          <systemCode>ssfr00</systemCode>
          <name>Foreign Relations Committee</name>
        </committee>
        <links />
        <sourceSystem>
          <code>0</code>
          <name>Senate</name>
        </sourceSystem>
        <text>Committee on Foreign Relations. Ordered to be reported without amendment favorably.</text>
        <type>Committee</type>
      </item>
      <item>
        <actionDate>2019-03-05</actionDate>
        <committee>
          <systemCode>ssfr00</systemCode>
          <name>Foreign Relations Committee</name>
        </committee>
        <links />
        <sourceSystem>
          <code>0</code>
          <name>Senate</name>
        </sourceSystem>
        <text>Referred to the Committee on Foreign Relations.</text>
        <type>IntroReferral</type>
      </item>
      <item>
        <actionCode>10000</actionCode>
        <text>Introduced in Senate</text>
        <sourceSystem>
          <code>9</code>
          <name>Library of Congress</name>
        </sourceSystem>
        <actionDate>2019-03-05</actionDate>
        <type>IntroReferral</type>
        <links />
        <committee />
      </item>
      <actionByCounts>
        <senate>8</senate>
      </actionByCounts>
    </actions>
    <originChamber>Senate</originChamber>
    <committees>
      <billCommittees>
        <item>
          <subcommittees />
          <type>Standing</type>
          <systemCode>ssfr00</systemCode>
          <chamber>Senate</chamber>
          <name>Foreign Relations Committee</name>
          <activities>
            <item>
              <date>2019-04-04T21:30:18Z</date>
              <name>Reported by</name>
            </item>
            <item>
              <date>2019-04-03T18:15:04Z</date>
              <name>Markup by</name>
            </item>
            <item>
              <date>2019-03-05T23:30:16Z</date>
              <name>Referred to</name>
            </item>
          </activities>
        </item>
      </billCommittees>
    </committees>
    <titles>
      <item>
        <title>A resolution recognizing the 198th anniversary of the independence of Greece and celebrating democracy in Greece and the United States.</title>
        <chamberCode />
        <parentTitleType />
        <titleType>Official Title as Introduced</titleType>
        <chamberName />
      </item>
      <item>
        <title>A resolution recognizing the 198th anniversary of the independence of Greece and celebrating democracy in Greece and the United States.</title>
        <chamberCode />
        <parentTitleType />
        <titleType>Display Title</titleType>
        <chamberName />
      </item>
    </titles>
    <summaries>
      <billSummaries />
    </summaries>
    <recordedVotes />
    <title>A resolution recognizing the 198th anniversary of the independence of Greece and celebrating democracy in Greece and the United States.</title>
    <sponsors>
      <item>
        <party>D</party>
        <state>NJ</state>
        <identifiers>
          <lisID>791</lisID>
          <gpoId>8239</gpoId>
          <bioguideId>M000639</bioguideId>
        </identifiers>
        <middleName />
        <byRequestType />
        <bioguideId>M000639</bioguideId>
        <firstName>Robert</firstName>
        <fullName>Sen. Menendez, Robert [D-NJ]</fullName>
        <lastName>Menendez</lastName>
      </item>
    </sponsors>
    <cosponsors>
      <item>
        <bioguideId>B001261</bioguideId>
        <state>WY</state>
        <party>R</party>
        <fullName>Sen. Barrasso, John [R-WY]</fullName>
        <lastName>Barrasso</lastName>
        <sponsorshipWithdrawnDate />
        <isOriginalCosponsor>True</isOriginalCosponsor>
        <firstName>John</firstName>
        <identifiers>
          <lisID>1881</lisID>
          <gpoId>8300</gpoId>
          <bioguideId>B001261</bioguideId>
        </identifiers>
        <middleName />
        <sponsorshipDate>2019-03-05</sponsorshipDate>
      </item>
      <item>
        <bioguideId>S000148</bioguideId>
        <state>NY</state>
        <party>D</party>
        <fullName>Sen. Schumer, Charles E. [D-NY]</fullName>
        <lastName>SCHUMER</lastName>
        <sponsorshipWithdrawnDate />
        <isOriginalCosponsor>True</isOriginalCosponsor>
        <firstName>CHARLES</firstName>
        <identifiers>
          <lisID>1036</lisID>
          <gpoId>8279</gpoId>
          <bioguideId>S000148</bioguideId>
        </identifiers>
        <middleName>E.</middleName>
        <sponsorshipDate>2019-03-05</sponsorshipDate>
      </item>
      <item>
        <bioguideId>G000562</bioguideId>
        <state>CO</state>
        <party>R</party>
        <fullName>Sen. Gardner, Cory [R-CO]</fullName>
        <lastName>Gardner</lastName>
        <sponsorshipWithdrawnDate />
        <isOriginalCosponsor>True</isOriginalCosponsor>
        <firstName>Cory</firstName>
        <identifiers>
          <bioguideId>G000562</bioguideId>
          <gpoId>7862</gpoId>
          <lisID>1998</lisID>
        </identifiers>
        <middleName />
        <sponsorshipDate>2019-03-05</sponsorshipDate>
      </item>
      <item>
        <bioguideId>M001169</bioguideId>
        <state>CT</state>
        <party>D</party>
        <fullName>Sen. Murphy, Christopher [D-CT]</fullName>
        <lastName>Murphy</lastName>
        <sponsorshipWithdrawnDate />
        <isOriginalCosponsor>True</isOriginalCosponsor>
        <firstName>Christopher</firstName>
        <identifiers>
          <bioguideId>M001169</bioguideId>
          <lisID>1837</lisID>
          <gpoId>7870</gpoId>
        </identifiers>
        <middleName />
        <sponsorshipDate>2019-03-05</sponsorshipDate>
      </item>
      <item>
        <bioguideId>R000595</bioguideId>
        <state>FL</state>
        <party>R</party>
        <fullName>Sen. Rubio, Marco [R-FL]</fullName>
        <lastName>Rubio</lastName>
        <sponsorshipWithdrawnDate />
        <isOriginalCosponsor>True</isOriginalCosponsor>
        <firstName>Marco</firstName>
        <identifiers>
          <lisID>2084</lisID>
          <gpoId>8242</gpoId>
          <bioguideId>R000595</bioguideId>
        </identifiers>
        <middleName />
        <sponsorshipDate>2019-03-05</sponsorshipDate>
      </item>
      <item>
        <bioguideId>C000141</bioguideId>
        <state>MD</state>
        <party>D</party>
        <fullName>Sen. Cardin, Benjamin L. [D-MD]</fullName>
        <lastName>CARDIN</lastName>
        <sponsorshipWithdrawnDate />
        <isOriginalCosponsor>True</isOriginalCosponsor>
        <firstName>BENJAMIN</firstName>
        <identifiers>
          <bioguideId>C000141</bioguideId>
          <gpoId>8287</gpoId>
          <lisID>174</lisID>
        </identifiers>
        <middleName>L.</middleName>
        <sponsorshipDate>2019-03-05</sponsorshipDate>
      </item>
      <item>
        <bioguideId>E000285</bioguideId>
        <state>WY</state>
        <party>R</party>
        <fullName>Sen. Enzi, Michael B. [R-WY]</fullName>
        <lastName>ENZI</lastName>
        <sponsorshipWithdrawnDate />
        <isOriginalCosponsor>True</isOriginalCosponsor>
        <firstName>MICHAEL</firstName>
        <identifiers>
          <bioguideId>E000285</bioguideId>
          <gpoId>8328</gpoId>
          <lisID>1542</lisID>
        </identifiers>
        <middleName>B.</middleName>
        <sponsorshipDate>2019-03-05</sponsorshipDate>
      </item>
      <item>
        <bioguideId>W000779</bioguideId>
        <state>OR</state>
        <party>D</party>
        <fullName>Sen. Wyden, Ron [D-OR]</fullName>
        <lastName>WYDEN</lastName>
        <sponsorshipWithdrawnDate />
        <isOriginalCosponsor>True</isOriginalCosponsor>
        <firstName>RON</firstName>
        <identifiers>
          <lisID>1247</lisID>
          <gpoId>8265</gpoId>
          <bioguideId>W000779</bioguideId>
        </identifiers>
        <middleName />
        <sponsorshipDate>2019-03-05</sponsorshipDate>
      </item>
      <item>
        <bioguideId>B001310</bioguideId>
        <state>IN</state>
        <party>R</party>
        <fullName>Sen. Braun, Mike  [R-IN]</fullName>
        <lastName>Braun</lastName>
        <sponsorshipWithdrawnDate />
        <isOriginalCosponsor>True</isOriginalCosponsor>
        <firstName>Mike</firstName>
        <identifiers>
          <lisID>2462</lisID>
          <gpoId />
          <bioguideId>B001310</bioguideId>
        </identifiers>
        <middleName />
        <sponsorshipDate>2019-03-05</sponsorshipDate>
      </item>
      <item>
        <bioguideId>V000128</bioguideId>
        <state>MD</state>
        <party>D</party>
        <fullName>Sen. Van Hollen, Chris [D-MD]</fullName>
        <lastName>Van Hollen</lastName>
        <sponsorshipWithdrawnDate />
        <isOriginalCosponsor>True</isOriginalCosponsor>
        <firstName>Chris</firstName>
        <identifiers>
          <lisID>1729</lisID>
          <gpoId>7983</gpoId>
          <bioguideId>V000128</bioguideId>
        </identifiers>
        <middleName />
        <sponsorshipDate>2019-03-05</sponsorshipDate>
      </item>
      <item>
        <bioguideId>J000293</bioguideId>
        <state>WI</state>
        <party>R</party>
        <fullName>Sen. Johnson, Ron [R-WI]</fullName>
        <lastName>Johnson</lastName>
        <sponsorshipWithdrawnDate />
        <isOriginalCosponsor>True</isOriginalCosponsor>
        <firstName>Ron</firstName>
        <identifiers>
          <lisID>2086</lisID>
          <gpoId>8355</gpoId>
          <bioguideId>J000293</bioguideId>
        </identifiers>
        <middleName />
        <sponsorshipDate>2019-03-05</sponsorshipDate>
      </item>
      <item>
        <bioguideId>S000770</bioguideId>
        <state>MI</state>
        <party>D</party>
        <fullName>Sen. Stabenow, Debbie [D-MI]</fullName>
        <lastName>STABENOW</lastName>
        <sponsorshipWithdrawnDate />
        <isOriginalCosponsor>True</isOriginalCosponsor>
        <firstName>DEBORAH</firstName>
        <identifiers>
          <bioguideId>S000770</bioguideId>
          <gpoId>8261</gpoId>
          <lisID>1531</lisID>
        </identifiers>
        <middleName>ANN</middleName>
        <sponsorshipDate>2019-03-05</sponsorshipDate>
      </item>
      <item>
        <bioguideId>T000476</bioguideId>
        <state>NC</state>
        <party>R</party>
        <fullName>Sen. Tillis, Thom [R-NC]</fullName>
        <lastName>Tillis</lastName>
        <sponsorshipWithdrawnDate />
        <isOriginalCosponsor>True</isOriginalCosponsor>
        <firstName>Thomas</firstName>
        <identifiers>
          <bioguideId>T000476</bioguideId>
          <gpoId />
          <lisID>2291</lisID>
        </identifiers>
        <middleName>Roland</middleName>
        <sponsorshipDate>2019-03-05</sponsorshipDate>
      </item>
      <item>
        <bioguideId>D000563</bioguideId>
        <state>IL</state>
        <party>D</party>
        <fullName>Sen. Durbin, Richard J. [D-IL]</fullName>
        <lastName>DURBIN</lastName>
        <sponsorshipWithdrawnDate />
        <isOriginalCosponsor>True</isOriginalCosponsor>
        <firstName>RICHARD</firstName>
        <identifiers>
          <bioguideId>D000563</bioguideId>
          <gpoId>8326</gpoId>
          <lisID>326</lisID>
        </identifiers>
        <middleName>J.</middleName>
        <sponsorshipDate>2019-03-05</sponsorshipDate>
      </item>
      <item>
        <bioguideId>R000122</bioguideId>
        <state>RI</state>
        <party>D</party>
        <fullName>Sen. Reed, Jack [D-RI]</fullName>
        <lastName>REED</lastName>
        <sponsorshipWithdrawnDate />
        <isOriginalCosponsor>True</isOriginalCosponsor>
        <firstName>JOHN</firstName>
        <identifiers>
          <bioguideId>R000122</bioguideId>
          <gpoId>8272</gpoId>
          <lisID>949</lisID>
        </identifiers>
        <middleName>F.</middleName>
        <sponsorshipDate>2019-03-05</sponsorshipDate>
      </item>
      <item>
        <bioguideId>W000802</bioguideId>
        <state>RI</state>
        <party>D</party>
        <fullName>Sen. Whitehouse, Sheldon [D-RI]</fullName>
        <lastName>Whitehouse</lastName>
        <sponsorshipWithdrawnDate />
        <isOriginalCosponsor>True</isOriginalCosponsor>
        <firstName>Sheldon</firstName>
        <identifiers>
          <bioguideId>W000802</bioguideId>
          <lisID>1823</lisID>
          <gpoId>8264</gpoId>
        </identifiers>
        <middleName />
        <sponsorshipDate>2019-03-05</sponsorshipDate>
      </item>
      <item>
        <bioguideId>B000944</bioguideId>
        <state>OH</state>
        <party>D</party>
        <fullName>Sen. Brown, Sherrod [D-OH]</fullName>
        <lastName>Brown</lastName>
        <sponsorshipWithdrawnDate />
        <isOriginalCosponsor>True</isOriginalCosponsor>
        <firstName>Sherrod</firstName>
        <identifiers>
          <lisID>136</lisID>
          <gpoId>8309</gpoId>
          <bioguideId>B000944</bioguideId>
        </identifiers>
        <middleName />
        <sponsorshipDate>2019-03-05</sponsorshipDate>
      </item>
      <item>
        <bioguideId>C001088</bioguideId>
        <state>DE</state>
        <party>D</party>
        <fullName>Sen. Coons, Christopher A. [D-DE]</fullName>
        <lastName>Coons</lastName>
        <sponsorshipWithdrawnDate />
        <isOriginalCosponsor>True</isOriginalCosponsor>
        <firstName>Christopher</firstName>
        <identifiers>
          <lisID>1984</lisID>
          <gpoId>8297</gpoId>
          <bioguideId>C001088</bioguideId>
        </identifiers>
        <middleName>A.</middleName>
        <sponsorshipDate>2019-03-05</sponsorshipDate>
      </item>
      <item>
        <bioguideId>S001181</bioguideId>
        <state>NH</state>
        <party>D</party>
        <fullName>Sen. Shaheen, Jeanne [D-NH]</fullName>
        <lastName>Shaheen</lastName>
        <sponsorshipWithdrawnDate />
        <isOriginalCosponsor>True</isOriginalCosponsor>
        <firstName>Jeanne</firstName>
        <identifiers>
          <bioguideId>S001181</bioguideId>
          <lisID>1901</lisID>
          <gpoId>8276</gpoId>
        </identifiers>
        <middleName />
        <sponsorshipDate>2019-03-05</sponsorshipDate>
      </item>
      <item>
        <bioguideId>H001076</bioguideId>
        <state>NH</state>
        <party>D</party>
        <fullName>Sen. Hassan, Margaret Wood [D-NH]</fullName>
        <lastName>Hassan</lastName>
        <sponsorshipWithdrawnDate />
        <isOriginalCosponsor>True</isOriginalCosponsor>
        <firstName>Margaret</firstName>
        <identifiers>
          <lisID>2302</lisID>
          <gpoId />
          <bioguideId>H001076</bioguideId>
        </identifiers>
        <middleName>Wood</middleName>
        <sponsorshipDate>2019-03-05</sponsorshipDate>
      </item>
      <item>
        <bioguideId>G000555</bioguideId>
        <state>NY</state>
        <party>D</party>
        <fullName>Sen. Gillibrand, Kirsten E. [D-NY]</fullName>
        <lastName>Gillibrand</lastName>
        <sponsorshipWithdrawnDate />
        <isOriginalCosponsor>True</isOriginalCosponsor>
        <firstName>Kirsten</firstName>
        <identifiers>
          <lisID>1866</lisID>
          <gpoId>8336</gpoId>
          <bioguideId>G000555</bioguideId>
        </identifiers>
        <middleName>E.</middleName>
        <sponsorshipDate>2019-03-05</sponsorshipDate>
      </item>
      <item>
        <bioguideId>C001070</bioguideId>
        <state>PA</state>
        <party>D</party>
        <fullName>Sen. Casey, Robert P., Jr. [D-PA]</fullName>
        <lastName>Casey</lastName>
        <sponsorshipWithdrawnDate />
        <isOriginalCosponsor>True</isOriginalCosponsor>
        <firstName>Bob</firstName>
        <identifiers>
          <lisID>1828</lisID>
          <gpoId>8282</gpoId>
          <bioguideId>C001070</bioguideId>
        </identifiers>
        <middleName />
        <sponsorshipDate>2019-03-05</sponsorshipDate>
      </item>
      <item>
        <bioguideId>P000595</bioguideId>
        <state>MI</state>
        <party>D</party>
        <fullName>Sen. Peters, Gary C. [D-MI]</fullName>
        <lastName>Peters</lastName>
        <sponsorshipWithdrawnDate />
        <isOriginalCosponsor>True</isOriginalCosponsor>
        <firstName>Gary</firstName>
        <identifiers>
          <lisID>1929</lisID>
          <gpoId>7994</gpoId>
          <bioguideId>P000595</bioguideId>
        </identifiers>
        <middleName>C.</middleName>
        <sponsorshipDate>2019-03-05</sponsorshipDate>
      </item>
      <item>
        <bioguideId>C000174</bioguideId>
        <state>DE</state>
        <party>D</party>
        <fullName>Sen. Carper, Thomas R. [D-DE]</fullName>
        <lastName>CARPER</lastName>
        <sponsorshipWithdrawnDate />
        <isOriginalCosponsor>True</isOriginalCosponsor>
        <firstName>THOMAS</firstName>
        <identifiers>
          <lisID>179</lisID>
          <gpoId>8283</gpoId>
          <bioguideId>C000174</bioguideId>
        </identifiers>
        <middleName>R.</middleName>
        <sponsorshipDate>2019-03-05</sponsorshipDate>
      </item>
      <item>
        <bioguideId>B001267</bioguideId>
        <state>CO</state>
        <party>D</party>
        <fullName>Sen. Bennet, Michael F. [D-CO]</fullName>
        <lastName>Bennet</lastName>
        <sponsorshipWithdrawnDate />
        <isOriginalCosponsor>True</isOriginalCosponsor>
        <firstName>Michael</firstName>
        <identifiers>
          <bioguideId>B001267</bioguideId>
          <gpoId>8302</gpoId>
          <lisID>1965</lisID>
        </identifiers>
        <middleName>F.</middleName>
        <sponsorshipDate>2019-03-05</sponsorshipDate>
      </item>
      <item>
        <bioguideId>B001288</bioguideId>
        <state>NJ</state>
        <party>D</party>
        <fullName>Sen. Booker, Cory A. [D-NJ]</fullName>
        <lastName>Booker</lastName>
        <sponsorshipWithdrawnDate />
        <isOriginalCosponsor>True</isOriginalCosponsor>
        <firstName>Cory</firstName>
        <identifiers>
          <lisID>2194</lisID>
          <gpoId />
          <bioguideId>B001288</bioguideId>
        </identifiers>
        <middleName>A.</middleName>
        <sponsorshipDate>2019-03-05</sponsorshipDate>
      </item>
      <item>
        <bioguideId>B001277</bioguideId>
        <state>CT</state>
        <party>D</party>
        <fullName>Sen. Blumenthal, Richard [D-CT]</fullName>
        <lastName>Blumenthal</lastName>
        <sponsorshipWithdrawnDate />
        <isOriginalCosponsor>False</isOriginalCosponsor>
        <firstName>Richard</firstName>
        <identifiers>
          <lisID>2076</lisID>
          <gpoId>8332</gpoId>
          <bioguideId>B001277</bioguideId>
        </identifiers>
        <middleName />
        <sponsorshipDate>2019-03-06</sponsorshipDate>
      </item>
    </cosponsors>
    <billNumber>95</billNumber>
    <congress>116</congress>
    <latestAction>
      <links />
      <actionDate>2019-04-10</actionDate>
      <text>Resolution agreed to in Senate without amendment and with a preamble by Unanimous Consent. (consideration: CR S2397; text: 3/5/2019 CR S1662)</text>
    </latestAction>
    <billType>SRES</billType>
    <updateDate>2019-11-15T21:56:28Z</updateDate>
    <createDate>2019-03-06T05:42:06Z</createDate>
    <version>1.0.0</version>
  </bill>
  <dublinCore xmlns:dc="http://purl.org/dc/elements/1.1/">
    <dc:format>text/xml</dc:format>
    <dc:language>EN</dc:language>
    <dc:rights>Pursuant to Title 17 Section 105 of the United States Code, this file is not subject to copyright protection and is in the public domain.</dc:rights>
    <dc:contributor>Congressional Research Service, Library of Congress</dc:contributor>
    <dc:description>This file contains bill summaries and statuses for federal legislation. A bill summary describes the most significant provisions of a piece of legislation and details the effects the legislative text may have on current law and federal programs. Bill summaries are authored by the Congressional Research Service (CRS) of the Library of Congress. As stated in Public Law 91-510 (2 USC 166 (d)(6)), one of the duties of CRS is "to prepare summaries and digests of bills and resolutions of a public general nature introduced in the Senate or House of Representatives". For more information, refer to the User Guide that accompanies this file.</dc:description>
  </dublinCore>
</billStatus>

