<?xml version="1.0" encoding="UTF-8"?>
<billStatus>
  <bill>
    <notes />
    <laws />
    <committees>
      <billCommittees />
    </committees>
    <titles>
      <item>
        <parentTitleType />
        <chamberName />
        <titleType>Official Title as Introduced</titleType>
        <title>A resolution commemorating the victory of the University of Maryland in the 2019 National Collegiate Athletic Association Division I Women's Lacrosse Championship.</title>
        <chamberCode />
      </item>
      <item>
        <parentTitleType />
        <chamberName />
        <titleType>Display Title</titleType>
        <title>A resolution commemorating the victory of the University of Maryland in the 2019 National Collegiate Athletic Association Division I Women's Lacrosse Championship.</title>
        <chamberCode />
      </item>
    </titles>
    <relatedBills />
    <textVersions>
      <item>
        <type>Agreed to Senate</type>
        <date>2019-06-12T04:00:00Z</date>
        <formats>
          <item>
            <url>https://www.govinfo.gov/content/pkg/BILLS-116sres249ats/xml/BILLS-116sres249ats.xml</url>
          </item>
        </formats>
      </item>
    </textVersions>
    <recordedVotes />
    <introducedDate>2019-06-12</introducedDate>
    <updateDate>2019-11-05T13:35:02Z</updateDate>
    <cboCostEstimates />
    <title>A resolution commemorating the victory of the University of Maryland in the 2019 National Collegiate Athletic Association Division I Women's Lacrosse Championship.</title>
    <amendments />
    <originChamber>Senate</originChamber>
    <actions>
      <actionTypeCounts>
        <passedOrAgreedToInSenateDayOf>1</passedOrAgreedToInSenateDayOf>
        <introducedInSenate>1</introducedInSenate>
        <passedAgreedToInSenate>1</passedAgreedToInSenate>
      </actionTypeCounts>
      <actionByCounts>
        <senate>3</senate>
      </actionByCounts>
      <item>
        <actionDate>2019-06-12</actionDate>
        <committee />
        <links>
          <link>
            <url>https://www.congress.gov/congressional-record/volume-165/senate-section/page/S3369</url>
            <name>S3369</name>
          </link>
          <link>
            <url>https://www.congress.gov/congressional-record/volume-165/senate-section/page/S3450</url>
            <name>S3450</name>
          </link>
        </links>
        <sourceSystem>
          <code>0</code>
          <name>Senate</name>
        </sourceSystem>
        <text>Submitted in the Senate, considered, and agreed to without amendment and with a preamble by Unanimous Consent. (consideration: CR S3450; text: CR S3369)</text>
        <type>Floor</type>
      </item>
      <item>
        <actionCode>17000</actionCode>
        <text>Passed/agreed to in Senate: Submitted in the Senate, considered, and agreed to without amendment and with a preamble by Unanimous Consent.(consideration: CR S3450; text: CR S3369)</text>
        <links>
          <link>
            <url>https://www.congress.gov/congressional-record/volume-165/senate-section/page/S3369</url>
            <name>S3369</name>
          </link>
          <link>
            <url>https://www.congress.gov/congressional-record/volume-165/senate-section/page/S3450</url>
            <name>S3450</name>
          </link>
        </links>
        <committee />
        <type>Floor</type>
        <sourceSystem>
          <code>9</code>
          <name>Library of Congress</name>
        </sourceSystem>
        <actionDate>2019-06-12</actionDate>
      </item>
      <item>
        <actionCode>10000</actionCode>
        <text>Introduced in Senate</text>
        <links />
        <committee />
        <type>IntroReferral</type>
        <sourceSystem>
          <code>9</code>
          <name>Library of Congress</name>
        </sourceSystem>
        <actionDate>2019-06-12</actionDate>
      </item>
    </actions>
    <sponsors>
      <item>
        <fullName>Sen. Cardin, Benjamin L. [D-MD]</fullName>
        <firstName>BENJAMIN</firstName>
        <identifiers>
          <lisID>174</lisID>
          <gpoId>8287</gpoId>
          <bioguideId>C000141</bioguideId>
        </identifiers>
        <bioguideId>C000141</bioguideId>
        <middleName>L.</middleName>
        <lastName>CARDIN</lastName>
        <party>D</party>
        <byRequestType />
        <state>MD</state>
      </item>
    </sponsors>
    <billType>SRES</billType>
    <createDate>2019-06-13T04:57:12Z</createDate>
    <cosponsors>
      <item>
        <sponsorshipWithdrawnDate />
        <fullName>Sen. Van Hollen, Chris [D-MD]</fullName>
        <lastName>Van Hollen</lastName>
        <bioguideId>V000128</bioguideId>
        <state>MD</state>
        <sponsorshipDate>2019-06-12</sponsorshipDate>
        <firstName>Chris</firstName>
        <identifiers>
          <lisID>1729</lisID>
          <gpoId>7983</gpoId>
          <bioguideId>V000128</bioguideId>
        </identifiers>
        <middleName />
        <isOriginalCosponsor>True</isOriginalCosponsor>
        <party>D</party>
      </item>
    </cosponsors>
    <subjects>
      <billSubjects>
        <policyArea>
          <name>Sports and Recreation</name>
        </policyArea>
        <legislativeSubjects>
          <item>
            <name>Athletes</name>
          </item>
          <item>
            <name>Congressional tributes</name>
          </item>
          <item>
            <name>Higher education</name>
          </item>
          <item>
            <name>Maryland</name>
          </item>
          <item>
            <name>School athletics</name>
          </item>
        </legislativeSubjects>
      </billSubjects>
    </subjects>
    <congress>116</congress>
    <policyArea>
      <name>Sports and Recreation</name>
    </policyArea>
    <summaries>
      <billSummaries>
        <item>
          <name>Introduced in Senate</name>
          <lastSummaryUpdateDate>2019-06-21T14:26:59Z</lastSummaryUpdateDate>
          <actionDate>2019-06-12</actionDate>
          <actionDesc>Introduced in Senate</actionDesc>
          <versionCode>00</versionCode>
          <text><![CDATA[<p>This resolution congratulates the Maryland Terrapins women's lacrosse team of the University of Maryland, College Park for winning the 2019 National Collegiate Athletic Association Division I Women's Lacrosse Championship.</p>]]></text>
          <updateDate>2019-06-12T04:00:00Z</updateDate>
        </item>
        <item>
          <name>Passed Senate</name>
          <lastSummaryUpdateDate>2019-06-26T13:52:00Z</lastSummaryUpdateDate>
          <actionDate>2019-06-12</actionDate>
          <actionDesc>Passed Senate</actionDesc>
          <versionCode>55</versionCode>
          <text><![CDATA[<p>This resolution congratulates the Maryland Terrapins women's lacrosse team of the University of Maryland, College Park for winning the 2019 National Collegiate Athletic Association Division I Women's Lacrosse Championship.</p>]]></text>
          <updateDate>2019-06-12T13:02:44Z</updateDate>
        </item>
      </billSummaries>
    </summaries>
    <billNumber>249</billNumber>
    <calendarNumbers />
    <version>1.0.0</version>
    <committeeReports />
    <latestAction>
      <text>Submitted in the Senate, considered, and agreed to without amendment and with a preamble by Unanimous Consent. (consideration: CR S3450; text: CR S3369)</text>
      <links />
      <actionDate>2019-06-12</actionDate>
    </latestAction>
  </bill>
  <dublinCore xmlns:dc="http://purl.org/dc/elements/1.1/">
    <dc:format>text/xml</dc:format>
    <dc:language>EN</dc:language>
    <dc:rights>Pursuant to Title 17 Section 105 of the United States Code, this file is not subject to copyright protection and is in the public domain.</dc:rights>
    <dc:contributor>Congressional Research Service, Library of Congress</dc:contributor>
    <dc:description>This file contains bill summaries and statuses for federal legislation. A bill summary describes the most significant provisions of a piece of legislation and details the effects the legislative text may have on current law and federal programs. Bill summaries are authored by the Congressional Research Service (CRS) of the Library of Congress. As stated in Public Law 91-510 (2 USC 166 (d)(6)), one of the duties of CRS is "to prepare summaries and digests of bills and resolutions of a public general nature introduced in the Senate or House of Representatives". For more information, refer to the User Guide that accompanies this file.</dc:description>
  </dublinCore>
</billStatus>

