<?xml version="1.0" encoding="UTF-8"?>
<billStatus>
  <bill>
    <titles>
      <item>
        <titleType>Official Title as Introduced</titleType>
        <parentTitleType />
        <chamberName />
        <title>A resolution expressing the sense of the Senate that the Department of Justice should protect individuals with pre-existing medical conditions by defending the Patient Protection and Affordable Care Act (Public Law 111-148; 124 Stat. 119) in Texas v. United States, No. 4:18-cv-00167-O (N.D. Tex.), in which the plaintiffs seek to invalidate protections for individuals with pre-existing medical conditions.</title>
        <chamberCode />
      </item>
      <item>
        <titleType>Display Title</titleType>
        <parentTitleType />
        <chamberName />
        <title>A resolution expressing the sense of the Senate that the Department of Justice should protect individuals with pre-existing medical conditions by defending the Patient Protection and Affordable Care Act (Public Law 111-148; 124 Stat. 119) in Texas v. United States, No. 4:18-cv-00167-O (N.D. Tex.), in which the plaintiffs seek to invalidate protections for individuals with pre-existing medical conditions.</title>
        <chamberCode />
      </item>
    </titles>
    <actions>
      <actionTypeCounts>
        <referredToCommittee>1</referredToCommittee>
        <introducedInSenate>1</introducedInSenate>
      </actionTypeCounts>
      <item>
        <actionDate>2019-03-05</actionDate>
        <committee>
          <systemCode>ssju00</systemCode>
          <name>Judiciary Committee</name>
        </committee>
        <links />
        <sourceSystem>
          <code>0</code>
          <name>Senate</name>
        </sourceSystem>
        <text>Referred to the Committee on the Judiciary.</text>
        <type>IntroReferral</type>
      </item>
      <item>
        <text>Introduced in Senate</text>
        <committee />
        <links />
        <type>IntroReferral</type>
        <actionCode>10000</actionCode>
        <actionDate>2019-03-05</actionDate>
        <sourceSystem>
          <code>9</code>
          <name>Library of Congress</name>
        </sourceSystem>
      </item>
      <actionByCounts>
        <senate>2</senate>
      </actionByCounts>
    </actions>
    <summaries>
      <billSummaries>
        <item>
          <name>Introduced in Senate</name>
          <lastSummaryUpdateDate>2019-11-01T16:48:03Z</lastSummaryUpdateDate>
          <actionDate>2019-03-05</actionDate>
          <actionDesc>Introduced in Senate</actionDesc>
          <versionCode>00</versionCode>
          <text><![CDATA[<p>This resolution expresses the sense of the Senate that the Department of Justice should protect individuals with preexisting medical conditions, including by defending certain provisions of the Patient Protection and Affordable Care Act.<br /></p>]]></text>
          <updateDate>2019-03-05T05:00:00Z</updateDate>
        </item>
      </billSummaries>
    </summaries>
    <recordedVotes />
    <textVersions>
      <item>
        <type>Introduced in Senate</type>
        <date>2019-03-05T05:00:00Z</date>
        <formats>
          <item>
            <url>https://www.govinfo.gov/content/pkg/BILLS-116sres94is/xml/BILLS-116sres94is.xml</url>
          </item>
        </formats>
      </item>
    </textVersions>
    <cboCostEstimates />
    <congress>116</congress>
    <notes />
    <committeeReports />
    <billType>SRES</billType>
    <laws />
    <subjects>
      <billSubjects>
        <policyArea>
          <name>Health</name>
        </policyArea>
        <legislativeSubjects>
          <item>
            <name>Constitution and constitutional amendments</name>
          </item>
          <item>
            <name>Health care costs and insurance</name>
          </item>
          <item>
            <name>Health care coverage and access</name>
          </item>
          <item>
            <name>Health programs administration and funding</name>
          </item>
          <item>
            <name>Judicial review and appeals</name>
          </item>
        </legislativeSubjects>
      </billSubjects>
    </subjects>
    <committees>
      <billCommittees>
        <item>
          <activities>
            <item>
              <date>2019-03-05T23:39:00Z</date>
              <name>Referred to</name>
            </item>
          </activities>
          <chamber>Senate</chamber>
          <name>Judiciary Committee</name>
          <subcommittees />
          <systemCode>ssju00</systemCode>
          <type>Standing</type>
        </item>
      </billCommittees>
    </committees>
    <amendments />
    <originChamber>Senate</originChamber>
    <createDate>2019-03-06T05:42:06Z</createDate>
    <sponsors>
      <item>
        <fullName>Sen. Hirono, Mazie K. [D-HI]</fullName>
        <lastName>Hirono</lastName>
        <bioguideId>H001042</bioguideId>
        <state>HI</state>
        <firstName>Mazie</firstName>
        <byRequestType />
        <identifiers>
          <lisID>1844</lisID>
          <bioguideId>H001042</bioguideId>
          <gpoId>7913</gpoId>
        </identifiers>
        <middleName>K.</middleName>
        <party>D</party>
      </item>
    </sponsors>
    <introducedDate>2019-03-05</introducedDate>
    <title>A resolution expressing the sense of the Senate that the Department of Justice should protect individuals with pre-existing medical conditions by defending the Patient Protection and Affordable Care Act (Public Law 111-148; 124 Stat. 119) in Texas v. United States, No. 4:18-cv-00167-O (N.D. Tex.), in which the plaintiffs seek to invalidate protections for individuals with pre-existing medical conditions.</title>
    <policyArea>
      <name>Health</name>
    </policyArea>
    <relatedBills />
    <calendarNumbers />
    <updateDate>2019-11-06T05:43:06Z</updateDate>
    <version>1.0.0</version>
    <billNumber>94</billNumber>
    <latestAction>
      <links />
      <actionDate>2019-03-05</actionDate>
      <text>Referred to the Committee on the Judiciary.</text>
    </latestAction>
    <cosponsors>
      <item>
        <lastName>Manchin</lastName>
        <fullName>Sen. Manchin, Joe, III [D-WV]</fullName>
        <party>D</party>
        <isOriginalCosponsor>True</isOriginalCosponsor>
        <identifiers>
          <lisID>1983</lisID>
          <bioguideId>M001183</bioguideId>
          <gpoId>8256</gpoId>
        </identifiers>
        <firstName>Joe</firstName>
        <state>WV</state>
        <sponsorshipDate>2019-03-05</sponsorshipDate>
        <sponsorshipWithdrawnDate />
        <bioguideId>M001183</bioguideId>
        <middleName />
      </item>
      <item>
        <lastName>Klobuchar</lastName>
        <fullName>Sen. Klobuchar, Amy [D-MN]</fullName>
        <party>D</party>
        <isOriginalCosponsor>True</isOriginalCosponsor>
        <identifiers>
          <lisID>1826</lisID>
          <gpoId>8249</gpoId>
          <bioguideId>K000367</bioguideId>
        </identifiers>
        <firstName>Amy</firstName>
        <state>MN</state>
        <sponsorshipDate>2019-03-05</sponsorshipDate>
        <sponsorshipWithdrawnDate />
        <bioguideId>K000367</bioguideId>
        <middleName />
      </item>
      <item>
        <lastName>Duckworth</lastName>
        <fullName>Sen. Duckworth, Tammy [D-IL]</fullName>
        <party>D</party>
        <isOriginalCosponsor>True</isOriginalCosponsor>
        <identifiers>
          <lisID>2123</lisID>
          <bioguideId>D000622</bioguideId>
          <gpoId />
        </identifiers>
        <firstName>Tammy</firstName>
        <state>IL</state>
        <sponsorshipDate>2019-03-05</sponsorshipDate>
        <sponsorshipWithdrawnDate />
        <bioguideId>D000622</bioguideId>
        <middleName />
      </item>
      <item>
        <lastName>Whitehouse</lastName>
        <fullName>Sen. Whitehouse, Sheldon [D-RI]</fullName>
        <party>D</party>
        <isOriginalCosponsor>True</isOriginalCosponsor>
        <identifiers>
          <lisID>1823</lisID>
          <gpoId>8264</gpoId>
          <bioguideId>W000802</bioguideId>
        </identifiers>
        <firstName>Sheldon</firstName>
        <state>RI</state>
        <sponsorshipDate>2019-03-05</sponsorshipDate>
        <sponsorshipWithdrawnDate />
        <bioguideId>W000802</bioguideId>
        <middleName />
      </item>
      <item>
        <lastName>Tester</lastName>
        <fullName>Sen. Tester, Jon [D-MT]</fullName>
        <party>D</party>
        <isOriginalCosponsor>True</isOriginalCosponsor>
        <identifiers>
          <lisID>1829</lisID>
          <bioguideId>T000464</bioguideId>
          <gpoId>8258</gpoId>
        </identifiers>
        <firstName>Jon</firstName>
        <state>MT</state>
        <sponsorshipDate>2019-03-05</sponsorshipDate>
        <sponsorshipWithdrawnDate />
        <bioguideId>T000464</bioguideId>
        <middleName />
      </item>
      <item>
        <lastName>Hassan</lastName>
        <fullName>Sen. Hassan, Margaret Wood [D-NH]</fullName>
        <party>D</party>
        <isOriginalCosponsor>True</isOriginalCosponsor>
        <identifiers>
          <lisID>2302</lisID>
          <gpoId />
          <bioguideId>H001076</bioguideId>
        </identifiers>
        <firstName>Margaret</firstName>
        <state>NH</state>
        <sponsorshipDate>2019-03-05</sponsorshipDate>
        <sponsorshipWithdrawnDate />
        <bioguideId>H001076</bioguideId>
        <middleName>Wood</middleName>
      </item>
      <item>
        <lastName>Baldwin</lastName>
        <fullName>Sen. Baldwin, Tammy [D-WI]</fullName>
        <party>D</party>
        <isOriginalCosponsor>True</isOriginalCosponsor>
        <identifiers>
          <lisID>1558</lisID>
          <gpoId>8215</gpoId>
          <bioguideId>B001230</bioguideId>
        </identifiers>
        <firstName>Tammy</firstName>
        <state>WI</state>
        <sponsorshipDate>2019-03-05</sponsorshipDate>
        <sponsorshipWithdrawnDate />
        <bioguideId>B001230</bioguideId>
        <middleName />
      </item>
      <item>
        <lastName>Merkley</lastName>
        <fullName>Sen. Merkley, Jeff [D-OR]</fullName>
        <party>D</party>
        <isOriginalCosponsor>True</isOriginalCosponsor>
        <identifiers>
          <lisID>1900</lisID>
          <gpoId>8238</gpoId>
          <bioguideId>M001176</bioguideId>
        </identifiers>
        <firstName>Jeff</firstName>
        <state>OR</state>
        <sponsorshipDate>2019-03-05</sponsorshipDate>
        <sponsorshipWithdrawnDate />
        <bioguideId>M001176</bioguideId>
        <middleName />
      </item>
      <item>
        <lastName>Jones</lastName>
        <fullName>Sen. Jones, Doug  [D-AL]</fullName>
        <party>D</party>
        <isOriginalCosponsor>True</isOriginalCosponsor>
        <identifiers>
          <lisID>2364</lisID>
          <bioguideId>J000300</bioguideId>
          <gpoId />
        </identifiers>
        <firstName>Doug</firstName>
        <state>AL</state>
        <sponsorshipDate>2019-03-05</sponsorshipDate>
        <sponsorshipWithdrawnDate />
        <bioguideId>J000300</bioguideId>
        <middleName />
      </item>
      <item>
        <lastName>Sinema</lastName>
        <fullName>Sen. Sinema, Kyrsten [D-AZ]</fullName>
        <party>D</party>
        <isOriginalCosponsor>True</isOriginalCosponsor>
        <identifiers>
          <lisID>2099</lisID>
          <bioguideId>S001191</bioguideId>
          <gpoId />
        </identifiers>
        <firstName>Kyrsten</firstName>
        <state>AZ</state>
        <sponsorshipDate>2019-03-05</sponsorshipDate>
        <sponsorshipWithdrawnDate />
        <bioguideId>S001191</bioguideId>
        <middleName />
      </item>
      <item>
        <lastName>DURBIN</lastName>
        <fullName>Sen. Durbin, Richard J. [D-IL]</fullName>
        <party>D</party>
        <isOriginalCosponsor>True</isOriginalCosponsor>
        <identifiers>
          <lisID>326</lisID>
          <gpoId>8326</gpoId>
          <bioguideId>D000563</bioguideId>
        </identifiers>
        <firstName>RICHARD</firstName>
        <state>IL</state>
        <sponsorshipDate>2019-03-05</sponsorshipDate>
        <sponsorshipWithdrawnDate />
        <bioguideId>D000563</bioguideId>
        <middleName>J.</middleName>
      </item>
      <item>
        <lastName>Blumenthal</lastName>
        <fullName>Sen. Blumenthal, Richard [D-CT]</fullName>
        <party>D</party>
        <isOriginalCosponsor>True</isOriginalCosponsor>
        <identifiers>
          <bioguideId>B001277</bioguideId>
          <lisID>2076</lisID>
          <gpoId>8332</gpoId>
        </identifiers>
        <firstName>Richard</firstName>
        <state>CT</state>
        <sponsorshipDate>2019-03-05</sponsorshipDate>
        <sponsorshipWithdrawnDate />
        <bioguideId>B001277</bioguideId>
        <middleName />
      </item>
      <item>
        <lastName>FEINSTEIN</lastName>
        <fullName>Sen. Feinstein, Dianne [D-CA]</fullName>
        <party>D</party>
        <isOriginalCosponsor>True</isOriginalCosponsor>
        <identifiers>
          <lisID>1332</lisID>
          <bioguideId>F000062</bioguideId>
          <gpoId>8338</gpoId>
        </identifiers>
        <firstName>DIANNE</firstName>
        <state>CA</state>
        <sponsorshipDate>2019-03-05</sponsorshipDate>
        <sponsorshipWithdrawnDate />
        <bioguideId>F000062</bioguideId>
        <middleName />
      </item>
      <item>
        <lastName>Coons</lastName>
        <fullName>Sen. Coons, Christopher A. [D-DE]</fullName>
        <party>D</party>
        <isOriginalCosponsor>True</isOriginalCosponsor>
        <identifiers>
          <lisID>1984</lisID>
          <bioguideId>C001088</bioguideId>
          <gpoId>8297</gpoId>
        </identifiers>
        <firstName>Christopher</firstName>
        <state>DE</state>
        <sponsorshipDate>2019-03-05</sponsorshipDate>
        <sponsorshipWithdrawnDate />
        <bioguideId>C001088</bioguideId>
        <middleName>A.</middleName>
      </item>
      <item>
        <lastName>Rosen</lastName>
        <fullName>Sen. Rosen, Jacky [D-NV]</fullName>
        <party>D</party>
        <isOriginalCosponsor>True</isOriginalCosponsor>
        <identifiers>
          <lisID>2339</lisID>
          <bioguideId>R000608</bioguideId>
          <gpoId />
        </identifiers>
        <firstName>Jacklyn</firstName>
        <state>NV</state>
        <sponsorshipDate>2019-03-05</sponsorshipDate>
        <sponsorshipWithdrawnDate />
        <bioguideId>R000608</bioguideId>
        <middleName />
      </item>
      <item>
        <lastName>King</lastName>
        <fullName>Sen. King, Angus S., Jr. [I-ME]</fullName>
        <party>I</party>
        <isOriginalCosponsor>True</isOriginalCosponsor>
        <identifiers>
          <lisID>2185</lisID>
          <bioguideId>K000383</bioguideId>
          <gpoId />
        </identifiers>
        <firstName>Angus</firstName>
        <state>ME</state>
        <sponsorshipDate>2019-03-05</sponsorshipDate>
        <sponsorshipWithdrawnDate />
        <bioguideId>K000383</bioguideId>
        <middleName />
      </item>
      <item>
        <lastName>LEAHY</lastName>
        <fullName>Sen. Leahy, Patrick J. [D-VT]</fullName>
        <party>D</party>
        <isOriginalCosponsor>True</isOriginalCosponsor>
        <identifiers>
          <bioguideId>L000174</bioguideId>
          <lisID>1383</lisID>
          <gpoId>8244</gpoId>
        </identifiers>
        <firstName>PATRICK</firstName>
        <state>VT</state>
        <sponsorshipDate>2019-03-05</sponsorshipDate>
        <sponsorshipWithdrawnDate />
        <bioguideId>L000174</bioguideId>
        <middleName>JOSEPH</middleName>
      </item>
      <item>
        <lastName>Smith</lastName>
        <fullName>Sen. Smith, Tina  [D-MN]</fullName>
        <party>D</party>
        <isOriginalCosponsor>True</isOriginalCosponsor>
        <identifiers>
          <lisID>2365</lisID>
          <bioguideId>S001203</bioguideId>
          <gpoId />
        </identifiers>
        <firstName>Tina</firstName>
        <state>MN</state>
        <sponsorshipDate>2019-03-05</sponsorshipDate>
        <sponsorshipWithdrawnDate />
        <bioguideId>S001203</bioguideId>
        <middleName />
      </item>
      <item>
        <lastName>Brown</lastName>
        <fullName>Sen. Brown, Sherrod [D-OH]</fullName>
        <party>D</party>
        <isOriginalCosponsor>True</isOriginalCosponsor>
        <identifiers>
          <lisID>136</lisID>
          <bioguideId>B000944</bioguideId>
          <gpoId>8309</gpoId>
        </identifiers>
        <firstName>Sherrod</firstName>
        <state>OH</state>
        <sponsorshipDate>2019-03-05</sponsorshipDate>
        <sponsorshipWithdrawnDate />
        <bioguideId>B000944</bioguideId>
        <middleName />
      </item>
      <item>
        <lastName>Cortez Masto</lastName>
        <fullName>Sen. Cortez Masto, Catherine  [D-NV]</fullName>
        <party>D</party>
        <isOriginalCosponsor>True</isOriginalCosponsor>
        <identifiers>
          <bioguideId>C001113</bioguideId>
          <lisID>2299</lisID>
          <gpoId />
        </identifiers>
        <firstName>Catherine</firstName>
        <state>NV</state>
        <sponsorshipDate>2019-03-05</sponsorshipDate>
        <sponsorshipWithdrawnDate />
        <bioguideId>C001113</bioguideId>
        <middleName />
      </item>
      <item>
        <lastName>Shaheen</lastName>
        <fullName>Sen. Shaheen, Jeanne [D-NH]</fullName>
        <party>D</party>
        <isOriginalCosponsor>True</isOriginalCosponsor>
        <identifiers>
          <lisID>1901</lisID>
          <bioguideId>S001181</bioguideId>
          <gpoId>8276</gpoId>
        </identifiers>
        <firstName>Jeanne</firstName>
        <state>NH</state>
        <sponsorshipDate>2019-03-05</sponsorshipDate>
        <sponsorshipWithdrawnDate />
        <bioguideId>S001181</bioguideId>
        <middleName />
      </item>
      <item>
        <lastName>Harris</lastName>
        <fullName>Sen. Harris, Kamala D. [D-CA]</fullName>
        <party>D</party>
        <isOriginalCosponsor>True</isOriginalCosponsor>
        <identifiers>
          <lisID>2301</lisID>
          <bioguideId>H001075</bioguideId>
          <gpoId />
        </identifiers>
        <firstName>Kamala</firstName>
        <state>CA</state>
        <sponsorshipDate>2019-03-05</sponsorshipDate>
        <sponsorshipWithdrawnDate />
        <bioguideId>H001075</bioguideId>
        <middleName>D.</middleName>
      </item>
      <item>
        <lastName>Booker</lastName>
        <fullName>Sen. Booker, Cory A. [D-NJ]</fullName>
        <party>D</party>
        <isOriginalCosponsor>True</isOriginalCosponsor>
        <identifiers>
          <bioguideId>B001288</bioguideId>
          <lisID>2194</lisID>
          <gpoId />
        </identifiers>
        <firstName>Cory</firstName>
        <state>NJ</state>
        <sponsorshipDate>2019-03-05</sponsorshipDate>
        <sponsorshipWithdrawnDate />
        <bioguideId>B001288</bioguideId>
        <middleName>A.</middleName>
      </item>
      <item>
        <lastName>REED</lastName>
        <fullName>Sen. Reed, Jack [D-RI]</fullName>
        <party>D</party>
        <isOriginalCosponsor>True</isOriginalCosponsor>
        <identifiers>
          <bioguideId>R000122</bioguideId>
          <lisID>949</lisID>
          <gpoId>8272</gpoId>
        </identifiers>
        <firstName>JOHN</firstName>
        <state>RI</state>
        <sponsorshipDate>2019-03-05</sponsorshipDate>
        <sponsorshipWithdrawnDate />
        <bioguideId>R000122</bioguideId>
        <middleName>F.</middleName>
      </item>
      <item>
        <lastName>SCHUMER</lastName>
        <fullName>Sen. Schumer, Charles E. [D-NY]</fullName>
        <party>D</party>
        <isOriginalCosponsor>True</isOriginalCosponsor>
        <identifiers>
          <lisID>1036</lisID>
          <bioguideId>S000148</bioguideId>
          <gpoId>8279</gpoId>
        </identifiers>
        <firstName>CHARLES</firstName>
        <state>NY</state>
        <sponsorshipDate>2019-03-05</sponsorshipDate>
        <sponsorshipWithdrawnDate />
        <bioguideId>S000148</bioguideId>
        <middleName>E.</middleName>
      </item>
      <item>
        <lastName>Warren</lastName>
        <fullName>Sen. Warren, Elizabeth [D-MA]</fullName>
        <party>D</party>
        <isOriginalCosponsor>True</isOriginalCosponsor>
        <identifiers>
          <bioguideId>W000817</bioguideId>
          <lisID>2182</lisID>
          <gpoId />
        </identifiers>
        <firstName>Elizabeth</firstName>
        <state>MA</state>
        <sponsorshipDate>2019-03-05</sponsorshipDate>
        <sponsorshipWithdrawnDate />
        <bioguideId>W000817</bioguideId>
        <middleName>A.</middleName>
      </item>
      <item>
        <lastName>MARKEY</lastName>
        <fullName>Sen. Markey, Edward J. [D-MA]</fullName>
        <party>D</party>
        <isOriginalCosponsor>True</isOriginalCosponsor>
        <identifiers>
          <lisID>735</lisID>
          <bioguideId>M000133</bioguideId>
          <gpoId>7972</gpoId>
        </identifiers>
        <firstName>EDWARD</firstName>
        <state>MA</state>
        <sponsorshipDate>2019-03-05</sponsorshipDate>
        <sponsorshipWithdrawnDate />
        <bioguideId>M000133</bioguideId>
        <middleName>J.</middleName>
      </item>
      <item>
        <lastName>Menendez</lastName>
        <fullName>Sen. Menendez, Robert [D-NJ]</fullName>
        <party>D</party>
        <isOriginalCosponsor>True</isOriginalCosponsor>
        <identifiers>
          <lisID>791</lisID>
          <bioguideId>M000639</bioguideId>
          <gpoId>8239</gpoId>
        </identifiers>
        <firstName>Robert</firstName>
        <state>NJ</state>
        <sponsorshipDate>2019-03-05</sponsorshipDate>
        <sponsorshipWithdrawnDate />
        <bioguideId>M000639</bioguideId>
        <middleName />
      </item>
      <item>
        <lastName>Bennet</lastName>
        <fullName>Sen. Bennet, Michael F. [D-CO]</fullName>
        <party>D</party>
        <isOriginalCosponsor>True</isOriginalCosponsor>
        <identifiers>
          <bioguideId>B001267</bioguideId>
          <lisID>1965</lisID>
          <gpoId>8302</gpoId>
        </identifiers>
        <firstName>Michael</firstName>
        <state>CO</state>
        <sponsorshipDate>2019-03-05</sponsorshipDate>
        <sponsorshipWithdrawnDate />
        <bioguideId>B001267</bioguideId>
        <middleName>F.</middleName>
      </item>
      <item>
        <lastName>STABENOW</lastName>
        <fullName>Sen. Stabenow, Debbie [D-MI]</fullName>
        <party>D</party>
        <isOriginalCosponsor>True</isOriginalCosponsor>
        <identifiers>
          <lisID>1531</lisID>
          <bioguideId>S000770</bioguideId>
          <gpoId>8261</gpoId>
        </identifiers>
        <firstName>DEBORAH</firstName>
        <state>MI</state>
        <sponsorshipDate>2019-03-05</sponsorshipDate>
        <sponsorshipWithdrawnDate />
        <bioguideId>S000770</bioguideId>
        <middleName>ANN</middleName>
      </item>
      <item>
        <lastName>WYDEN</lastName>
        <fullName>Sen. Wyden, Ron [D-OR]</fullName>
        <party>D</party>
        <isOriginalCosponsor>True</isOriginalCosponsor>
        <identifiers>
          <lisID>1247</lisID>
          <bioguideId>W000779</bioguideId>
          <gpoId>8265</gpoId>
        </identifiers>
        <firstName>RON</firstName>
        <state>OR</state>
        <sponsorshipDate>2019-03-05</sponsorshipDate>
        <sponsorshipWithdrawnDate />
        <bioguideId>W000779</bioguideId>
        <middleName />
      </item>
      <item>
        <lastName>Gillibrand</lastName>
        <fullName>Sen. Gillibrand, Kirsten E. [D-NY]</fullName>
        <party>D</party>
        <isOriginalCosponsor>True</isOriginalCosponsor>
        <identifiers>
          <bioguideId>G000555</bioguideId>
          <lisID>1866</lisID>
          <gpoId>8336</gpoId>
        </identifiers>
        <firstName>Kirsten</firstName>
        <state>NY</state>
        <sponsorshipDate>2019-03-05</sponsorshipDate>
        <sponsorshipWithdrawnDate />
        <bioguideId>G000555</bioguideId>
        <middleName>E.</middleName>
      </item>
      <item>
        <lastName>Van Hollen</lastName>
        <fullName>Sen. Van Hollen, Chris [D-MD]</fullName>
        <party>D</party>
        <isOriginalCosponsor>True</isOriginalCosponsor>
        <identifiers>
          <lisID>1729</lisID>
          <bioguideId>V000128</bioguideId>
          <gpoId>7983</gpoId>
        </identifiers>
        <firstName>Chris</firstName>
        <state>MD</state>
        <sponsorshipDate>2019-03-05</sponsorshipDate>
        <sponsorshipWithdrawnDate />
        <bioguideId>V000128</bioguideId>
        <middleName />
      </item>
      <item>
        <lastName>Casey</lastName>
        <fullName>Sen. Casey, Robert P., Jr. [D-PA]</fullName>
        <party>D</party>
        <isOriginalCosponsor>True</isOriginalCosponsor>
        <identifiers>
          <lisID>1828</lisID>
          <gpoId>8282</gpoId>
          <bioguideId>C001070</bioguideId>
        </identifiers>
        <firstName>Bob</firstName>
        <state>PA</state>
        <sponsorshipDate>2019-03-05</sponsorshipDate>
        <sponsorshipWithdrawnDate />
        <bioguideId>C001070</bioguideId>
        <middleName />
      </item>
      <item>
        <lastName>Heinrich</lastName>
        <fullName>Sen. Heinrich, Martin [D-NM]</fullName>
        <party>D</party>
        <isOriginalCosponsor>True</isOriginalCosponsor>
        <identifiers>
          <lisID>1937</lisID>
          <bioguideId>H001046</bioguideId>
          <gpoId>8056</gpoId>
        </identifiers>
        <firstName>Martin</firstName>
        <state>NM</state>
        <sponsorshipDate>2019-03-05</sponsorshipDate>
        <sponsorshipWithdrawnDate />
        <bioguideId>H001046</bioguideId>
        <middleName />
      </item>
      <item>
        <lastName>Kaine</lastName>
        <fullName>Sen. Kaine, Tim [D-VA]</fullName>
        <party>D</party>
        <isOriginalCosponsor>True</isOriginalCosponsor>
        <identifiers>
          <bioguideId>K000384</bioguideId>
          <lisID>2176</lisID>
          <gpoId />
        </identifiers>
        <firstName>Timothy</firstName>
        <state>VA</state>
        <sponsorshipDate>2019-03-05</sponsorshipDate>
        <sponsorshipWithdrawnDate />
        <bioguideId>K000384</bioguideId>
        <middleName />
      </item>
      <item>
        <lastName>MURRAY</lastName>
        <fullName>Sen. Murray, Patty [D-WA]</fullName>
        <party>D</party>
        <isOriginalCosponsor>True</isOriginalCosponsor>
        <identifiers>
          <lisID>1409</lisID>
          <gpoId>8237</gpoId>
          <bioguideId>M001111</bioguideId>
        </identifiers>
        <firstName>PATTY</firstName>
        <state>WA</state>
        <sponsorshipDate>2019-03-05</sponsorshipDate>
        <sponsorshipWithdrawnDate />
        <bioguideId>M001111</bioguideId>
        <middleName />
      </item>
      <item>
        <lastName>Murphy</lastName>
        <fullName>Sen. Murphy, Christopher [D-CT]</fullName>
        <party>D</party>
        <isOriginalCosponsor>True</isOriginalCosponsor>
        <identifiers>
          <lisID>1837</lisID>
          <gpoId>7870</gpoId>
          <bioguideId>M001169</bioguideId>
        </identifiers>
        <firstName>Christopher</firstName>
        <state>CT</state>
        <sponsorshipDate>2019-03-05</sponsorshipDate>
        <sponsorshipWithdrawnDate />
        <bioguideId>M001169</bioguideId>
        <middleName />
      </item>
      <item>
        <lastName>UDALL</lastName>
        <fullName>Sen. Udall, Tom [D-NM]</fullName>
        <party>D</party>
        <isOriginalCosponsor>True</isOriginalCosponsor>
        <identifiers>
          <lisID>1567</lisID>
          <bioguideId>U000039</bioguideId>
          <gpoId>8260</gpoId>
        </identifiers>
        <firstName>TOM</firstName>
        <state>NM</state>
        <sponsorshipDate>2019-03-05</sponsorshipDate>
        <sponsorshipWithdrawnDate />
        <bioguideId>U000039</bioguideId>
        <middleName />
      </item>
      <item>
        <lastName>Warner</lastName>
        <fullName>Sen. Warner, Mark R. [D-VA]</fullName>
        <party>D</party>
        <isOriginalCosponsor>True</isOriginalCosponsor>
        <identifiers>
          <lisID>1897</lisID>
          <bioguideId>W000805</bioguideId>
          <gpoId>8269</gpoId>
        </identifiers>
        <firstName>Mark</firstName>
        <state>VA</state>
        <sponsorshipDate>2019-03-05</sponsorshipDate>
        <sponsorshipWithdrawnDate />
        <bioguideId>W000805</bioguideId>
        <middleName>R.</middleName>
      </item>
      <item>
        <lastName>CARDIN</lastName>
        <fullName>Sen. Cardin, Benjamin L. [D-MD]</fullName>
        <party>D</party>
        <isOriginalCosponsor>False</isOriginalCosponsor>
        <identifiers>
          <lisID>174</lisID>
          <bioguideId>C000141</bioguideId>
          <gpoId>8287</gpoId>
        </identifiers>
        <firstName>BENJAMIN</firstName>
        <state>MD</state>
        <sponsorshipDate>2019-03-06</sponsorshipDate>
        <sponsorshipWithdrawnDate />
        <bioguideId>C000141</bioguideId>
        <middleName>L.</middleName>
      </item>
      <item>
        <lastName>Sanders</lastName>
        <fullName>Sen. Sanders, Bernard [I-VT]</fullName>
        <party>I</party>
        <isOriginalCosponsor>False</isOriginalCosponsor>
        <identifiers>
          <bioguideId>S000033</bioguideId>
          <lisID>1010</lisID>
          <gpoId>8270</gpoId>
        </identifiers>
        <firstName>Bernard</firstName>
        <state>VT</state>
        <sponsorshipDate>2019-03-06</sponsorshipDate>
        <sponsorshipWithdrawnDate />
        <bioguideId>S000033</bioguideId>
        <middleName />
      </item>
      <item>
        <lastName>Schatz</lastName>
        <fullName>Sen. Schatz, Brian [D-HI]</fullName>
        <party>D</party>
        <isOriginalCosponsor>False</isOriginalCosponsor>
        <identifiers>
          <lisID>2173</lisID>
          <bioguideId>S001194</bioguideId>
          <gpoId />
        </identifiers>
        <firstName>Brian</firstName>
        <state>HI</state>
        <sponsorshipDate>2019-03-06</sponsorshipDate>
        <sponsorshipWithdrawnDate />
        <bioguideId>S001194</bioguideId>
        <middleName />
      </item>
      <item>
        <lastName>Peters</lastName>
        <fullName>Sen. Peters, Gary C. [D-MI]</fullName>
        <party>D</party>
        <isOriginalCosponsor>False</isOriginalCosponsor>
        <identifiers>
          <lisID>1929</lisID>
          <bioguideId>P000595</bioguideId>
          <gpoId>7994</gpoId>
        </identifiers>
        <firstName>Gary</firstName>
        <state>MI</state>
        <sponsorshipDate>2019-03-06</sponsorshipDate>
        <sponsorshipWithdrawnDate />
        <bioguideId>P000595</bioguideId>
        <middleName>C.</middleName>
      </item>
      <item>
        <lastName>CANTWELL</lastName>
        <fullName>Sen. Cantwell, Maria [D-WA]</fullName>
        <party>D</party>
        <isOriginalCosponsor>False</isOriginalCosponsor>
        <identifiers>
          <lisID>172</lisID>
          <bioguideId>C000127</bioguideId>
          <gpoId>8288</gpoId>
        </identifiers>
        <firstName>MARIA</firstName>
        <state>WA</state>
        <sponsorshipDate>2019-03-06</sponsorshipDate>
        <sponsorshipWithdrawnDate />
        <bioguideId>C000127</bioguideId>
        <middleName />
      </item>
      <item>
        <lastName>CARPER</lastName>
        <fullName>Sen. Carper, Thomas R. [D-DE]</fullName>
        <party>D</party>
        <isOriginalCosponsor>False</isOriginalCosponsor>
        <identifiers>
          <lisID>179</lisID>
          <gpoId>8283</gpoId>
          <bioguideId>C000174</bioguideId>
        </identifiers>
        <firstName>THOMAS</firstName>
        <state>DE</state>
        <sponsorshipDate>2019-03-06</sponsorshipDate>
        <sponsorshipWithdrawnDate />
        <bioguideId>C000174</bioguideId>
        <middleName>R.</middleName>
      </item>
    </cosponsors>
  </bill>
  <dublinCore xmlns:dc="http://purl.org/dc/elements/1.1/">
    <dc:format>text/xml</dc:format>
    <dc:language>EN</dc:language>
    <dc:rights>Pursuant to Title 17 Section 105 of the United States Code, this file is not subject to copyright protection and is in the public domain.</dc:rights>
    <dc:contributor>Congressional Research Service, Library of Congress</dc:contributor>
    <dc:description>This file contains bill summaries and statuses for federal legislation. A bill summary describes the most significant provisions of a piece of legislation and details the effects the legislative text may have on current law and federal programs. Bill summaries are authored by the Congressional Research Service (CRS) of the Library of Congress. As stated in Public Law 91-510 (2 USC 166 (d)(6)), one of the duties of CRS is "to prepare summaries and digests of bills and resolutions of a public general nature introduced in the Senate or House of Representatives". For more information, refer to the User Guide that accompanies this file.</dc:description>
  </dublinCore>
</billStatus>

