<?xml version="1.0" encoding="UTF-8"?>
<billStatus>
  <bill>
    <amendments />
    <latestAction>
      <text>Submitted in the Senate, considered, and agreed to without amendment and with a preamble by Voice Vote. (consideration: CR S2455; text: CR S2443-2444)</text>
      <actionDate>2019-04-11</actionDate>
      <links />
    </latestAction>
    <notes />
    <actions>
      <item>
        <actionDate>2019-04-11</actionDate>
        <committee />
        <links>
          <link>
            <name>S2443-2444</name>
            <url>https://www.congress.gov/congressional-record/volume-165/senate-section/page/S2443-2444</url>
          </link>
          <link>
            <name>S2455</name>
            <url>https://www.congress.gov/congressional-record/volume-165/senate-section/page/S2455</url>
          </link>
        </links>
        <sourceSystem>
          <code>0</code>
          <name>Senate</name>
        </sourceSystem>
        <text>Submitted in the Senate, considered, and agreed to without amendment and with a preamble by Voice Vote. (consideration: CR S2455; text: CR S2443-2444)</text>
        <type>Floor</type>
      </item>
      <item>
        <actionDate>2019-04-11</actionDate>
        <actionCode>17000</actionCode>
        <text>Passed/agreed to in Senate: Submitted in the Senate, considered, and agreed to without amendment and with a preamble by Voice Vote.(consideration: CR S2455; text: CR S2443-2444)</text>
        <committee />
        <sourceSystem>
          <code>9</code>
          <name>Library of Congress</name>
        </sourceSystem>
        <links />
        <type>Floor</type>
      </item>
      <item>
        <actionDate>2019-04-11</actionDate>
        <actionCode>10000</actionCode>
        <text>Introduced in Senate</text>
        <committee />
        <sourceSystem>
          <code>9</code>
          <name>Library of Congress</name>
        </sourceSystem>
        <links />
        <type>IntroReferral</type>
      </item>
      <actionTypeCounts>
        <introducedInSenate>1</introducedInSenate>
        <passedOrAgreedToInSenateDayOf>1</passedOrAgreedToInSenateDayOf>
        <passedAgreedToInSenate>1</passedAgreedToInSenate>
      </actionTypeCounts>
      <actionByCounts>
        <senate>3</senate>
      </actionByCounts>
    </actions>
    <cboCostEstimates />
    <originChamber>Senate</originChamber>
    <billNumber>168</billNumber>
    <sponsors>
      <item>
        <state>RI</state>
        <fullName>Sen. Reed, Jack [D-RI]</fullName>
        <party>D</party>
        <bioguideId>R000122</bioguideId>
        <middleName>F.</middleName>
        <firstName>JOHN</firstName>
        <byRequestType />
        <lastName>REED</lastName>
        <identifiers>
          <lisID>949</lisID>
          <gpoId>8272</gpoId>
          <bioguideId>R000122</bioguideId>
        </identifiers>
      </item>
    </sponsors>
    <recordedVotes />
    <cosponsors>
      <item>
        <middleName />
        <state>SC</state>
        <isOriginalCosponsor>True</isOriginalCosponsor>
        <party>R</party>
        <bioguideId>S001184</bioguideId>
        <fullName>Sen. Scott, Tim [R-SC]</fullName>
        <lastName>Scott</lastName>
        <firstName>Tim</firstName>
        <sponsorshipWithdrawnDate />
        <sponsorshipDate>2019-04-11</sponsorshipDate>
        <identifiers>
          <lisID>2056</lisID>
          <bioguideId>S001184</bioguideId>
          <gpoId>8141</gpoId>
        </identifiers>
      </item>
      <item>
        <middleName />
        <state>AL</state>
        <isOriginalCosponsor>True</isOriginalCosponsor>
        <party>D</party>
        <bioguideId>J000300</bioguideId>
        <fullName>Sen. Jones, Doug  [D-AL]</fullName>
        <lastName>Jones</lastName>
        <firstName>Doug</firstName>
        <sponsorshipWithdrawnDate />
        <sponsorshipDate>2019-04-11</sponsorshipDate>
        <identifiers>
          <gpoId />
          <bioguideId>J000300</bioguideId>
          <lisID>2364</lisID>
        </identifiers>
      </item>
      <item>
        <middleName />
        <state>WY</state>
        <isOriginalCosponsor>True</isOriginalCosponsor>
        <party>R</party>
        <bioguideId>B001261</bioguideId>
        <fullName>Sen. Barrasso, John [R-WY]</fullName>
        <lastName>Barrasso</lastName>
        <firstName>John</firstName>
        <sponsorshipWithdrawnDate />
        <sponsorshipDate>2019-04-11</sponsorshipDate>
        <identifiers>
          <lisID>1881</lisID>
          <bioguideId>B001261</bioguideId>
          <gpoId>8300</gpoId>
        </identifiers>
      </item>
      <item>
        <middleName>A.</middleName>
        <state>NJ</state>
        <isOriginalCosponsor>True</isOriginalCosponsor>
        <party>D</party>
        <bioguideId>B001288</bioguideId>
        <fullName>Sen. Booker, Cory A. [D-NJ]</fullName>
        <lastName>Booker</lastName>
        <firstName>Cory</firstName>
        <sponsorshipWithdrawnDate />
        <sponsorshipDate>2019-04-11</sponsorshipDate>
        <identifiers>
          <lisID>2194</lisID>
          <bioguideId>B001288</bioguideId>
          <gpoId />
        </identifiers>
      </item>
      <item>
        <middleName />
        <state>AR</state>
        <isOriginalCosponsor>True</isOriginalCosponsor>
        <party>R</party>
        <bioguideId>B001236</bioguideId>
        <fullName>Sen. Boozman, John [R-AR]</fullName>
        <lastName>Boozman</lastName>
        <firstName>John</firstName>
        <sponsorshipWithdrawnDate />
        <sponsorshipDate>2019-04-11</sponsorshipDate>
        <identifiers>
          <lisID>1687</lisID>
          <gpoId>8247</gpoId>
          <bioguideId>B001236</bioguideId>
        </identifiers>
      </item>
      <item>
        <middleName />
        <state>IN</state>
        <isOriginalCosponsor>True</isOriginalCosponsor>
        <party>R</party>
        <bioguideId>B001310</bioguideId>
        <fullName>Sen. Braun, Mike  [R-IN]</fullName>
        <lastName>Braun</lastName>
        <firstName>Mike</firstName>
        <sponsorshipWithdrawnDate />
        <sponsorshipDate>2019-04-11</sponsorshipDate>
        <identifiers>
          <lisID>2462</lisID>
          <bioguideId>B001310</bioguideId>
          <gpoId />
        </identifiers>
      </item>
      <item>
        <middleName />
        <state>WA</state>
        <isOriginalCosponsor>True</isOriginalCosponsor>
        <party>D</party>
        <bioguideId>C000127</bioguideId>
        <fullName>Sen. Cantwell, Maria [D-WA]</fullName>
        <lastName>CANTWELL</lastName>
        <firstName>MARIA</firstName>
        <sponsorshipWithdrawnDate />
        <sponsorshipDate>2019-04-11</sponsorshipDate>
        <identifiers>
          <bioguideId>C000127</bioguideId>
          <lisID>172</lisID>
          <gpoId>8288</gpoId>
        </identifiers>
      </item>
      <item>
        <middleName>MOORE</middleName>
        <state>WV</state>
        <isOriginalCosponsor>True</isOriginalCosponsor>
        <party>R</party>
        <bioguideId>C001047</bioguideId>
        <fullName>Sen. Capito, Shelley Moore [R-WV]</fullName>
        <lastName>CAPITO</lastName>
        <firstName>SHELLEY</firstName>
        <sponsorshipWithdrawnDate />
        <sponsorshipDate>2019-04-11</sponsorshipDate>
        <identifiers>
          <lisID>1676</lisID>
          <gpoId>8223</gpoId>
          <bioguideId>C001047</bioguideId>
        </identifiers>
      </item>
      <item>
        <middleName>L.</middleName>
        <state>MD</state>
        <isOriginalCosponsor>True</isOriginalCosponsor>
        <party>D</party>
        <bioguideId>C000141</bioguideId>
        <fullName>Sen. Cardin, Benjamin L. [D-MD]</fullName>
        <lastName>CARDIN</lastName>
        <firstName>BENJAMIN</firstName>
        <sponsorshipWithdrawnDate />
        <sponsorshipDate>2019-04-11</sponsorshipDate>
        <identifiers>
          <gpoId>8287</gpoId>
          <bioguideId>C000141</bioguideId>
          <lisID>174</lisID>
        </identifiers>
      </item>
      <item>
        <middleName>R.</middleName>
        <state>DE</state>
        <isOriginalCosponsor>True</isOriginalCosponsor>
        <party>D</party>
        <bioguideId>C000174</bioguideId>
        <fullName>Sen. Carper, Thomas R. [D-DE]</fullName>
        <lastName>CARPER</lastName>
        <firstName>THOMAS</firstName>
        <sponsorshipWithdrawnDate />
        <sponsorshipDate>2019-04-11</sponsorshipDate>
        <identifiers>
          <lisID>179</lisID>
          <gpoId>8283</gpoId>
          <bioguideId>C000174</bioguideId>
        </identifiers>
      </item>
      <item>
        <middleName />
        <state>LA</state>
        <isOriginalCosponsor>True</isOriginalCosponsor>
        <party>R</party>
        <bioguideId>C001075</bioguideId>
        <fullName>Sen. Cassidy, Bill [R-LA]</fullName>
        <lastName>Cassidy</lastName>
        <firstName>Bill</firstName>
        <sponsorshipWithdrawnDate />
        <sponsorshipDate>2019-04-11</sponsorshipDate>
        <identifiers>
          <lisID>1925</lisID>
          <gpoId>7964</gpoId>
          <bioguideId>C001075</bioguideId>
        </identifiers>
      </item>
      <item>
        <middleName>A.</middleName>
        <state>DE</state>
        <isOriginalCosponsor>True</isOriginalCosponsor>
        <party>D</party>
        <bioguideId>C001088</bioguideId>
        <fullName>Sen. Coons, Christopher A. [D-DE]</fullName>
        <lastName>Coons</lastName>
        <firstName>Christopher</firstName>
        <sponsorshipWithdrawnDate />
        <sponsorshipDate>2019-04-11</sponsorshipDate>
        <identifiers>
          <gpoId>8297</gpoId>
          <bioguideId>C001088</bioguideId>
          <lisID>1984</lisID>
        </identifiers>
      </item>
      <item>
        <middleName />
        <state>ND</state>
        <isOriginalCosponsor>True</isOriginalCosponsor>
        <party>R</party>
        <bioguideId>C001096</bioguideId>
        <fullName>Sen. Cramer, Kevin [R-ND]</fullName>
        <lastName>Cramer</lastName>
        <firstName>Kevin</firstName>
        <sponsorshipWithdrawnDate />
        <sponsorshipDate>2019-04-11</sponsorshipDate>
        <identifiers>
          <bioguideId>C001096</bioguideId>
          <lisID>2144</lisID>
          <gpoId />
        </identifiers>
      </item>
      <item>
        <middleName>D.</middleName>
        <state>ID</state>
        <isOriginalCosponsor>True</isOriginalCosponsor>
        <party>R</party>
        <bioguideId>C000880</bioguideId>
        <fullName>Sen. Crapo, Mike [R-ID]</fullName>
        <lastName>CRAPO</lastName>
        <firstName>MICHAEL</firstName>
        <sponsorshipWithdrawnDate />
        <sponsorshipDate>2019-04-11</sponsorshipDate>
        <identifiers>
          <lisID>250</lisID>
          <bioguideId>C000880</bioguideId>
          <gpoId>8289</gpoId>
        </identifiers>
      </item>
      <item>
        <middleName>J.</middleName>
        <state>IL</state>
        <isOriginalCosponsor>True</isOriginalCosponsor>
        <party>D</party>
        <bioguideId>D000563</bioguideId>
        <fullName>Sen. Durbin, Richard J. [D-IL]</fullName>
        <lastName>DURBIN</lastName>
        <firstName>RICHARD</firstName>
        <sponsorshipWithdrawnDate />
        <sponsorshipDate>2019-04-11</sponsorshipDate>
        <identifiers>
          <lisID>326</lisID>
          <gpoId>8326</gpoId>
          <bioguideId>D000563</bioguideId>
        </identifiers>
      </item>
      <item>
        <middleName>B.</middleName>
        <state>WY</state>
        <isOriginalCosponsor>True</isOriginalCosponsor>
        <party>R</party>
        <bioguideId>E000285</bioguideId>
        <fullName>Sen. Enzi, Michael B. [R-WY]</fullName>
        <lastName>ENZI</lastName>
        <firstName>MICHAEL</firstName>
        <sponsorshipWithdrawnDate />
        <sponsorshipDate>2019-04-11</sponsorshipDate>
        <identifiers>
          <lisID>1542</lisID>
          <bioguideId>E000285</bioguideId>
          <gpoId>8328</gpoId>
        </identifiers>
      </item>
      <item>
        <middleName />
        <state>IA</state>
        <isOriginalCosponsor>True</isOriginalCosponsor>
        <party>R</party>
        <bioguideId>E000295</bioguideId>
        <fullName>Sen. Ernst, Joni  [R-IA]</fullName>
        <lastName>Ernst</lastName>
        <firstName>Joni</firstName>
        <sponsorshipWithdrawnDate />
        <sponsorshipDate>2019-04-11</sponsorshipDate>
        <identifiers>
          <lisID>2283</lisID>
          <gpoId />
          <bioguideId>E000295</bioguideId>
        </identifiers>
      </item>
      <item>
        <middleName />
        <state>CA</state>
        <isOriginalCosponsor>True</isOriginalCosponsor>
        <party>D</party>
        <bioguideId>F000062</bioguideId>
        <fullName>Sen. Feinstein, Dianne [D-CA]</fullName>
        <lastName>FEINSTEIN</lastName>
        <firstName>DIANNE</firstName>
        <sponsorshipWithdrawnDate />
        <sponsorshipDate>2019-04-11</sponsorshipDate>
        <identifiers>
          <gpoId>8338</gpoId>
          <lisID>1332</lisID>
          <bioguideId>F000062</bioguideId>
        </identifiers>
      </item>
      <item>
        <middleName>Wood</middleName>
        <state>NH</state>
        <isOriginalCosponsor>True</isOriginalCosponsor>
        <party>D</party>
        <bioguideId>H001076</bioguideId>
        <fullName>Sen. Hassan, Margaret Wood [D-NH]</fullName>
        <lastName>Hassan</lastName>
        <firstName>Margaret</firstName>
        <sponsorshipWithdrawnDate />
        <sponsorshipDate>2019-04-11</sponsorshipDate>
        <identifiers>
          <lisID>2302</lisID>
          <gpoId />
          <bioguideId>H001076</bioguideId>
        </identifiers>
      </item>
      <item>
        <middleName />
        <state>MS</state>
        <isOriginalCosponsor>True</isOriginalCosponsor>
        <party>R</party>
        <bioguideId>H001079</bioguideId>
        <fullName>Sen. Hyde-Smith, Cindy [R-MS]</fullName>
        <lastName>Hyde-Smith</lastName>
        <firstName>Cindy</firstName>
        <sponsorshipWithdrawnDate />
        <sponsorshipDate>2019-04-11</sponsorshipDate>
        <identifiers>
          <lisID>2366</lisID>
          <gpoId />
          <bioguideId>H001079</bioguideId>
        </identifiers>
      </item>
      <item>
        <middleName />
        <state>WV</state>
        <isOriginalCosponsor>True</isOriginalCosponsor>
        <party>D</party>
        <bioguideId>M001183</bioguideId>
        <fullName>Sen. Manchin, Joe, III [D-WV]</fullName>
        <lastName>Manchin</lastName>
        <firstName>Joe</firstName>
        <sponsorshipWithdrawnDate />
        <sponsorshipDate>2019-04-11</sponsorshipDate>
        <identifiers>
          <lisID>1983</lisID>
          <gpoId>8256</gpoId>
          <bioguideId>M001183</bioguideId>
        </identifiers>
      </item>
      <item>
        <middleName />
        <state>NJ</state>
        <isOriginalCosponsor>True</isOriginalCosponsor>
        <party>D</party>
        <bioguideId>M000639</bioguideId>
        <fullName>Sen. Menendez, Robert [D-NJ]</fullName>
        <lastName>Menendez</lastName>
        <firstName>Robert</firstName>
        <sponsorshipWithdrawnDate />
        <sponsorshipDate>2019-04-11</sponsorshipDate>
        <identifiers>
          <lisID>791</lisID>
          <gpoId>8239</gpoId>
          <bioguideId>M000639</bioguideId>
        </identifiers>
      </item>
      <item>
        <middleName />
        <state>WA</state>
        <isOriginalCosponsor>True</isOriginalCosponsor>
        <party>D</party>
        <bioguideId>M001111</bioguideId>
        <fullName>Sen. Murray, Patty [D-WA]</fullName>
        <lastName>MURRAY</lastName>
        <firstName>PATTY</firstName>
        <sponsorshipWithdrawnDate />
        <sponsorshipDate>2019-04-11</sponsorshipDate>
        <identifiers>
          <lisID>1409</lisID>
          <gpoId>8237</gpoId>
          <bioguideId>M001111</bioguideId>
        </identifiers>
      </item>
      <item>
        <middleName>C.</middleName>
        <state>MI</state>
        <isOriginalCosponsor>True</isOriginalCosponsor>
        <party>D</party>
        <bioguideId>P000595</bioguideId>
        <fullName>Sen. Peters, Gary C. [D-MI]</fullName>
        <lastName>Peters</lastName>
        <firstName>Gary</firstName>
        <sponsorshipWithdrawnDate />
        <sponsorshipDate>2019-04-11</sponsorshipDate>
        <identifiers>
          <lisID>1929</lisID>
          <gpoId>7994</gpoId>
          <bioguideId>P000595</bioguideId>
        </identifiers>
      </item>
      <item>
        <middleName />
        <state>KS</state>
        <isOriginalCosponsor>True</isOriginalCosponsor>
        <party>R</party>
        <bioguideId>R000307</bioguideId>
        <fullName>Sen. Roberts, Pat [R-KS]</fullName>
        <lastName>ROBERTS</lastName>
        <firstName>PAT</firstName>
        <sponsorshipWithdrawnDate />
        <sponsorshipDate>2019-04-11</sponsorshipDate>
        <identifiers>
          <lisID>968</lisID>
          <bioguideId>R000307</bioguideId>
          <gpoId>8275</gpoId>
        </identifiers>
      </item>
      <item>
        <middleName />
        <state>NV</state>
        <isOriginalCosponsor>True</isOriginalCosponsor>
        <party>D</party>
        <bioguideId>R000608</bioguideId>
        <fullName>Sen. Rosen, Jacky [D-NV]</fullName>
        <lastName>Rosen</lastName>
        <firstName>Jacklyn</firstName>
        <sponsorshipWithdrawnDate />
        <sponsorshipDate>2019-04-11</sponsorshipDate>
        <identifiers>
          <lisID>2339</lisID>
          <gpoId />
          <bioguideId>R000608</bioguideId>
        </identifiers>
      </item>
      <item>
        <middleName />
        <state>MT</state>
        <isOriginalCosponsor>True</isOriginalCosponsor>
        <party>D</party>
        <bioguideId>T000464</bioguideId>
        <fullName>Sen. Tester, Jon [D-MT]</fullName>
        <lastName>Tester</lastName>
        <firstName>Jon</firstName>
        <sponsorshipWithdrawnDate />
        <sponsorshipDate>2019-04-11</sponsorshipDate>
        <identifiers>
          <lisID>1829</lisID>
          <gpoId>8258</gpoId>
          <bioguideId>T000464</bioguideId>
        </identifiers>
      </item>
      <item>
        <middleName>Roland</middleName>
        <state>NC</state>
        <isOriginalCosponsor>True</isOriginalCosponsor>
        <party>R</party>
        <bioguideId>T000476</bioguideId>
        <fullName>Sen. Tillis, Thom [R-NC]</fullName>
        <lastName>Tillis</lastName>
        <firstName>Thomas</firstName>
        <sponsorshipWithdrawnDate />
        <sponsorshipDate>2019-04-11</sponsorshipDate>
        <identifiers>
          <lisID>2291</lisID>
          <bioguideId>T000476</bioguideId>
          <gpoId />
        </identifiers>
      </item>
      <item>
        <middleName />
        <state>RI</state>
        <isOriginalCosponsor>True</isOriginalCosponsor>
        <party>D</party>
        <bioguideId>W000802</bioguideId>
        <fullName>Sen. Whitehouse, Sheldon [D-RI]</fullName>
        <lastName>Whitehouse</lastName>
        <firstName>Sheldon</firstName>
        <sponsorshipWithdrawnDate />
        <sponsorshipDate>2019-04-11</sponsorshipDate>
        <identifiers>
          <lisID>1823</lisID>
          <gpoId>8264</gpoId>
          <bioguideId>W000802</bioguideId>
        </identifiers>
      </item>
      <item>
        <middleName>F.</middleName>
        <state>MS</state>
        <isOriginalCosponsor>True</isOriginalCosponsor>
        <party>R</party>
        <bioguideId>W000437</bioguideId>
        <fullName>Sen. Wicker, Roger F. [R-MS]</fullName>
        <lastName>WICKER</lastName>
        <firstName>ROGER</firstName>
        <sponsorshipWithdrawnDate />
        <sponsorshipDate>2019-04-11</sponsorshipDate>
        <identifiers>
          <lisID>1226</lisID>
          <bioguideId>W000437</bioguideId>
          <gpoId>8263</gpoId>
        </identifiers>
      </item>
      <item>
        <middleName />
        <state>IN</state>
        <isOriginalCosponsor>True</isOriginalCosponsor>
        <party>R</party>
        <bioguideId>Y000064</bioguideId>
        <fullName>Sen. Young, Todd [R-IN]</fullName>
        <lastName>Young</lastName>
        <firstName>Todd</firstName>
        <sponsorshipWithdrawnDate />
        <sponsorshipDate>2019-04-11</sponsorshipDate>
        <identifiers>
          <lisID>2019</lisID>
          <gpoId>7948</gpoId>
          <bioguideId>Y000064</bioguideId>
        </identifiers>
      </item>
      <item>
        <middleName>Alfred</middleName>
        <state>GA</state>
        <isOriginalCosponsor>True</isOriginalCosponsor>
        <party>R</party>
        <bioguideId>P000612</bioguideId>
        <fullName>Sen. Perdue, David [R-GA]</fullName>
        <lastName>Perdue</lastName>
        <firstName>David</firstName>
        <sponsorshipWithdrawnDate />
        <sponsorshipDate>2019-04-11</sponsorshipDate>
        <identifiers>
          <lisID>2286</lisID>
          <gpoId />
          <bioguideId>P000612</bioguideId>
        </identifiers>
      </item>
    </cosponsors>
    <congress>116</congress>
    <laws />
    <calendarNumbers />
    <relatedBills>
      <item>
        <number>275</number>
        <congress>116</congress>
        <type>HRES</type>
        <latestTitle>Supporting the goals and ideals of "Financial Literacy Month".</latestTitle>
        <latestAction>
          <actionDate>2019-04-01</actionDate>
          <text>Referred to the House Committee on Oversight and Reform.</text>
        </latestAction>
        <relationshipDetails>
          <item>
            <identifiedBy>CRS</identifiedBy>
            <type>Related bill</type>
          </item>
        </relationshipDetails>
      </item>
    </relatedBills>
    <summaries>
      <billSummaries>
        <item>
          <actionDate>2019-04-11</actionDate>
          <actionDesc>Introduced in Senate</actionDesc>
          <name>Introduced in Senate</name>
          <lastSummaryUpdateDate>2019-05-21T20:32:22Z</lastSummaryUpdateDate>
          <updateDate>2019-04-11T04:00:00Z</updateDate>
          <versionCode>00</versionCode>
          <text><![CDATA[<p>This resolution designates April 2019 as Financial Literacy Month.</p>]]></text>
        </item>
        <item>
          <actionDate>2019-04-11</actionDate>
          <actionDesc>Passed Senate</actionDesc>
          <name>Passed Senate</name>
          <lastSummaryUpdateDate>2019-05-30T15:02:40Z</lastSummaryUpdateDate>
          <updateDate>2019-04-11T15:36:16Z</updateDate>
          <versionCode>55</versionCode>
          <text><![CDATA[<p>This resolution designates April 2019 as Financial Literacy Month.</p>]]></text>
        </item>
      </billSummaries>
    </summaries>
    <textVersions>
      <item>
        <date>2019-04-11T04:00:00Z</date>
        <formats>
          <item>
            <url>https://www.govinfo.gov/content/pkg/BILLS-116sres168ats/xml/BILLS-116sres168ats.xml</url>
          </item>
        </formats>
        <type>Agreed to Senate</type>
      </item>
    </textVersions>
    <title>A resolution designating April 2019 as "Financial Literacy Month".</title>
    <subjects>
      <billSubjects>
        <legislativeSubjects>
          <item>
            <name>Commemorative events and holidays</name>
          </item>
          <item>
            <name>Financial literacy</name>
          </item>
        </legislativeSubjects>
        <policyArea>
          <name>Finance and Financial Sector</name>
        </policyArea>
      </billSubjects>
    </subjects>
    <updateDate>2019-06-04T04:27:28Z</updateDate>
    <version>1.0.0</version>
    <policyArea>
      <name>Finance and Financial Sector</name>
    </policyArea>
    <committeeReports />
    <introducedDate>2019-04-11</introducedDate>
    <titles>
      <item>
        <chamberName />
        <titleType>Official Title as Introduced</titleType>
        <chamberCode />
        <title>A resolution designating April 2019 as "Financial Literacy Month".</title>
        <parentTitleType />
      </item>
      <item>
        <chamberName />
        <titleType>Display Title</titleType>
        <chamberCode />
        <title>A resolution designating April 2019 as "Financial Literacy Month".</title>
        <parentTitleType />
      </item>
    </titles>
    <billType>SRES</billType>
    <committees>
      <billCommittees />
    </committees>
    <createDate>2019-04-12T04:57:08Z</createDate>
  </bill>
  <dublinCore xmlns:dc="http://purl.org/dc/elements/1.1/">
    <dc:format>text/xml</dc:format>
    <dc:language>EN</dc:language>
    <dc:rights>Pursuant to Title 17 Section 105 of the United States Code, this file is not subject to copyright protection and is in the public domain.</dc:rights>
    <dc:contributor>Congressional Research Service, Library of Congress</dc:contributor>
    <dc:description>This file contains bill summaries and statuses for federal legislation. A bill summary describes the most significant provisions of a piece of legislation and details the effects the legislative text may have on current law and federal programs. Bill summaries are authored by the Congressional Research Service (CRS) of the Library of Congress. As stated in Public Law 91-510 (2 USC 166 (d)(6)), one of the duties of CRS is "to prepare summaries and digests of bills and resolutions of a public general nature introduced in the Senate or House of Representatives". For more information, refer to the User Guide that accompanies this file.</dc:description>
  </dublinCore>
</billStatus>

