<?xml version="1.0" encoding="UTF-8"?>
<billStatus>
  <bill>
    <policyArea>
      <name>International Affairs</name>
    </policyArea>
    <relatedBills>
      <item>
        <type>HRES</type>
        <number>116</number>
        <congress>116</congress>
        <latestAction>
          <actionDate>2019-02-08</actionDate>
          <text>Referred to the Committee on Foreign Affairs, and in addition to the Committees on Financial Services, Oversight and Reform, the Judiciary, and Ways and Means, for a period to be subsequently determined by the Speaker, in each case for consideration of such provisions as fall within the jurisdiction of the committee concerned.</text>
        </latestAction>
        <relationshipDetails>
          <item>
            <type>Identical bill</type>
            <identifiedBy>CRS</identifiedBy>
          </item>
        </relationshipDetails>
        <latestTitle>Calling for a prompt multinational freedom of navigation operation in the Black Sea and urging the cancellation of the Nord Stream 2 pipeline.</latestTitle>
      </item>
    </relatedBills>
    <introducedDate>2019-01-24</introducedDate>
    <committeeReports />
    <amendments />
    <textVersions>
      <item>
        <formats>
          <item>
            <url>https://www.govinfo.gov/content/pkg/BILLS-116sres27rs/xml/BILLS-116sres27rs.xml</url>
          </item>
        </formats>
        <date>2019-04-04T04:00:00Z</date>
        <type>Reported to Senate</type>
      </item>
      <item>
        <formats>
          <item>
            <url>https://www.govinfo.gov/content/pkg/BILLS-116sres27is/xml/BILLS-116sres27is.xml</url>
          </item>
        </formats>
        <date>2019-01-24T05:00:00Z</date>
        <type>Introduced in Senate</type>
      </item>
    </textVersions>
    <cboCostEstimates />
    <subjects>
      <billSubjects>
        <policyArea>
          <name>International Affairs</name>
        </policyArea>
        <legislativeSubjects>
          <item>
            <name>Alliances</name>
          </item>
          <item>
            <name>Energy storage, supplies, demand</name>
          </item>
          <item>
            <name>Europe</name>
          </item>
          <item>
            <name>Foreign aid and international relief</name>
          </item>
          <item>
            <name>Germany</name>
          </item>
          <item>
            <name>Marine and inland water transportation</name>
          </item>
          <item>
            <name>Military assistance, sales, and agreements</name>
          </item>
          <item>
            <name>Military operations and strategy</name>
          </item>
          <item>
            <name>Navigation, waterways, harbors</name>
          </item>
          <item>
            <name>Oil and gas</name>
          </item>
          <item>
            <name>Pipelines</name>
          </item>
          <item>
            <name>Russia</name>
          </item>
          <item>
            <name>Sanctions</name>
          </item>
          <item>
            <name>Sovereignty, recognition, national governance and status</name>
          </item>
          <item>
            <name>Ukraine</name>
          </item>
        </legislativeSubjects>
      </billSubjects>
    </subjects>
    <laws />
    <calendarNumbers>
      <item>
        <number>0057</number>
        <calendar>Senate Calendar of Business</calendar>
      </item>
    </calendarNumbers>
    <notes />
    <actions>
      <actionTypeCounts>
        <referredToCommittee>1</referredToCommittee>
        <orderedReported>1</orderedReported>
        <reportedToSenate>2</reportedToSenate>
        <introducedInSenate>1</introducedInSenate>
        <placedOnCalendarGeneralOrders>1</placedOnCalendarGeneralOrders>
      </actionTypeCounts>
      <item>
        <actionDate>2019-04-04</actionDate>
        <committee />
        <links />
        <sourceSystem>
          <name>Senate</name>
          <code>0</code>
        </sourceSystem>
        <text>Placed on Senate Legislative Calendar under General Orders. Calendar No. 57.</text>
        <type>Calendars</type>
      </item>
      <item>
        <actionDate>2019-04-04</actionDate>
        <committee>
          <name>Foreign Relations Committee</name>
          <systemCode>ssfr00</systemCode>
        </committee>
        <links />
        <sourceSystem>
          <name>Senate</name>
          <code>0</code>
        </sourceSystem>
        <text>Committee on Foreign Relations. Reported by Senator Risch without amendment and with a preamble. Without written report.</text>
        <type>Committee</type>
      </item>
      <item>
        <links />
        <sourceSystem>
          <name>Library of Congress</name>
          <code>9</code>
        </sourceSystem>
        <committee>
          <name>Foreign Relations Committee</name>
          <systemCode>ssfr00</systemCode>
        </committee>
        <actionCode>14000</actionCode>
        <text>Committee on Foreign Relations. Reported by Senator Risch without amendment and with a preamble. Without written report.</text>
        <actionDate>2019-04-04</actionDate>
        <type>Committee</type>
      </item>
      <item>
        <actionDate>2019-04-03</actionDate>
        <committee>
          <name>Foreign Relations Committee</name>
          <systemCode>ssfr00</systemCode>
        </committee>
        <links />
        <sourceSystem>
          <name>Senate</name>
          <code>0</code>
        </sourceSystem>
        <text>Committee on Foreign Relations. Ordered to be reported without amendment favorably.</text>
        <type>Committee</type>
      </item>
      <item>
        <actionDate>2019-01-24</actionDate>
        <committee>
          <name>Foreign Relations Committee</name>
          <systemCode>ssfr00</systemCode>
        </committee>
        <links>
          <link>
            <name>S590-591</name>
            <url>https://www.congress.gov/congressional-record/volume-165/senate-section/page/S590-591</url>
          </link>
        </links>
        <sourceSystem>
          <name>Senate</name>
          <code>0</code>
        </sourceSystem>
        <text>Referred to the Committee on Foreign Relations. (text: CR S590-591)</text>
        <type>IntroReferral</type>
      </item>
      <item>
        <links />
        <sourceSystem>
          <name>Library of Congress</name>
          <code>9</code>
        </sourceSystem>
        <committee />
        <actionCode>10000</actionCode>
        <text>Introduced in Senate</text>
        <actionDate>2019-01-24</actionDate>
        <type>IntroReferral</type>
      </item>
      <actionByCounts>
        <senate>6</senate>
      </actionByCounts>
    </actions>
    <originChamber>Senate</originChamber>
    <committees>
      <billCommittees>
        <item>
          <type>Standing</type>
          <name>Foreign Relations Committee</name>
          <activities>
            <item>
              <date>2019-04-04T21:20:59Z</date>
              <name>Reported by</name>
            </item>
            <item>
              <date>2019-04-03T18:15:02Z</date>
              <name>Markup by</name>
            </item>
            <item>
              <date>2019-01-24T21:38:36Z</date>
              <name>Referred to</name>
            </item>
          </activities>
          <subcommittees />
          <systemCode>ssfr00</systemCode>
          <chamber>Senate</chamber>
        </item>
      </billCommittees>
    </committees>
    <titles>
      <item>
        <title>A resolution calling for a prompt multinational freedom of navigation operation in the Black Sea and urging the cancellation of the Nord Stream 2 pipeline.</title>
        <chamberCode />
        <parentTitleType />
        <titleType>Official Title as Introduced</titleType>
        <chamberName />
      </item>
      <item>
        <title>A resolution calling for a prompt multinational freedom of navigation operation in the Black Sea and urging the cancellation of the Nord Stream 2 pipeline.</title>
        <chamberCode />
        <parentTitleType />
        <titleType>Display Title</titleType>
        <chamberName />
      </item>
    </titles>
    <summaries>
      <billSummaries>
        <item>
          <text><![CDATA[<p>This resolution urges the President to work with allies to lead a multinational freedom of navigation operation in the Black Sea to push back against excessive Russian claims of sovereignty. It also calls for the North Atlantic Treaty Organization to enhance allied maritime presence and capabilities in the Black Sea and for European governments to cancel the Nord Stream 2 pipeline due to its threat to European energy security. The resolution also urges the President to provide additional security assistance to Ukraine and states that the President is required by statute to impose mandatory sanctions on Russia.</p>]]></text>
          <actionDate>2019-01-24</actionDate>
          <actionDesc>Introduced in Senate</actionDesc>
          <name>Introduced in Senate</name>
          <lastSummaryUpdateDate>2019-07-11T14:34:28Z</lastSummaryUpdateDate>
          <versionCode>00</versionCode>
          <updateDate>2019-01-24T05:00:00Z</updateDate>
        </item>
        <item>
          <text><![CDATA[<p>This resolution urges the President to work with allies to lead a multinational freedom of navigation operation in the Black Sea to push back against excessive Russian claims of sovereignty. It also calls for the North Atlantic Treaty Organization to enhance allied maritime presence and capabilities in the Black Sea and for European governments to cancel the Nord Stream 2 pipeline due to its threat to European energy security. The resolution also urges the President to provide additional security assistance to Ukraine and states that the President is required by statute to impose mandatory sanctions on Russia.</p>]]></text>
          <actionDate>2019-04-04</actionDate>
          <actionDesc>Reported to Senate</actionDesc>
          <name>Reported to Senate</name>
          <lastSummaryUpdateDate>2019-07-12T16:31:02Z</lastSummaryUpdateDate>
          <versionCode>25</versionCode>
          <updateDate>2019-04-04T13:29:48Z</updateDate>
        </item>
      </billSummaries>
    </summaries>
    <recordedVotes />
    <title>A resolution calling for a prompt multinational freedom of navigation operation in the Black Sea and urging the cancellation of the Nord Stream 2 pipeline.</title>
    <sponsors>
      <item>
        <party>R</party>
        <state>WI</state>
        <identifiers>
          <lisID>2086</lisID>
          <gpoId>8355</gpoId>
          <bioguideId>J000293</bioguideId>
        </identifiers>
        <middleName />
        <byRequestType />
        <bioguideId>J000293</bioguideId>
        <firstName>Ron</firstName>
        <fullName>Sen. Johnson, Ron [R-WI]</fullName>
        <lastName>Johnson</lastName>
      </item>
    </sponsors>
    <cosponsors>
      <item>
        <party>D</party>
        <state>IL</state>
        <identifiers>
          <bioguideId>D000563</bioguideId>
          <gpoId>8326</gpoId>
          <lisID>326</lisID>
        </identifiers>
        <middleName>J.</middleName>
        <sponsorshipWithdrawnDate />
        <bioguideId>D000563</bioguideId>
        <isOriginalCosponsor>True</isOriginalCosponsor>
        <firstName>RICHARD</firstName>
        <fullName>Sen. Durbin, Richard J. [D-IL]</fullName>
        <sponsorshipDate>2019-01-24</sponsorshipDate>
        <lastName>DURBIN</lastName>
      </item>
      <item>
        <party>R</party>
        <state>ID</state>
        <identifiers>
          <lisID>1896</lisID>
          <gpoId>8274</gpoId>
          <bioguideId>R000584</bioguideId>
        </identifiers>
        <middleName>E.</middleName>
        <sponsorshipWithdrawnDate />
        <bioguideId>R000584</bioguideId>
        <isOriginalCosponsor>True</isOriginalCosponsor>
        <firstName>James</firstName>
        <fullName>Sen. Risch, James E. [R-ID]</fullName>
        <sponsorshipDate>2019-01-24</sponsorshipDate>
        <lastName>Risch</lastName>
      </item>
      <item>
        <party>D</party>
        <state>NJ</state>
        <identifiers>
          <lisID>791</lisID>
          <gpoId>8239</gpoId>
          <bioguideId>M000639</bioguideId>
        </identifiers>
        <middleName />
        <sponsorshipWithdrawnDate />
        <bioguideId>M000639</bioguideId>
        <isOriginalCosponsor>True</isOriginalCosponsor>
        <firstName>Robert</firstName>
        <fullName>Sen. Menendez, Robert [D-NJ]</fullName>
        <sponsorshipDate>2019-01-24</sponsorshipDate>
        <lastName>Menendez</lastName>
      </item>
      <item>
        <party>R</party>
        <state>OK</state>
        <identifiers>
          <lisID>583</lisID>
          <gpoId>8322</gpoId>
          <bioguideId>I000024</bioguideId>
        </identifiers>
        <middleName />
        <sponsorshipWithdrawnDate />
        <bioguideId>I000024</bioguideId>
        <isOriginalCosponsor>True</isOriginalCosponsor>
        <firstName>JIM</firstName>
        <fullName>Sen. Inhofe, James M. [R-OK]</fullName>
        <sponsorshipDate>2019-01-24</sponsorshipDate>
        <lastName>INHOFE</lastName>
      </item>
      <item>
        <party>D</party>
        <state>RI</state>
        <identifiers>
          <bioguideId>R000122</bioguideId>
          <gpoId>8272</gpoId>
          <lisID>949</lisID>
        </identifiers>
        <middleName>F.</middleName>
        <sponsorshipWithdrawnDate />
        <bioguideId>R000122</bioguideId>
        <isOriginalCosponsor>True</isOriginalCosponsor>
        <firstName>JOHN</firstName>
        <fullName>Sen. Reed, Jack [D-RI]</fullName>
        <sponsorshipDate>2019-01-24</sponsorshipDate>
        <lastName>REED</lastName>
      </item>
      <item>
        <party>D</party>
        <state>NH</state>
        <identifiers>
          <lisID>1901</lisID>
          <gpoId>8276</gpoId>
          <bioguideId>S001181</bioguideId>
        </identifiers>
        <middleName />
        <sponsorshipWithdrawnDate />
        <bioguideId>S001181</bioguideId>
        <isOriginalCosponsor>True</isOriginalCosponsor>
        <firstName>Jeanne</firstName>
        <fullName>Sen. Shaheen, Jeanne [D-NH]</fullName>
        <sponsorshipDate>2019-01-24</sponsorshipDate>
        <lastName>Shaheen</lastName>
      </item>
      <item>
        <party>R</party>
        <state>WY</state>
        <identifiers>
          <lisID>1881</lisID>
          <gpoId>8300</gpoId>
          <bioguideId>B001261</bioguideId>
        </identifiers>
        <middleName />
        <sponsorshipWithdrawnDate />
        <bioguideId>B001261</bioguideId>
        <isOriginalCosponsor>True</isOriginalCosponsor>
        <firstName>John</firstName>
        <fullName>Sen. Barrasso, John [R-WY]</fullName>
        <sponsorshipDate>2019-01-24</sponsorshipDate>
        <lastName>Barrasso</lastName>
      </item>
      <item>
        <party>D</party>
        <state>CT</state>
        <identifiers>
          <bioguideId>M001169</bioguideId>
          <lisID>1837</lisID>
          <gpoId>7870</gpoId>
        </identifiers>
        <middleName />
        <sponsorshipWithdrawnDate />
        <bioguideId>M001169</bioguideId>
        <isOriginalCosponsor>True</isOriginalCosponsor>
        <firstName>Christopher</firstName>
        <fullName>Sen. Murphy, Christopher [D-CT]</fullName>
        <sponsorshipDate>2019-01-24</sponsorshipDate>
        <lastName>Murphy</lastName>
      </item>
      <item>
        <party>D</party>
        <state>WI</state>
        <identifiers>
          <lisID>1558</lisID>
          <gpoId>8215</gpoId>
          <bioguideId>B001230</bioguideId>
        </identifiers>
        <middleName />
        <sponsorshipWithdrawnDate />
        <bioguideId>B001230</bioguideId>
        <isOriginalCosponsor>True</isOriginalCosponsor>
        <firstName>Tammy</firstName>
        <fullName>Sen. Baldwin, Tammy [D-WI]</fullName>
        <sponsorshipDate>2019-01-24</sponsorshipDate>
        <lastName>Baldwin</lastName>
      </item>
      <item>
        <party>R</party>
        <state>TN</state>
        <identifiers>
          <bioguideId>B001243</bioguideId>
          <lisID>1748</lisID>
          <gpoId>8154</gpoId>
        </identifiers>
        <middleName />
        <sponsorshipWithdrawnDate />
        <bioguideId>B001243</bioguideId>
        <isOriginalCosponsor>True</isOriginalCosponsor>
        <firstName>Marsha</firstName>
        <fullName>Sen. Blackburn, Marsha [R-TN]</fullName>
        <sponsorshipDate>2019-01-24</sponsorshipDate>
        <lastName>Blackburn</lastName>
      </item>
      <item>
        <party>D</party>
        <state>CT</state>
        <identifiers>
          <lisID>2076</lisID>
          <gpoId>8332</gpoId>
          <bioguideId>B001277</bioguideId>
        </identifiers>
        <middleName />
        <sponsorshipWithdrawnDate />
        <bioguideId>B001277</bioguideId>
        <isOriginalCosponsor>True</isOriginalCosponsor>
        <firstName>Richard</firstName>
        <fullName>Sen. Blumenthal, Richard [D-CT]</fullName>
        <sponsorshipDate>2019-01-24</sponsorshipDate>
        <lastName>Blumenthal</lastName>
      </item>
      <item>
        <party>R</party>
        <state>MO</state>
        <identifiers>
          <lisID>1464</lisID>
          <gpoId>8313</gpoId>
          <bioguideId>B000575</bioguideId>
        </identifiers>
        <middleName />
        <sponsorshipWithdrawnDate />
        <bioguideId>B000575</bioguideId>
        <isOriginalCosponsor>True</isOriginalCosponsor>
        <firstName>Roy</firstName>
        <fullName>Sen. Blunt, Roy [R-MO]</fullName>
        <sponsorshipDate>2019-01-24</sponsorshipDate>
        <lastName>Blunt</lastName>
      </item>
      <item>
        <party>R</party>
        <state>AR</state>
        <identifiers>
          <bioguideId>B001236</bioguideId>
          <gpoId>8247</gpoId>
          <lisID>1687</lisID>
        </identifiers>
        <middleName />
        <sponsorshipWithdrawnDate />
        <bioguideId>B001236</bioguideId>
        <isOriginalCosponsor>True</isOriginalCosponsor>
        <firstName>John</firstName>
        <fullName>Sen. Boozman, John [R-AR]</fullName>
        <sponsorshipDate>2019-01-24</sponsorshipDate>
        <lastName>Boozman</lastName>
      </item>
      <item>
        <party>R</party>
        <state>IN</state>
        <identifiers>
          <lisID>2462</lisID>
          <gpoId />
          <bioguideId>B001310</bioguideId>
        </identifiers>
        <middleName />
        <sponsorshipWithdrawnDate />
        <bioguideId>B001310</bioguideId>
        <isOriginalCosponsor>True</isOriginalCosponsor>
        <firstName>Mike</firstName>
        <fullName>Sen. Braun, Mike  [R-IN]</fullName>
        <sponsorshipDate>2019-01-24</sponsorshipDate>
        <lastName>Braun</lastName>
      </item>
      <item>
        <party>D</party>
        <state>MD</state>
        <identifiers>
          <bioguideId>C000141</bioguideId>
          <gpoId>8287</gpoId>
          <lisID>174</lisID>
        </identifiers>
        <middleName>L.</middleName>
        <sponsorshipWithdrawnDate />
        <bioguideId>C000141</bioguideId>
        <isOriginalCosponsor>True</isOriginalCosponsor>
        <firstName>BENJAMIN</firstName>
        <fullName>Sen. Cardin, Benjamin L. [D-MD]</fullName>
        <sponsorshipDate>2019-01-24</sponsorshipDate>
        <lastName>CARDIN</lastName>
      </item>
      <item>
        <party>D</party>
        <state>DE</state>
        <identifiers>
          <lisID>179</lisID>
          <gpoId>8283</gpoId>
          <bioguideId>C000174</bioguideId>
        </identifiers>
        <middleName>R.</middleName>
        <sponsorshipWithdrawnDate />
        <bioguideId>C000174</bioguideId>
        <isOriginalCosponsor>True</isOriginalCosponsor>
        <firstName>THOMAS</firstName>
        <fullName>Sen. Carper, Thomas R. [D-DE]</fullName>
        <sponsorshipDate>2019-01-24</sponsorshipDate>
        <lastName>CARPER</lastName>
      </item>
      <item>
        <party>D</party>
        <state>PA</state>
        <identifiers>
          <lisID>1828</lisID>
          <gpoId>8282</gpoId>
          <bioguideId>C001070</bioguideId>
        </identifiers>
        <middleName />
        <sponsorshipWithdrawnDate />
        <bioguideId>C001070</bioguideId>
        <isOriginalCosponsor>True</isOriginalCosponsor>
        <firstName>Bob</firstName>
        <fullName>Sen. Casey, Robert P., Jr. [D-PA]</fullName>
        <sponsorshipDate>2019-01-24</sponsorshipDate>
        <lastName>Casey</lastName>
      </item>
      <item>
        <party>R</party>
        <state>ME</state>
        <identifiers>
          <bioguideId>C001035</bioguideId>
          <gpoId>8291</gpoId>
          <lisID>1541</lisID>
        </identifiers>
        <middleName>MARGARET</middleName>
        <sponsorshipWithdrawnDate />
        <bioguideId>C001035</bioguideId>
        <isOriginalCosponsor>True</isOriginalCosponsor>
        <firstName>SUSAN</firstName>
        <fullName>Sen. Collins, Susan M. [R-ME]</fullName>
        <sponsorshipDate>2019-01-24</sponsorshipDate>
        <lastName>COLLINS</lastName>
      </item>
      <item>
        <party>D</party>
        <state>DE</state>
        <identifiers>
          <lisID>1984</lisID>
          <gpoId>8297</gpoId>
          <bioguideId>C001088</bioguideId>
        </identifiers>
        <middleName>A.</middleName>
        <sponsorshipWithdrawnDate />
        <bioguideId>C001088</bioguideId>
        <isOriginalCosponsor>True</isOriginalCosponsor>
        <firstName>Christopher</firstName>
        <fullName>Sen. Coons, Christopher A. [D-DE]</fullName>
        <sponsorshipDate>2019-01-24</sponsorshipDate>
        <lastName>Coons</lastName>
      </item>
      <item>
        <party>R</party>
        <state>TX</state>
        <identifiers>
          <lisID>1692</lisID>
          <gpoId>8295</gpoId>
          <bioguideId>C001056</bioguideId>
        </identifiers>
        <middleName />
        <sponsorshipWithdrawnDate />
        <bioguideId>C001056</bioguideId>
        <isOriginalCosponsor>True</isOriginalCosponsor>
        <firstName>John</firstName>
        <fullName>Sen. Cornyn, John [R-TX]</fullName>
        <sponsorshipDate>2019-01-24</sponsorshipDate>
        <lastName>Cornyn</lastName>
      </item>
      <item>
        <party>R</party>
        <state>AR</state>
        <identifiers>
          <lisID>2098</lisID>
          <gpoId />
          <bioguideId>C001095</bioguideId>
        </identifiers>
        <middleName />
        <sponsorshipWithdrawnDate />
        <bioguideId>C001095</bioguideId>
        <isOriginalCosponsor>True</isOriginalCosponsor>
        <firstName>Tom</firstName>
        <fullName>Sen. Cotton, Tom [R-AR]</fullName>
        <sponsorshipDate>2019-01-24</sponsorshipDate>
        <lastName>Cotton</lastName>
      </item>
      <item>
        <party>R</party>
        <state>ND</state>
        <identifiers>
          <lisID>2144</lisID>
          <gpoId />
          <bioguideId>C001096</bioguideId>
        </identifiers>
        <middleName />
        <sponsorshipWithdrawnDate />
        <bioguideId>C001096</bioguideId>
        <isOriginalCosponsor>True</isOriginalCosponsor>
        <firstName>Kevin</firstName>
        <fullName>Sen. Cramer, Kevin [R-ND]</fullName>
        <sponsorshipDate>2019-01-24</sponsorshipDate>
        <lastName>Cramer</lastName>
      </item>
      <item>
        <party>R</party>
        <state>ID</state>
        <identifiers>
          <lisID>250</lisID>
          <gpoId>8289</gpoId>
          <bioguideId>C000880</bioguideId>
        </identifiers>
        <middleName>D.</middleName>
        <sponsorshipWithdrawnDate />
        <bioguideId>C000880</bioguideId>
        <isOriginalCosponsor>True</isOriginalCosponsor>
        <firstName>MICHAEL</firstName>
        <fullName>Sen. Crapo, Mike [R-ID]</fullName>
        <sponsorshipDate>2019-01-24</sponsorshipDate>
        <lastName>CRAPO</lastName>
      </item>
      <item>
        <party>R</party>
        <state>TX</state>
        <identifiers>
          <lisID>2175</lisID>
          <gpoId />
          <bioguideId>C001098</bioguideId>
        </identifiers>
        <middleName />
        <sponsorshipWithdrawnDate />
        <bioguideId>C001098</bioguideId>
        <isOriginalCosponsor>True</isOriginalCosponsor>
        <firstName>Ted</firstName>
        <fullName>Sen. Cruz, Ted [R-TX]</fullName>
        <sponsorshipDate>2019-01-24</sponsorshipDate>
        <lastName>Cruz</lastName>
      </item>
      <item>
        <party>R</party>
        <state>MT</state>
        <identifiers>
          <bioguideId>D000618</bioguideId>
          <lisID>2138</lisID>
          <gpoId />
        </identifiers>
        <middleName />
        <sponsorshipWithdrawnDate />
        <bioguideId>D000618</bioguideId>
        <isOriginalCosponsor>True</isOriginalCosponsor>
        <firstName>Steve</firstName>
        <fullName>Sen. Daines, Steve [R-MT]</fullName>
        <sponsorshipDate>2019-01-24</sponsorshipDate>
        <lastName>Daines</lastName>
      </item>
      <item>
        <party>D</party>
        <state>IL</state>
        <identifiers>
          <lisID>2123</lisID>
          <gpoId />
          <bioguideId>D000622</bioguideId>
        </identifiers>
        <middleName />
        <sponsorshipWithdrawnDate />
        <bioguideId>D000622</bioguideId>
        <isOriginalCosponsor>True</isOriginalCosponsor>
        <firstName>Tammy</firstName>
        <fullName>Sen. Duckworth, Tammy [D-IL]</fullName>
        <sponsorshipDate>2019-01-24</sponsorshipDate>
        <lastName>Duckworth</lastName>
      </item>
      <item>
        <party>R</party>
        <state>WY</state>
        <identifiers>
          <bioguideId>E000285</bioguideId>
          <gpoId>8328</gpoId>
          <lisID>1542</lisID>
        </identifiers>
        <middleName>B.</middleName>
        <sponsorshipWithdrawnDate />
        <bioguideId>E000285</bioguideId>
        <isOriginalCosponsor>True</isOriginalCosponsor>
        <firstName>MICHAEL</firstName>
        <fullName>Sen. Enzi, Michael B. [R-WY]</fullName>
        <sponsorshipDate>2019-01-24</sponsorshipDate>
        <lastName>ENZI</lastName>
      </item>
      <item>
        <party>R</party>
        <state>NE</state>
        <identifiers>
          <lisID>2179</lisID>
          <gpoId />
          <bioguideId>F000463</bioguideId>
        </identifiers>
        <middleName />
        <sponsorshipWithdrawnDate />
        <bioguideId>F000463</bioguideId>
        <isOriginalCosponsor>True</isOriginalCosponsor>
        <firstName>Deb</firstName>
        <fullName>Sen. Fischer, Deb [R-NE]</fullName>
        <sponsorshipDate>2019-01-24</sponsorshipDate>
        <lastName>Fischer</lastName>
      </item>
      <item>
        <party>R</party>
        <state>CO</state>
        <identifiers>
          <bioguideId>G000562</bioguideId>
          <gpoId>7862</gpoId>
          <lisID>1998</lisID>
        </identifiers>
        <middleName />
        <sponsorshipWithdrawnDate />
        <bioguideId>G000562</bioguideId>
        <isOriginalCosponsor>True</isOriginalCosponsor>
        <firstName>Cory</firstName>
        <fullName>Sen. Gardner, Cory [R-CO]</fullName>
        <sponsorshipDate>2019-01-24</sponsorshipDate>
        <lastName>Gardner</lastName>
      </item>
      <item>
        <party>R</party>
        <state>SC</state>
        <identifiers>
          <lisID>452</lisID>
          <gpoId>8335</gpoId>
          <bioguideId>G000359</bioguideId>
        </identifiers>
        <middleName>O.</middleName>
        <sponsorshipWithdrawnDate />
        <bioguideId>G000359</bioguideId>
        <isOriginalCosponsor>True</isOriginalCosponsor>
        <firstName>LINDSEY</firstName>
        <fullName>Sen. Graham, Lindsey [R-SC]</fullName>
        <sponsorshipDate>2019-01-24</sponsorshipDate>
        <lastName>GRAHAM</lastName>
      </item>
      <item>
        <party>R</party>
        <state>IA</state>
        <identifiers>
          <lisID>457</lisID>
          <gpoId>8316</gpoId>
          <bioguideId>G000386</bioguideId>
        </identifiers>
        <middleName>ERNEST</middleName>
        <sponsorshipWithdrawnDate />
        <bioguideId>G000386</bioguideId>
        <isOriginalCosponsor>True</isOriginalCosponsor>
        <firstName>CHARLES</firstName>
        <fullName>Sen. Grassley, Chuck [R-IA]</fullName>
        <sponsorshipDate>2019-01-24</sponsorshipDate>
        <lastName>GRASSLEY</lastName>
      </item>
      <item>
        <party>D</party>
        <state>NH</state>
        <identifiers>
          <lisID>2302</lisID>
          <gpoId />
          <bioguideId>H001076</bioguideId>
        </identifiers>
        <middleName>Wood</middleName>
        <sponsorshipWithdrawnDate />
        <bioguideId>H001076</bioguideId>
        <isOriginalCosponsor>True</isOriginalCosponsor>
        <firstName>Margaret</firstName>
        <fullName>Sen. Hassan, Margaret Wood [D-NH]</fullName>
        <sponsorshipDate>2019-01-24</sponsorshipDate>
        <lastName>Hassan</lastName>
      </item>
      <item>
        <party>D</party>
        <state>HI</state>
        <identifiers>
          <bioguideId>H001042</bioguideId>
          <gpoId>7913</gpoId>
          <lisID>1844</lisID>
        </identifiers>
        <middleName>K.</middleName>
        <sponsorshipWithdrawnDate />
        <bioguideId>H001042</bioguideId>
        <isOriginalCosponsor>True</isOriginalCosponsor>
        <firstName>Mazie</firstName>
        <fullName>Sen. Hirono, Mazie K. [D-HI]</fullName>
        <sponsorshipDate>2019-01-24</sponsorshipDate>
        <lastName>Hirono</lastName>
      </item>
      <item>
        <party>R</party>
        <state>ND</state>
        <identifiers>
          <bioguideId>H001061</bioguideId>
          <gpoId>8331</gpoId>
          <lisID>2079</lisID>
        </identifiers>
        <middleName />
        <sponsorshipWithdrawnDate />
        <bioguideId>H001061</bioguideId>
        <isOriginalCosponsor>True</isOriginalCosponsor>
        <firstName>John</firstName>
        <fullName>Sen. Hoeven, John [R-ND]</fullName>
        <sponsorshipDate>2019-01-24</sponsorshipDate>
        <lastName>Hoeven</lastName>
      </item>
      <item>
        <party>R</party>
        <state>MS</state>
        <identifiers>
          <bioguideId>H001079</bioguideId>
          <gpoId />
          <lisID>2366</lisID>
        </identifiers>
        <middleName />
        <sponsorshipWithdrawnDate />
        <bioguideId>H001079</bioguideId>
        <isOriginalCosponsor>True</isOriginalCosponsor>
        <firstName>Cindy</firstName>
        <fullName>Sen. Hyde-Smith, Cindy [R-MS]</fullName>
        <sponsorshipDate>2019-01-24</sponsorshipDate>
        <lastName>Hyde-Smith</lastName>
      </item>
      <item>
        <party>D</party>
        <state>AL</state>
        <identifiers>
          <lisID>2364</lisID>
          <gpoId />
          <bioguideId>J000300</bioguideId>
        </identifiers>
        <middleName />
        <sponsorshipWithdrawnDate />
        <bioguideId>J000300</bioguideId>
        <isOriginalCosponsor>True</isOriginalCosponsor>
        <firstName>Doug</firstName>
        <fullName>Sen. Jones, Doug  [D-AL]</fullName>
        <sponsorshipDate>2019-01-24</sponsorshipDate>
        <lastName>Jones</lastName>
      </item>
      <item>
        <party>D</party>
        <state>VA</state>
        <identifiers>
          <lisID>2176</lisID>
          <gpoId />
          <bioguideId>K000384</bioguideId>
        </identifiers>
        <middleName />
        <sponsorshipWithdrawnDate />
        <bioguideId>K000384</bioguideId>
        <isOriginalCosponsor>True</isOriginalCosponsor>
        <firstName>Timothy</firstName>
        <fullName>Sen. Kaine, Tim [D-VA]</fullName>
        <sponsorshipDate>2019-01-24</sponsorshipDate>
        <lastName>Kaine</lastName>
      </item>
      <item>
        <party>R</party>
        <state>LA</state>
        <identifiers>
          <bioguideId>K000393</bioguideId>
          <lisID>2303</lisID>
          <gpoId />
        </identifiers>
        <middleName>Neely</middleName>
        <sponsorshipWithdrawnDate />
        <bioguideId>K000393</bioguideId>
        <isOriginalCosponsor>True</isOriginalCosponsor>
        <firstName>John</firstName>
        <fullName>Sen. Kennedy, John [R-LA]</fullName>
        <sponsorshipDate>2019-01-24</sponsorshipDate>
        <lastName>Kennedy</lastName>
      </item>
      <item>
        <party>D</party>
        <state>MN</state>
        <identifiers>
          <lisID>1826</lisID>
          <gpoId>8249</gpoId>
          <bioguideId>K000367</bioguideId>
        </identifiers>
        <middleName />
        <sponsorshipWithdrawnDate />
        <bioguideId>K000367</bioguideId>
        <isOriginalCosponsor>True</isOriginalCosponsor>
        <firstName>Amy</firstName>
        <fullName>Sen. Klobuchar, Amy [D-MN]</fullName>
        <sponsorshipDate>2019-01-24</sponsorshipDate>
        <lastName>Klobuchar</lastName>
      </item>
      <item>
        <party>R</party>
        <state>OK</state>
        <identifiers>
          <bioguideId>L000575</bioguideId>
          <lisID>2050</lisID>
          <gpoId>8113</gpoId>
        </identifiers>
        <middleName />
        <sponsorshipWithdrawnDate />
        <bioguideId>L000575</bioguideId>
        <isOriginalCosponsor>True</isOriginalCosponsor>
        <firstName>James</firstName>
        <fullName>Sen. Lankford, James [R-OK]</fullName>
        <sponsorshipDate>2019-01-24</sponsorshipDate>
        <lastName>Lankford</lastName>
      </item>
      <item>
        <party>D</party>
        <state>OR</state>
        <identifiers>
          <lisID>1900</lisID>
          <gpoId>8238</gpoId>
          <bioguideId>M001176</bioguideId>
        </identifiers>
        <middleName />
        <sponsorshipWithdrawnDate />
        <bioguideId>M001176</bioguideId>
        <isOriginalCosponsor>True</isOriginalCosponsor>
        <firstName>Jeff</firstName>
        <fullName>Sen. Merkley, Jeff [D-OR]</fullName>
        <sponsorshipDate>2019-01-24</sponsorshipDate>
        <lastName>Merkley</lastName>
      </item>
      <item>
        <party>R</party>
        <state>KS</state>
        <identifiers>
          <bioguideId>M000934</bioguideId>
          <lisID>1507</lisID>
          <gpoId>8307</gpoId>
        </identifiers>
        <middleName />
        <sponsorshipWithdrawnDate />
        <bioguideId>M000934</bioguideId>
        <isOriginalCosponsor>True</isOriginalCosponsor>
        <firstName>Jerry</firstName>
        <fullName>Sen. Moran, Jerry [R-KS]</fullName>
        <sponsorshipDate>2019-01-24</sponsorshipDate>
        <lastName>Moran</lastName>
      </item>
      <item>
        <party>D</party>
        <state>MI</state>
        <identifiers>
          <lisID>1929</lisID>
          <gpoId>7994</gpoId>
          <bioguideId>P000595</bioguideId>
        </identifiers>
        <middleName>C.</middleName>
        <sponsorshipWithdrawnDate />
        <bioguideId>P000595</bioguideId>
        <isOriginalCosponsor>True</isOriginalCosponsor>
        <firstName>Gary</firstName>
        <fullName>Sen. Peters, Gary C. [D-MI]</fullName>
        <sponsorshipDate>2019-01-24</sponsorshipDate>
        <lastName>Peters</lastName>
      </item>
      <item>
        <party>R</party>
        <state>OH</state>
        <identifiers>
          <lisID>924</lisID>
          <gpoId>8266</gpoId>
          <bioguideId>P000449</bioguideId>
        </identifiers>
        <middleName />
        <sponsorshipWithdrawnDate />
        <bioguideId>P000449</bioguideId>
        <isOriginalCosponsor>True</isOriginalCosponsor>
        <firstName>ROB</firstName>
        <fullName>Sen. Portman, Rob [R-OH]</fullName>
        <sponsorshipDate>2019-01-24</sponsorshipDate>
        <lastName>PORTMAN</lastName>
      </item>
      <item>
        <party>R</party>
        <state>KS</state>
        <identifiers>
          <lisID>968</lisID>
          <gpoId>8275</gpoId>
          <bioguideId>R000307</bioguideId>
        </identifiers>
        <middleName />
        <sponsorshipWithdrawnDate />
        <bioguideId>R000307</bioguideId>
        <isOriginalCosponsor>True</isOriginalCosponsor>
        <firstName>PAT</firstName>
        <fullName>Sen. Roberts, Pat [R-KS]</fullName>
        <sponsorshipDate>2019-01-24</sponsorshipDate>
        <lastName>ROBERTS</lastName>
      </item>
      <item>
        <party>R</party>
        <state>UT</state>
        <identifiers>
          <bioguideId>R000615</bioguideId>
          <gpoId />
          <lisID>2466</lisID>
        </identifiers>
        <middleName />
        <sponsorshipWithdrawnDate />
        <bioguideId>R000615</bioguideId>
        <isOriginalCosponsor>True</isOriginalCosponsor>
        <firstName>Mitt</firstName>
        <fullName>Sen. Romney, Mitt  [R-UT]</fullName>
        <sponsorshipDate>2019-01-24</sponsorshipDate>
        <lastName>Romney</lastName>
      </item>
      <item>
        <party>R</party>
        <state>SD</state>
        <identifiers>
          <lisID>2288</lisID>
          <gpoId />
          <bioguideId>R000605</bioguideId>
        </identifiers>
        <middleName />
        <sponsorshipWithdrawnDate />
        <bioguideId>R000605</bioguideId>
        <isOriginalCosponsor>True</isOriginalCosponsor>
        <firstName>Mike</firstName>
        <fullName>Sen. Rounds, Mike  [R-SD]</fullName>
        <sponsorshipDate>2019-01-24</sponsorshipDate>
        <lastName>Rounds</lastName>
      </item>
      <item>
        <party>R</party>
        <state>FL</state>
        <identifiers>
          <lisID>2084</lisID>
          <gpoId>8242</gpoId>
          <bioguideId>R000595</bioguideId>
        </identifiers>
        <middleName />
        <sponsorshipWithdrawnDate />
        <bioguideId>R000595</bioguideId>
        <isOriginalCosponsor>True</isOriginalCosponsor>
        <firstName>Marco</firstName>
        <fullName>Sen. Rubio, Marco [R-FL]</fullName>
        <sponsorshipDate>2019-01-24</sponsorshipDate>
        <lastName>Rubio</lastName>
      </item>
      <item>
        <party>R</party>
        <state>NE</state>
        <identifiers>
          <lisID>2289</lisID>
          <gpoId />
          <bioguideId>S001197</bioguideId>
        </identifiers>
        <middleName />
        <sponsorshipWithdrawnDate />
        <bioguideId>S001197</bioguideId>
        <isOriginalCosponsor>True</isOriginalCosponsor>
        <firstName>Ben</firstName>
        <fullName>Sen. Sasse, Ben  [R-NE]</fullName>
        <sponsorshipDate>2019-01-24</sponsorshipDate>
        <lastName>Sasse</lastName>
      </item>
      <item>
        <party>D</party>
        <state>HI</state>
        <identifiers>
          <bioguideId>S001194</bioguideId>
          <gpoId />
          <lisID>2173</lisID>
        </identifiers>
        <middleName />
        <sponsorshipWithdrawnDate />
        <bioguideId>S001194</bioguideId>
        <isOriginalCosponsor>True</isOriginalCosponsor>
        <firstName>Brian</firstName>
        <fullName>Sen. Schatz, Brian [D-HI]</fullName>
        <sponsorshipDate>2019-01-24</sponsorshipDate>
        <lastName>Schatz</lastName>
      </item>
      <item>
        <party>D</party>
        <state>MN</state>
        <identifiers>
          <lisID>2365</lisID>
          <gpoId />
          <bioguideId>S001203</bioguideId>
        </identifiers>
        <middleName />
        <sponsorshipWithdrawnDate />
        <bioguideId>S001203</bioguideId>
        <isOriginalCosponsor>True</isOriginalCosponsor>
        <firstName>Tina</firstName>
        <fullName>Sen. Smith, Tina  [D-MN]</fullName>
        <sponsorshipDate>2019-01-24</sponsorshipDate>
        <lastName>Smith</lastName>
      </item>
      <item>
        <party>D</party>
        <state>MI</state>
        <identifiers>
          <bioguideId>S000770</bioguideId>
          <gpoId>8261</gpoId>
          <lisID>1531</lisID>
        </identifiers>
        <middleName>ANN</middleName>
        <sponsorshipWithdrawnDate />
        <bioguideId>S000770</bioguideId>
        <isOriginalCosponsor>True</isOriginalCosponsor>
        <firstName>DEBORAH</firstName>
        <fullName>Sen. Stabenow, Debbie [D-MI]</fullName>
        <sponsorshipDate>2019-01-24</sponsorshipDate>
        <lastName>STABENOW</lastName>
      </item>
      <item>
        <party>R</party>
        <state>SD</state>
        <identifiers>
          <bioguideId>T000250</bioguideId>
          <lisID>1534</lisID>
          <gpoId>8257</gpoId>
        </identifiers>
        <middleName>R.</middleName>
        <sponsorshipWithdrawnDate />
        <bioguideId>T000250</bioguideId>
        <isOriginalCosponsor>True</isOriginalCosponsor>
        <firstName>JOHN</firstName>
        <fullName>Sen. Thune, John [R-SD]</fullName>
        <sponsorshipDate>2019-01-24</sponsorshipDate>
        <lastName>THUNE</lastName>
      </item>
      <item>
        <party>R</party>
        <state>NC</state>
        <identifiers>
          <lisID>2291</lisID>
          <gpoId />
          <bioguideId>T000476</bioguideId>
        </identifiers>
        <middleName>Roland</middleName>
        <sponsorshipWithdrawnDate />
        <bioguideId>T000476</bioguideId>
        <isOriginalCosponsor>True</isOriginalCosponsor>
        <firstName>Thomas</firstName>
        <fullName>Sen. Tillis, Thom [R-NC]</fullName>
        <sponsorshipDate>2019-01-24</sponsorshipDate>
        <lastName>Tillis</lastName>
      </item>
      <item>
        <party>R</party>
        <state>PA</state>
        <identifiers>
          <lisID>1594</lisID>
          <gpoId />
          <bioguideId>T000461</bioguideId>
        </identifiers>
        <middleName />
        <sponsorshipWithdrawnDate />
        <bioguideId>T000461</bioguideId>
        <isOriginalCosponsor>True</isOriginalCosponsor>
        <firstName>Pat</firstName>
        <fullName>Sen. Toomey, Pat [R-PA]</fullName>
        <sponsorshipDate>2019-01-24</sponsorshipDate>
        <lastName>Toomey</lastName>
      </item>
      <item>
        <party>D</party>
        <state>MD</state>
        <identifiers>
          <lisID>1729</lisID>
          <gpoId>7983</gpoId>
          <bioguideId>V000128</bioguideId>
        </identifiers>
        <middleName />
        <sponsorshipWithdrawnDate />
        <bioguideId>V000128</bioguideId>
        <isOriginalCosponsor>True</isOriginalCosponsor>
        <firstName>Chris</firstName>
        <fullName>Sen. Van Hollen, Chris [D-MD]</fullName>
        <sponsorshipDate>2019-01-24</sponsorshipDate>
        <lastName>Van Hollen</lastName>
      </item>
      <item>
        <party>D</party>
        <state>RI</state>
        <identifiers>
          <bioguideId>W000802</bioguideId>
          <lisID>1823</lisID>
          <gpoId>8264</gpoId>
        </identifiers>
        <middleName />
        <sponsorshipWithdrawnDate />
        <bioguideId>W000802</bioguideId>
        <isOriginalCosponsor>True</isOriginalCosponsor>
        <firstName>Sheldon</firstName>
        <fullName>Sen. Whitehouse, Sheldon [D-RI]</fullName>
        <sponsorshipDate>2019-01-24</sponsorshipDate>
        <lastName>Whitehouse</lastName>
      </item>
      <item>
        <party>R</party>
        <state>MS</state>
        <identifiers>
          <bioguideId>W000437</bioguideId>
          <gpoId>8263</gpoId>
          <lisID>1226</lisID>
        </identifiers>
        <middleName>F.</middleName>
        <sponsorshipWithdrawnDate />
        <bioguideId>W000437</bioguideId>
        <isOriginalCosponsor>True</isOriginalCosponsor>
        <firstName>ROGER</firstName>
        <fullName>Sen. Wicker, Roger F. [R-MS]</fullName>
        <sponsorshipDate>2019-01-24</sponsorshipDate>
        <lastName>WICKER</lastName>
      </item>
      <item>
        <party>D</party>
        <state>OR</state>
        <identifiers>
          <lisID>1247</lisID>
          <gpoId>8265</gpoId>
          <bioguideId>W000779</bioguideId>
        </identifiers>
        <middleName />
        <sponsorshipWithdrawnDate />
        <bioguideId>W000779</bioguideId>
        <isOriginalCosponsor>True</isOriginalCosponsor>
        <firstName>RON</firstName>
        <fullName>Sen. Wyden, Ron [D-OR]</fullName>
        <sponsorshipDate>2019-01-24</sponsorshipDate>
        <lastName>WYDEN</lastName>
      </item>
      <item>
        <party>R</party>
        <state>IN</state>
        <identifiers>
          <bioguideId>Y000064</bioguideId>
          <gpoId>7948</gpoId>
          <lisID>2019</lisID>
        </identifiers>
        <middleName>C.</middleName>
        <sponsorshipWithdrawnDate />
        <bioguideId>Y000064</bioguideId>
        <isOriginalCosponsor>True</isOriginalCosponsor>
        <firstName>Todd</firstName>
        <fullName>Sen. Young, Todd C. [R-IN]</fullName>
        <sponsorshipDate>2019-01-24</sponsorshipDate>
        <lastName>Young</lastName>
      </item>
      <item>
        <party>D</party>
        <state>WV</state>
        <identifiers>
          <bioguideId>M001183</bioguideId>
          <lisID>1983</lisID>
          <gpoId>8256</gpoId>
        </identifiers>
        <middleName />
        <sponsorshipWithdrawnDate />
        <bioguideId>M001183</bioguideId>
        <isOriginalCosponsor>True</isOriginalCosponsor>
        <firstName>Joe</firstName>
        <fullName>Sen. Manchin, Joe, III [D-WV]</fullName>
        <sponsorshipDate>2019-01-24</sponsorshipDate>
        <lastName>Manchin</lastName>
      </item>
      <item>
        <party>R</party>
        <state>WV</state>
        <identifiers>
          <bioguideId>C001047</bioguideId>
          <lisID>1676</lisID>
          <gpoId>8223</gpoId>
        </identifiers>
        <middleName>MOORE</middleName>
        <sponsorshipWithdrawnDate />
        <bioguideId>C001047</bioguideId>
        <isOriginalCosponsor>True</isOriginalCosponsor>
        <firstName>SHELLEY</firstName>
        <fullName>Sen. Capito, Shelley Moore [R-WV]</fullName>
        <sponsorshipDate>2019-01-24</sponsorshipDate>
        <lastName>CAPITO</lastName>
      </item>
      <item>
        <party>R</party>
        <state>GA</state>
        <identifiers>
          <bioguideId>P000612</bioguideId>
          <gpoId />
          <lisID>2286</lisID>
        </identifiers>
        <middleName>Alfred</middleName>
        <sponsorshipWithdrawnDate />
        <bioguideId>P000612</bioguideId>
        <isOriginalCosponsor>True</isOriginalCosponsor>
        <firstName>David</firstName>
        <fullName>Sen. Perdue, David [R-GA]</fullName>
        <sponsorshipDate>2019-01-24</sponsorshipDate>
        <lastName>Perdue</lastName>
      </item>
      <item>
        <party>R</party>
        <state>GA</state>
        <identifiers>
          <lisID>1608</lisID>
          <gpoId>8323</gpoId>
          <bioguideId>I000055</bioguideId>
        </identifiers>
        <middleName />
        <sponsorshipWithdrawnDate />
        <bioguideId>I000055</bioguideId>
        <isOriginalCosponsor>True</isOriginalCosponsor>
        <firstName>Johnny</firstName>
        <fullName>Sen. Isakson, Johnny [R-GA]</fullName>
        <sponsorshipDate>2019-01-24</sponsorshipDate>
        <lastName>Isakson</lastName>
      </item>
      <item>
        <party>R</party>
        <state>AK</state>
        <identifiers>
          <bioguideId>M001153</bioguideId>
          <gpoId>8234</gpoId>
          <lisID>1694</lisID>
        </identifiers>
        <middleName />
        <sponsorshipWithdrawnDate />
        <bioguideId>M001153</bioguideId>
        <isOriginalCosponsor>True</isOriginalCosponsor>
        <firstName>Lisa</firstName>
        <fullName>Sen. Murkowski, Lisa [R-AK]</fullName>
        <sponsorshipDate>2019-01-24</sponsorshipDate>
        <lastName>Murkowski</lastName>
      </item>
      <item>
        <party>R</party>
        <state>LA</state>
        <identifiers>
          <lisID>1925</lisID>
          <gpoId>7964</gpoId>
          <bioguideId>C001075</bioguideId>
        </identifiers>
        <middleName />
        <sponsorshipWithdrawnDate />
        <bioguideId>C001075</bioguideId>
        <isOriginalCosponsor>False</isOriginalCosponsor>
        <firstName>Bill</firstName>
        <fullName>Sen. Cassidy, Bill [R-LA]</fullName>
        <sponsorshipDate>2019-01-28</sponsorshipDate>
        <lastName>Cassidy</lastName>
      </item>
    </cosponsors>
    <billNumber>27</billNumber>
    <congress>116</congress>
    <latestAction>
      <links />
      <actionDate>2019-04-04</actionDate>
      <text>Placed on Senate Legislative Calendar under General Orders. Calendar No. 57.</text>
    </latestAction>
    <billType>SRES</billType>
    <updateDate>2019-11-15T21:56:28Z</updateDate>
    <createDate>2019-01-25T06:10:10Z</createDate>
    <version>1.0.0</version>
  </bill>
  <dublinCore xmlns:dc="http://purl.org/dc/elements/1.1/">
    <dc:format>text/xml</dc:format>
    <dc:language>EN</dc:language>
    <dc:rights>Pursuant to Title 17 Section 105 of the United States Code, this file is not subject to copyright protection and is in the public domain.</dc:rights>
    <dc:contributor>Congressional Research Service, Library of Congress</dc:contributor>
    <dc:description>This file contains bill summaries and statuses for federal legislation. A bill summary describes the most significant provisions of a piece of legislation and details the effects the legislative text may have on current law and federal programs. Bill summaries are authored by the Congressional Research Service (CRS) of the Library of Congress. As stated in Public Law 91-510 (2 USC 166 (d)(6)), one of the duties of CRS is "to prepare summaries and digests of bills and resolutions of a public general nature introduced in the Senate or House of Representatives". For more information, refer to the User Guide that accompanies this file.</dc:description>
  </dublinCore>
</billStatus>

