<?xml version="1.0" encoding="UTF-8"?>
<billStatus>
  <bill>
    <congress>116</congress>
    <title>A resolution recognizing January 2019 as "National Mentoring Month".</title>
    <actions>
      <actionTypeCounts>
        <passedOrAgreedToInSenateDayOf>1</passedOrAgreedToInSenateDayOf>
        <passedAgreedToInSenate>1</passedAgreedToInSenate>
        <introducedInSenate>1</introducedInSenate>
      </actionTypeCounts>
      <actionByCounts>
        <senate>3</senate>
      </actionByCounts>
      <item>
        <actionDate>2019-01-24</actionDate>
        <committee />
        <links>
          <link>
            <url>https://www.congress.gov/congressional-record/volume-165/senate-section/page/S591-592</url>
            <name>S591-592</name>
          </link>
          <link>
            <url>https://www.congress.gov/congressional-record/volume-165/senate-section/page/S659</url>
            <name>S659</name>
          </link>
        </links>
        <sourceSystem>
          <name>Senate</name>
          <code>0</code>
        </sourceSystem>
        <text>Submitted in the Senate, considered, and agreed to without amendment and with a preamble by Unanimous Consent. (consideration: CR S659; text: CR S591-592)</text>
        <type>Floor</type>
      </item>
      <item>
        <sourceSystem>
          <name>Library of Congress</name>
          <code>9</code>
        </sourceSystem>
        <actionCode>17000</actionCode>
        <links>
          <link>
            <url>https://www.congress.gov/congressional-record/volume-165/senate-section/page/S591-592</url>
            <name>S591-592</name>
          </link>
          <link>
            <url>https://www.congress.gov/congressional-record/volume-165/senate-section/page/S659</url>
            <name>S659</name>
          </link>
        </links>
        <text>Passed/agreed to in Senate: Submitted in the Senate, considered, and agreed to without amendment and with a preamble by Unanimous Consent.(consideration: CR S659; text: CR S591-592)</text>
        <committee />
        <type>Floor</type>
        <actionDate>2019-01-24</actionDate>
      </item>
      <item>
        <sourceSystem>
          <name>Library of Congress</name>
          <code>9</code>
        </sourceSystem>
        <actionCode>10000</actionCode>
        <links />
        <text>Introduced in Senate</text>
        <committee />
        <type>IntroReferral</type>
        <actionDate>2019-01-24</actionDate>
      </item>
    </actions>
    <amendments />
    <latestAction>
      <text>Submitted in the Senate, considered, and agreed to without amendment and with a preamble by Unanimous Consent. (consideration: CR S659; text: CR S591-592)</text>
      <links />
      <actionDate>2019-01-24</actionDate>
    </latestAction>
    <introducedDate>2019-01-24</introducedDate>
    <sponsors>
      <item>
        <fullName>Sen. Isakson, Johnny [R-GA]</fullName>
        <bioguideId>I000055</bioguideId>
        <lastName>Isakson</lastName>
        <byRequestType />
        <middleName />
        <state>GA</state>
        <identifiers>
          <bioguideId>I000055</bioguideId>
          <gpoId>8323</gpoId>
          <lisID>1608</lisID>
        </identifiers>
        <firstName>Johnny</firstName>
        <party>R</party>
      </item>
    </sponsors>
    <billType>SRES</billType>
    <cosponsors>
      <item>
        <lastName>Whitehouse</lastName>
        <bioguideId>W000802</bioguideId>
        <middleName />
        <state>RI</state>
        <sponsorshipDate>2019-01-24</sponsorshipDate>
        <isOriginalCosponsor>True</isOriginalCosponsor>
        <sponsorshipWithdrawnDate />
        <fullName>Sen. Whitehouse, Sheldon [D-RI]</fullName>
        <identifiers>
          <gpoId>8264</gpoId>
          <lisID>1823</lisID>
          <bioguideId>W000802</bioguideId>
        </identifiers>
        <party>D</party>
        <firstName>Sheldon</firstName>
      </item>
      <item>
        <lastName>Blumenthal</lastName>
        <bioguideId>B001277</bioguideId>
        <middleName />
        <state>CT</state>
        <sponsorshipDate>2019-01-24</sponsorshipDate>
        <isOriginalCosponsor>True</isOriginalCosponsor>
        <sponsorshipWithdrawnDate />
        <fullName>Sen. Blumenthal, Richard [D-CT]</fullName>
        <identifiers>
          <bioguideId>B001277</bioguideId>
          <gpoId>8332</gpoId>
          <lisID>2076</lisID>
        </identifiers>
        <party>D</party>
        <firstName>Richard</firstName>
      </item>
      <item>
        <lastName>Blunt</lastName>
        <bioguideId>B000575</bioguideId>
        <middleName />
        <state>MO</state>
        <sponsorshipDate>2019-01-24</sponsorshipDate>
        <isOriginalCosponsor>True</isOriginalCosponsor>
        <sponsorshipWithdrawnDate />
        <fullName>Sen. Blunt, Roy [R-MO]</fullName>
        <identifiers>
          <gpoId>8313</gpoId>
          <bioguideId>B000575</bioguideId>
          <lisID>1464</lisID>
        </identifiers>
        <party>R</party>
        <firstName>Roy</firstName>
      </item>
      <item>
        <lastName>Booker</lastName>
        <bioguideId>B001288</bioguideId>
        <middleName>A.</middleName>
        <state>NJ</state>
        <sponsorshipDate>2019-01-24</sponsorshipDate>
        <isOriginalCosponsor>True</isOriginalCosponsor>
        <sponsorshipWithdrawnDate />
        <fullName>Sen. Booker, Cory A. [D-NJ]</fullName>
        <identifiers>
          <lisID>2194</lisID>
          <bioguideId>B001288</bioguideId>
          <gpoId />
        </identifiers>
        <party>D</party>
        <firstName>Cory</firstName>
      </item>
      <item>
        <lastName>Boozman</lastName>
        <bioguideId>B001236</bioguideId>
        <middleName />
        <state>AR</state>
        <sponsorshipDate>2019-01-24</sponsorshipDate>
        <isOriginalCosponsor>True</isOriginalCosponsor>
        <sponsorshipWithdrawnDate />
        <fullName>Sen. Boozman, John [R-AR]</fullName>
        <identifiers>
          <lisID>1687</lisID>
          <bioguideId>B001236</bioguideId>
          <gpoId>8247</gpoId>
        </identifiers>
        <party>R</party>
        <firstName>John</firstName>
      </item>
      <item>
        <lastName>Braun</lastName>
        <bioguideId>B001310</bioguideId>
        <middleName />
        <state>IN</state>
        <sponsorshipDate>2019-01-24</sponsorshipDate>
        <isOriginalCosponsor>True</isOriginalCosponsor>
        <sponsorshipWithdrawnDate />
        <fullName>Sen. Braun, Mike  [R-IN]</fullName>
        <identifiers>
          <gpoId />
          <bioguideId>B001310</bioguideId>
          <lisID>2462</lisID>
        </identifiers>
        <party>R</party>
        <firstName>Mike</firstName>
      </item>
      <item>
        <lastName>BROWN</lastName>
        <bioguideId>B000944</bioguideId>
        <middleName />
        <state>OH</state>
        <sponsorshipDate>2019-01-24</sponsorshipDate>
        <isOriginalCosponsor>True</isOriginalCosponsor>
        <sponsorshipWithdrawnDate />
        <fullName>Sen. Brown, Sherrod [D-OH]</fullName>
        <identifiers>
          <gpoId>8309</gpoId>
          <lisID>136</lisID>
          <bioguideId>B000944</bioguideId>
        </identifiers>
        <party>D</party>
        <firstName>SHERROD</firstName>
      </item>
      <item>
        <lastName>CAPITO</lastName>
        <bioguideId>C001047</bioguideId>
        <middleName>MOORE</middleName>
        <state>WV</state>
        <sponsorshipDate>2019-01-24</sponsorshipDate>
        <isOriginalCosponsor>True</isOriginalCosponsor>
        <sponsorshipWithdrawnDate />
        <fullName>Sen. Capito, Shelley Moore [R-WV]</fullName>
        <identifiers>
          <bioguideId>C001047</bioguideId>
          <gpoId>8223</gpoId>
          <lisID>1676</lisID>
        </identifiers>
        <party>R</party>
        <firstName>SHELLEY</firstName>
      </item>
      <item>
        <lastName>Cornyn</lastName>
        <bioguideId>C001056</bioguideId>
        <middleName />
        <state>TX</state>
        <sponsorshipDate>2019-01-24</sponsorshipDate>
        <isOriginalCosponsor>True</isOriginalCosponsor>
        <sponsorshipWithdrawnDate />
        <fullName>Sen. Cornyn, John [R-TX]</fullName>
        <identifiers>
          <bioguideId>C001056</bioguideId>
          <gpoId>8295</gpoId>
          <lisID>1692</lisID>
        </identifiers>
        <party>R</party>
        <firstName>John</firstName>
      </item>
      <item>
        <lastName>Duckworth</lastName>
        <bioguideId>D000622</bioguideId>
        <middleName />
        <state>IL</state>
        <sponsorshipDate>2019-01-24</sponsorshipDate>
        <isOriginalCosponsor>True</isOriginalCosponsor>
        <sponsorshipWithdrawnDate />
        <fullName>Sen. Duckworth, Tammy [D-IL]</fullName>
        <identifiers>
          <lisID>2123</lisID>
          <bioguideId>D000622</bioguideId>
          <gpoId />
        </identifiers>
        <party>D</party>
        <firstName>Tammy</firstName>
      </item>
      <item>
        <lastName>DURBIN</lastName>
        <bioguideId>D000563</bioguideId>
        <middleName>J.</middleName>
        <state>IL</state>
        <sponsorshipDate>2019-01-24</sponsorshipDate>
        <isOriginalCosponsor>True</isOriginalCosponsor>
        <sponsorshipWithdrawnDate />
        <fullName>Sen. Durbin, Richard J. [D-IL]</fullName>
        <identifiers>
          <lisID>326</lisID>
          <bioguideId>D000563</bioguideId>
          <gpoId>8326</gpoId>
        </identifiers>
        <party>D</party>
        <firstName>RICHARD</firstName>
      </item>
      <item>
        <lastName>Ernst</lastName>
        <bioguideId>E000295</bioguideId>
        <middleName />
        <state>IA</state>
        <sponsorshipDate>2019-01-24</sponsorshipDate>
        <isOriginalCosponsor>True</isOriginalCosponsor>
        <sponsorshipWithdrawnDate />
        <fullName>Sen. Ernst, Joni  [R-IA]</fullName>
        <identifiers>
          <bioguideId>E000295</bioguideId>
          <gpoId />
          <lisID>2283</lisID>
        </identifiers>
        <party>R</party>
        <firstName>Joni</firstName>
      </item>
      <item>
        <lastName>FEINSTEIN</lastName>
        <bioguideId>F000062</bioguideId>
        <middleName />
        <state>CA</state>
        <sponsorshipDate>2019-01-24</sponsorshipDate>
        <isOriginalCosponsor>True</isOriginalCosponsor>
        <sponsorshipWithdrawnDate />
        <fullName>Sen. Feinstein, Dianne [D-CA]</fullName>
        <identifiers>
          <bioguideId>F000062</bioguideId>
          <gpoId>8338</gpoId>
          <lisID>1332</lisID>
        </identifiers>
        <party>D</party>
        <firstName>DIANNE</firstName>
      </item>
      <item>
        <lastName>INHOFE</lastName>
        <bioguideId>I000024</bioguideId>
        <middleName />
        <state>OK</state>
        <sponsorshipDate>2019-01-24</sponsorshipDate>
        <isOriginalCosponsor>True</isOriginalCosponsor>
        <sponsorshipWithdrawnDate />
        <fullName>Sen. Inhofe, James M. [R-OK]</fullName>
        <identifiers>
          <gpoId>8322</gpoId>
          <lisID>583</lisID>
          <bioguideId>I000024</bioguideId>
        </identifiers>
        <party>R</party>
        <firstName>JIM</firstName>
      </item>
      <item>
        <lastName>Jones</lastName>
        <bioguideId>J000300</bioguideId>
        <middleName />
        <state>AL</state>
        <sponsorshipDate>2019-01-24</sponsorshipDate>
        <isOriginalCosponsor>True</isOriginalCosponsor>
        <sponsorshipWithdrawnDate />
        <fullName>Sen. Jones, Doug  [D-AL]</fullName>
        <identifiers>
          <gpoId />
          <lisID>2364</lisID>
          <bioguideId>J000300</bioguideId>
        </identifiers>
        <party>D</party>
        <firstName>Doug</firstName>
      </item>
      <item>
        <lastName>Lankford</lastName>
        <bioguideId>L000575</bioguideId>
        <middleName />
        <state>OK</state>
        <sponsorshipDate>2019-01-24</sponsorshipDate>
        <isOriginalCosponsor>True</isOriginalCosponsor>
        <sponsorshipWithdrawnDate />
        <fullName>Sen. Lankford, James [R-OK]</fullName>
        <identifiers>
          <gpoId>8113</gpoId>
          <lisID>2050</lisID>
          <bioguideId>L000575</bioguideId>
        </identifiers>
        <party>R</party>
        <firstName>James</firstName>
      </item>
      <item>
        <lastName>LEAHY</lastName>
        <bioguideId>L000174</bioguideId>
        <middleName>JOSEPH</middleName>
        <state>VT</state>
        <sponsorshipDate>2019-01-24</sponsorshipDate>
        <isOriginalCosponsor>True</isOriginalCosponsor>
        <sponsorshipWithdrawnDate />
        <fullName>Sen. Leahy, Patrick J. [D-VT]</fullName>
        <identifiers>
          <bioguideId>L000174</bioguideId>
          <gpoId>8244</gpoId>
          <lisID>1383</lisID>
        </identifiers>
        <party>D</party>
        <firstName>PATRICK</firstName>
      </item>
      <item>
        <lastName>Murphy</lastName>
        <bioguideId>M001169</bioguideId>
        <middleName />
        <state>CT</state>
        <sponsorshipDate>2019-01-24</sponsorshipDate>
        <isOriginalCosponsor>True</isOriginalCosponsor>
        <sponsorshipWithdrawnDate />
        <fullName>Sen. Murphy, Christopher [D-CT]</fullName>
        <identifiers>
          <gpoId>7870</gpoId>
          <bioguideId>M001169</bioguideId>
          <lisID>1837</lisID>
        </identifiers>
        <party>D</party>
        <firstName>Christopher</firstName>
      </item>
      <item>
        <lastName>Peters</lastName>
        <bioguideId>P000595</bioguideId>
        <middleName>C.</middleName>
        <state>MI</state>
        <sponsorshipDate>2019-01-24</sponsorshipDate>
        <isOriginalCosponsor>True</isOriginalCosponsor>
        <sponsorshipWithdrawnDate />
        <fullName>Sen. Peters, Gary C. [D-MI]</fullName>
        <identifiers>
          <bioguideId>P000595</bioguideId>
          <gpoId>7994</gpoId>
          <lisID>1929</lisID>
        </identifiers>
        <party>D</party>
        <firstName>Gary</firstName>
      </item>
      <item>
        <lastName>REED</lastName>
        <bioguideId>R000122</bioguideId>
        <middleName>F.</middleName>
        <state>RI</state>
        <sponsorshipDate>2019-01-24</sponsorshipDate>
        <isOriginalCosponsor>True</isOriginalCosponsor>
        <sponsorshipWithdrawnDate />
        <fullName>Sen. Reed, Jack [D-RI]</fullName>
        <identifiers>
          <bioguideId>R000122</bioguideId>
          <gpoId>8272</gpoId>
          <lisID>949</lisID>
        </identifiers>
        <party>D</party>
        <firstName>JOHN</firstName>
      </item>
      <item>
        <lastName>Sanders</lastName>
        <bioguideId>S000033</bioguideId>
        <middleName />
        <state>VT</state>
        <sponsorshipDate>2019-01-24</sponsorshipDate>
        <isOriginalCosponsor>True</isOriginalCosponsor>
        <sponsorshipWithdrawnDate />
        <fullName>Sen. Sanders, Bernard [I-VT]</fullName>
        <identifiers>
          <gpoId>8270</gpoId>
          <lisID>1010</lisID>
          <bioguideId>S000033</bioguideId>
        </identifiers>
        <party>I</party>
        <firstName>Bernard</firstName>
      </item>
      <item>
        <lastName>Sullivan</lastName>
        <bioguideId>S001198</bioguideId>
        <middleName />
        <state>AK</state>
        <sponsorshipDate>2019-01-24</sponsorshipDate>
        <isOriginalCosponsor>True</isOriginalCosponsor>
        <sponsorshipWithdrawnDate />
        <fullName>Sen. Sullivan, Dan  [R-AK]</fullName>
        <identifiers>
          <gpoId />
          <bioguideId>S001198</bioguideId>
          <lisID>2290</lisID>
        </identifiers>
        <party>R</party>
        <firstName>Dan</firstName>
      </item>
      <item>
        <lastName>Tillis</lastName>
        <bioguideId>T000476</bioguideId>
        <middleName>Roland</middleName>
        <state>NC</state>
        <sponsorshipDate>2019-01-24</sponsorshipDate>
        <isOriginalCosponsor>True</isOriginalCosponsor>
        <sponsorshipWithdrawnDate />
        <fullName>Sen. Tillis, Thom [R-NC]</fullName>
        <identifiers>
          <bioguideId>T000476</bioguideId>
          <gpoId />
          <lisID>2291</lisID>
        </identifiers>
        <party>R</party>
        <firstName>Thomas</firstName>
      </item>
      <item>
        <lastName>Van Hollen</lastName>
        <bioguideId>V000128</bioguideId>
        <middleName />
        <state>MD</state>
        <sponsorshipDate>2019-01-24</sponsorshipDate>
        <isOriginalCosponsor>True</isOriginalCosponsor>
        <sponsorshipWithdrawnDate />
        <fullName>Sen. Van Hollen, Chris [D-MD]</fullName>
        <identifiers>
          <gpoId>7983</gpoId>
          <bioguideId>V000128</bioguideId>
          <lisID>1729</lisID>
        </identifiers>
        <party>D</party>
        <firstName>Chris</firstName>
      </item>
      <item>
        <lastName>Warren</lastName>
        <bioguideId>W000817</bioguideId>
        <middleName>A.</middleName>
        <state>MA</state>
        <sponsorshipDate>2019-01-24</sponsorshipDate>
        <isOriginalCosponsor>True</isOriginalCosponsor>
        <sponsorshipWithdrawnDate />
        <fullName>Sen. Warren, Elizabeth [D-MA]</fullName>
        <identifiers>
          <lisID>2182</lisID>
          <bioguideId>W000817</bioguideId>
          <gpoId />
        </identifiers>
        <party>D</party>
        <firstName>Elizabeth</firstName>
      </item>
      <item>
        <lastName>COLLINS</lastName>
        <bioguideId>C001035</bioguideId>
        <middleName>MARGARET</middleName>
        <state>ME</state>
        <sponsorshipDate>2019-01-24</sponsorshipDate>
        <isOriginalCosponsor>True</isOriginalCosponsor>
        <sponsorshipWithdrawnDate />
        <fullName>Sen. Collins, Susan M. [R-ME]</fullName>
        <identifiers>
          <gpoId>8291</gpoId>
          <lisID>1541</lisID>
          <bioguideId>C001035</bioguideId>
        </identifiers>
        <party>R</party>
        <firstName>SUSAN</firstName>
      </item>
      <item>
        <lastName>GRASSLEY</lastName>
        <bioguideId>G000386</bioguideId>
        <middleName>ERNEST</middleName>
        <state>IA</state>
        <sponsorshipDate>2019-01-24</sponsorshipDate>
        <isOriginalCosponsor>True</isOriginalCosponsor>
        <sponsorshipWithdrawnDate />
        <fullName>Sen. Grassley, Chuck [R-IA]</fullName>
        <identifiers>
          <bioguideId>G000386</bioguideId>
          <gpoId>8316</gpoId>
          <lisID>457</lisID>
        </identifiers>
        <party>R</party>
        <firstName>CHARLES</firstName>
      </item>
    </cosponsors>
    <billNumber>28</billNumber>
    <cboCostEstimates />
    <relatedBills>
      <item>
        <number>35</number>
        <congress>116</congress>
        <type>HRES</type>
        <latestAction>
          <actionDate>2019-01-10</actionDate>
          <text>Referred to the House Committee on Education and Labor.</text>
        </latestAction>
        <latestTitle>Recognizing January 2019 as "National Mentoring Month", and for other purposes.</latestTitle>
        <relationshipDetails>
          <item>
            <identifiedBy>CRS</identifiedBy>
            <type>Related bill</type>
          </item>
        </relationshipDetails>
      </item>
    </relatedBills>
    <recordedVotes />
    <calendarNumbers />
    <committees>
      <billCommittees />
    </committees>
    <laws />
    <summaries>
      <billSummaries>
        <item>
          <versionCode>00</versionCode>
          <actionDesc>Introduced in Senate</actionDesc>
          <actionDate>2019-01-24</actionDate>
          <name>Introduced in Senate</name>
          <lastSummaryUpdateDate>2019-01-29T14:56:45Z</lastSummaryUpdateDate>
          <updateDate>2019-01-24T05:00:00Z</updateDate>
          <text><![CDATA[<p>This resolution recognizes (1) January 2019 as National Mentoring Month, and (2) the staff and volunteers at quality mentoring programs who help young people reach their full potential.</p> <p>It acknowledges that mentoring is beneficial in that it supports educational achievement and self-confidence, supports young people in setting career goals and expanding social capital, reduces juvenile delinquency, improves positive outcomes, and strengthens communities.</p> <p>The resolution expresses support for (1) the creation and expansion of quality mentoring programs across the United States, and (2) initiatives to increase the percentage of young people who have a mentor. </p>]]></text>
        </item>
        <item>
          <versionCode>55</versionCode>
          <actionDesc>Passed Senate</actionDesc>
          <actionDate>2019-01-24</actionDate>
          <name>Passed Senate</name>
          <lastSummaryUpdateDate>2019-01-30T15:20:39Z</lastSummaryUpdateDate>
          <updateDate>2019-01-24T16:31:09Z</updateDate>
          <text><![CDATA[<p>This resolution recognizes (1) January 2019 as National Mentoring Month, and (2) the staff and volunteers at quality mentoring programs who help young people reach their full potential.</p> <p>It acknowledges that mentoring is beneficial in that it supports educational achievement and self-confidence, supports young people in setting career goals and expanding social capital, reduces juvenile delinquency, improves positive outcomes, and strengthens communities.</p> <p>The resolution expresses support for (1) the creation and expansion of quality mentoring programs across the United States, and (2) initiatives to increase the percentage of young people who have a mentor. </p>]]></text>
        </item>
      </billSummaries>
    </summaries>
    <textVersions>
      <item>
        <type>Agreed to Senate</type>
        <formats>
          <item>
            <url>https://www.govinfo.gov/content/pkg/BILLS-116sres28ats/xml/BILLS-116sres28ats.xml</url>
          </item>
        </formats>
        <date>2019-01-24T05:00:00Z</date>
      </item>
    </textVersions>
    <policyArea>
      <name>Education</name>
    </policyArea>
    <committeeReports />
    <subjects>
      <billSubjects>
        <policyArea>
          <name>Education</name>
        </policyArea>
        <legislativeSubjects>
          <item>
            <name>Academic performance and assessments</name>
          </item>
          <item>
            <name>Child care and development</name>
          </item>
          <item>
            <name>Commemorative events and holidays</name>
          </item>
          <item>
            <name>Congressional tributes</name>
          </item>
          <item>
            <name>Educational guidance</name>
          </item>
          <item>
            <name>Elementary and secondary education</name>
          </item>
          <item>
            <name>Juvenile crime and gang violence</name>
          </item>
        </legislativeSubjects>
      </billSubjects>
    </subjects>
    <version>1.0.0</version>
    <notes />
    <titles>
      <item>
        <chamberName />
        <chamberCode />
        <title>A resolution recognizing January 2019 as "National Mentoring Month".</title>
        <titleType>Official Title as Introduced</titleType>
        <parentTitleType />
      </item>
      <item>
        <chamberName />
        <chamberCode />
        <title>A resolution recognizing January 2019 as "National Mentoring Month".</title>
        <titleType>Display Title</titleType>
        <parentTitleType />
      </item>
    </titles>
    <originChamber>Senate</originChamber>
    <createDate>2019-01-25T06:10:10Z</createDate>
    <updateDate>2019-02-07T08:13:23Z</updateDate>
  </bill>
  <dublinCore xmlns:dc="http://purl.org/dc/elements/1.1/">
    <dc:format>text/xml</dc:format>
    <dc:language>EN</dc:language>
    <dc:rights>Pursuant to Title 17 Section 105 of the United States Code, this file is not subject to copyright protection and is in the public domain.</dc:rights>
    <dc:contributor>Congressional Research Service, Library of Congress</dc:contributor>
    <dc:description>This file contains bill summaries and statuses for federal legislation. A bill summary describes the most significant provisions of a piece of legislation and details the effects the legislative text may have on current law and federal programs. Bill summaries are authored by the Congressional Research Service (CRS) of the Library of Congress. As stated in Public Law 91-510 (2 USC 166 (d)(6)), one of the duties of CRS is "to prepare summaries and digests of bills and resolutions of a public general nature introduced in the Senate or House of Representatives". For more information, refer to the User Guide that accompanies this file.</dc:description>
  </dublinCore>
</billStatus>

