<?xml version="1.0" encoding="UTF-8"?>
<billStatus>
  <bill>
    <notes />
    <laws />
    <committees>
      <billCommittees />
    </committees>
    <titles>
      <item>
        <titleType>Official Title as Introduced</titleType>
        <chamberCode />
        <title>A resolution supporting the designation of April 2019 as "Parkinson's Awareness Month".</title>
        <chamberName />
        <parentTitleType />
      </item>
      <item>
        <titleType>Display Title</titleType>
        <chamberCode />
        <title>A resolution supporting the designation of April 2019 as "Parkinson's Awareness Month".</title>
        <chamberName />
        <parentTitleType />
      </item>
    </titles>
    <relatedBills />
    <textVersions>
      <item>
        <date>2019-04-10T04:00:00Z</date>
        <formats>
          <item>
            <url>https://www.govinfo.gov/content/pkg/BILLS-116sres157ats/xml/BILLS-116sres157ats.xml</url>
          </item>
        </formats>
        <type>Agreed to Senate</type>
      </item>
    </textVersions>
    <recordedVotes />
    <introducedDate>2019-04-10</introducedDate>
    <updateDate>2019-11-06T10:59:03Z</updateDate>
    <cboCostEstimates />
    <title>A resolution supporting the designation of April 2019 as "Parkinson's Awareness Month".</title>
    <amendments />
    <originChamber>Senate</originChamber>
    <actions>
      <actionByCounts>
        <senate>3</senate>
      </actionByCounts>
      <actionTypeCounts>
        <passedAgreedToInSenate>1</passedAgreedToInSenate>
        <passedOrAgreedToInSenateDayOf>1</passedOrAgreedToInSenateDayOf>
        <introducedInSenate>1</introducedInSenate>
      </actionTypeCounts>
      <item>
        <actionDate>2019-04-10</actionDate>
        <committee />
        <links>
          <link>
            <url>https://www.congress.gov/congressional-record/volume-165/senate-section/page/S2391</url>
            <name>S2391</name>
          </link>
          <link>
            <url>https://www.congress.gov/congressional-record/volume-165/senate-section/page/S2392</url>
            <name>S2392</name>
          </link>
        </links>
        <sourceSystem>
          <code>0</code>
          <name>Senate</name>
        </sourceSystem>
        <text>Submitted in the Senate, considered, and agreed to without amendment and with a preamble by Unanimous Consent. (consideration: CR S2392; text: CR S2391)</text>
        <type>Floor</type>
      </item>
      <item>
        <text>Passed/agreed to in Senate: Submitted in the Senate, considered, and agreed to without amendment and with a preamble by Unanimous Consent.(consideration: CR S2392; text: CR S2391)</text>
        <type>Floor</type>
        <actionDate>2019-04-10</actionDate>
        <links>
          <link>
            <url>https://www.congress.gov/congressional-record/volume-165/senate-section/page/S2391</url>
            <name>S2391</name>
          </link>
          <link>
            <url>https://www.congress.gov/congressional-record/volume-165/senate-section/page/S2392</url>
            <name>S2392</name>
          </link>
        </links>
        <actionCode>17000</actionCode>
        <sourceSystem>
          <code>9</code>
          <name>Library of Congress</name>
        </sourceSystem>
        <committee />
      </item>
      <item>
        <text>Introduced in Senate</text>
        <type>IntroReferral</type>
        <actionDate>2019-04-10</actionDate>
        <links />
        <actionCode>10000</actionCode>
        <sourceSystem>
          <code>9</code>
          <name>Library of Congress</name>
        </sourceSystem>
        <committee />
      </item>
    </actions>
    <sponsors>
      <item>
        <fullName>Sen. Isakson, Johnny [R-GA]</fullName>
        <firstName>Johnny</firstName>
        <identifiers>
          <lisID>1608</lisID>
          <bioguideId>I000055</bioguideId>
          <gpoId>8323</gpoId>
        </identifiers>
        <bioguideId>I000055</bioguideId>
        <middleName />
        <lastName>Isakson</lastName>
        <party>R</party>
        <byRequestType />
        <state>GA</state>
      </item>
    </sponsors>
    <billType>SRES</billType>
    <createDate>2019-04-11T04:57:10Z</createDate>
    <cosponsors>
      <item>
        <bioguideId>S000770</bioguideId>
        <firstName>DEBORAH</firstName>
        <middleName>ANN</middleName>
        <party>D</party>
        <lastName>STABENOW</lastName>
        <sponsorshipWithdrawnDate />
        <identifiers>
          <lisID>1531</lisID>
          <bioguideId>S000770</bioguideId>
          <gpoId>8261</gpoId>
        </identifiers>
        <sponsorshipDate>2019-04-10</sponsorshipDate>
        <isOriginalCosponsor>True</isOriginalCosponsor>
        <state>MI</state>
        <fullName>Sen. Stabenow, Debbie [D-MI]</fullName>
      </item>
    </cosponsors>
    <subjects>
      <billSubjects>
        <legislativeSubjects>
          <item>
            <name>Commemorative events and holidays</name>
          </item>
          <item>
            <name>Congressional tributes</name>
          </item>
          <item>
            <name>Health care quality</name>
          </item>
          <item>
            <name>Health personnel</name>
          </item>
          <item>
            <name>Medical research</name>
          </item>
          <item>
            <name>Neurological disorders</name>
          </item>
        </legislativeSubjects>
        <policyArea>
          <name>Health</name>
        </policyArea>
      </billSubjects>
    </subjects>
    <congress>116</congress>
    <policyArea>
      <name>Health</name>
    </policyArea>
    <summaries>
      <billSummaries>
        <item>
          <name>Introduced in Senate</name>
          <lastSummaryUpdateDate>2019-11-01T18:18:06Z</lastSummaryUpdateDate>
          <actionDate>2019-04-10</actionDate>
          <actionDesc>Introduced in Senate</actionDesc>
          <versionCode>00</versionCode>
          <text><![CDATA[<p>This resolution designates April 2019 as Parkinson's Awareness Month.<br /></p>]]></text>
          <updateDate>2019-04-10T04:00:00Z</updateDate>
        </item>
        <item>
          <name>Passed Senate</name>
          <lastSummaryUpdateDate>2019-11-01T18:40:27Z</lastSummaryUpdateDate>
          <actionDate>2019-04-10</actionDate>
          <actionDesc>Passed Senate</actionDesc>
          <versionCode>55</versionCode>
          <text><![CDATA[<p>This resolution designates April 2019 as Parkinson's Awareness Month.<br /></p>]]></text>
          <updateDate>2019-04-10T20:31:58Z</updateDate>
        </item>
      </billSummaries>
    </summaries>
    <billNumber>157</billNumber>
    <calendarNumbers />
    <version>1.0.0</version>
    <committeeReports />
    <latestAction>
      <text>Submitted in the Senate, considered, and agreed to without amendment and with a preamble by Unanimous Consent. (consideration: CR S2392; text: CR S2391)</text>
      <links />
      <actionDate>2019-04-10</actionDate>
    </latestAction>
  </bill>
  <dublinCore xmlns:dc="http://purl.org/dc/elements/1.1/">
    <dc:format>text/xml</dc:format>
    <dc:language>EN</dc:language>
    <dc:rights>Pursuant to Title 17 Section 105 of the United States Code, this file is not subject to copyright protection and is in the public domain.</dc:rights>
    <dc:contributor>Congressional Research Service, Library of Congress</dc:contributor>
    <dc:description>This file contains bill summaries and statuses for federal legislation. A bill summary describes the most significant provisions of a piece of legislation and details the effects the legislative text may have on current law and federal programs. Bill summaries are authored by the Congressional Research Service (CRS) of the Library of Congress. As stated in Public Law 91-510 (2 USC 166 (d)(6)), one of the duties of CRS is "to prepare summaries and digests of bills and resolutions of a public general nature introduced in the Senate or House of Representatives". For more information, refer to the User Guide that accompanies this file.</dc:description>
  </dublinCore>
</billStatus>

