<?xml version="1.0" encoding="UTF-8"?>
<billStatus>
  <bill>
    <recordedVotes>
      <recordedVote>
        <date>2019-09-25T20:32:32Z</date>
        <chamber>Senate</chamber>
        <congress>116</congress>
        <url>http://www.senate.gov/legislative/LIS/roll_call_lists/roll_call_vote_cfm.cfm?&amp;congress=116&amp;session=1&amp;vote=00303</url>
        <rollNumber>303</rollNumber>
        <fullActionName>AGREED TO IN SENATE</fullActionName>
        <sessionNumber>1</sessionNumber>
      </recordedVote>
    </recordedVotes>
    <introducedDate>2019-09-25</introducedDate>
    <sponsors>
      <item>
        <middleName />
        <party>R</party>
        <fullName>Sen. Cotton, Tom [R-AR]</fullName>
        <byRequestType />
        <bioguideId>C001095</bioguideId>
        <firstName>Tom</firstName>
        <identifiers>
          <lisID>2098</lisID>
          <gpoId />
          <bioguideId>C001095</bioguideId>
        </identifiers>
        <lastName>Cotton</lastName>
        <state>AR</state>
      </item>
    </sponsors>
    <actions>
      <actionTypeCounts>
        <introducedInSenate>2</introducedInSenate>
        <measureLaidBeforeSenate>1</measureLaidBeforeSenate>
        <passedAgreedToInSenate>1</passedAgreedToInSenate>
        <agreedToInSenate>1</agreedToInSenate>
      </actionTypeCounts>
      <item>
        <actionDate>2019-09-25</actionDate>
        <committee />
        <links>
          <link>
            <name>Record Vote Number: 303</name>
            <url>http://www.senate.gov/legislative/LIS/roll_call_lists/roll_call_vote_cfm.cfm?congress=116&amp;session=1&amp;vote=00303</url>
          </link>
          <link>
            <name>S5708</name>
            <url>https://www.congress.gov/congressional-record/volume-165/senate-section/page/S5708</url>
          </link>
        </links>
        <sourceSystem>
          <code>0</code>
          <name>Senate</name>
        </sourceSystem>
        <text>Resolution agreed to in Senate without amendment by Yea-Nay Vote. 91 - 4. Record Vote Number: 303. (text: CR S5708)</text>
        <type>Floor</type>
      </item>
      <item>
        <committee />
        <text>Passed/agreed to in Senate: Resolution agreed to in Senate without amendment by Yea-Nay Vote. 91 - 4. Record Vote Number: 303.(text: CR S5708)</text>
        <actionDate>2019-09-25</actionDate>
        <type>Floor</type>
        <links>
          <link>
            <name>Record Vote Number: 303</name>
            <url>http://www.senate.gov/legislative/LIS/roll_call_lists/roll_call_vote_cfm.cfm?congress=116&amp;session=1&amp;vote=00303</url>
          </link>
          <link>
            <name>S5708</name>
            <url>https://www.congress.gov/congressional-record/volume-165/senate-section/page/S5708</url>
          </link>
        </links>
        <actionCode>17000</actionCode>
        <sourceSystem>
          <code>9</code>
          <name>Library of Congress</name>
        </sourceSystem>
      </item>
      <item>
        <actionDate>2019-09-25</actionDate>
        <committee />
        <links>
          <link>
            <name>S5681</name>
            <url>https://www.congress.gov/congressional-record/volume-165/senate-section/page/S5681</url>
          </link>
          <link>
            <name>S5692</name>
            <url>https://www.congress.gov/congressional-record/volume-165/senate-section/page/S5692</url>
          </link>
        </links>
        <sourceSystem>
          <code>0</code>
          <name>Senate</name>
        </sourceSystem>
        <text>Measure laid before Senate by unanimous consent. (consideration: CR S5681, S5692)</text>
        <type>Floor</type>
      </item>
      <item>
        <actionDate>2019-09-25</actionDate>
        <committee />
        <links />
        <sourceSystem>
          <code>0</code>
          <name>Senate</name>
        </sourceSystem>
        <text>Submitted in the Senate.</text>
        <type>IntroReferral</type>
      </item>
      <item>
        <committee />
        <text>Introduced in Senate</text>
        <actionDate>2019-09-25</actionDate>
        <type>IntroReferral</type>
        <links />
        <actionCode>10000</actionCode>
        <sourceSystem>
          <code>9</code>
          <name>Library of Congress</name>
        </sourceSystem>
      </item>
      <actionByCounts>
        <senate>5</senate>
      </actionByCounts>
    </actions>
    <amendments />
    <notes />
    <updateDate>2019-11-01T04:59:12Z</updateDate>
    <billNumber>331</billNumber>
    <calendarNumbers />
    <version>1.0.0</version>
    <committeeReports />
    <createDate>2019-09-26T04:27:29Z</createDate>
    <titles>
      <item>
        <title>A resolution instructing the managers on the part of the Senate on the bill S. 1790 (116th Congress) to insist upon the inclusion of the provisions of S. 2118 (116th Congress) (relating to the prohibition of United States persons from dealing in certain information and communications technology or services from foreign adversaries and requiring the approval of Congress to terminate certain export controls in effect with respect to Huawei Technologies Co. Ltd.).</title>
        <titleType>Official Title as Introduced</titleType>
        <parentTitleType />
        <chamberCode />
        <chamberName />
      </item>
      <item>
        <title>A resolution instructing the managers on the part of the Senate on the bill S. 1790 (116th Congress) to insist upon the inclusion of the provisions of S. 2118 (116th Congress) (relating to the prohibition of United States persons from dealing in certain information and communications technology or services from foreign adversaries and requiring the approval of Congress to terminate certain export controls in effect with respect to Huawei Technologies Co. Ltd.).</title>
        <titleType>Display Title</titleType>
        <parentTitleType />
        <chamberCode />
        <chamberName />
      </item>
    </titles>
    <laws />
    <subjects>
      <billSubjects>
        <legislativeSubjects />
        <policyArea>
          <name>Congress</name>
        </policyArea>
      </billSubjects>
    </subjects>
    <title>A resolution instructing the managers on the part of the Senate on the bill S. 1790 (116th Congress) to insist upon the inclusion of the provisions of S. 2118 (116th Congress) (relating to the prohibition of United States persons from dealing in certain information and communications technology or services from foreign adversaries and requiring the approval of Congress to terminate certain export controls in effect with respect to Huawei Technologies Co. Ltd.).</title>
    <originChamber>Senate</originChamber>
    <committees>
      <billCommittees />
    </committees>
    <billType>SRES</billType>
    <cosponsors>
      <item>
        <party>D</party>
        <firstName>CHARLES</firstName>
        <bioguideId>S000148</bioguideId>
        <isOriginalCosponsor>True</isOriginalCosponsor>
        <fullName>Sen. Schumer, Charles E. [D-NY]</fullName>
        <sponsorshipWithdrawnDate />
        <sponsorshipDate>2019-09-25</sponsorshipDate>
        <state>NY</state>
        <lastName>SCHUMER</lastName>
        <middleName>E.</middleName>
        <identifiers>
          <lisID>1036</lisID>
          <bioguideId>S000148</bioguideId>
          <gpoId>8279</gpoId>
        </identifiers>
      </item>
      <item>
        <party>D</party>
        <firstName>Chris</firstName>
        <bioguideId>V000128</bioguideId>
        <isOriginalCosponsor>True</isOriginalCosponsor>
        <fullName>Sen. Van Hollen, Chris [D-MD]</fullName>
        <sponsorshipWithdrawnDate />
        <sponsorshipDate>2019-09-25</sponsorshipDate>
        <state>MD</state>
        <lastName>Van Hollen</lastName>
        <middleName />
        <identifiers>
          <lisID>1729</lisID>
          <gpoId>7983</gpoId>
          <bioguideId>V000128</bioguideId>
        </identifiers>
      </item>
      <item>
        <party>R</party>
        <firstName>Marco</firstName>
        <bioguideId>R000595</bioguideId>
        <isOriginalCosponsor>True</isOriginalCosponsor>
        <fullName>Sen. Rubio, Marco [R-FL]</fullName>
        <sponsorshipWithdrawnDate />
        <sponsorshipDate>2019-09-25</sponsorshipDate>
        <state>FL</state>
        <lastName>Rubio</lastName>
        <middleName />
        <identifiers>
          <lisID>2084</lisID>
          <bioguideId>R000595</bioguideId>
          <gpoId>8242</gpoId>
        </identifiers>
      </item>
      <item>
        <party>R</party>
        <firstName>Todd</firstName>
        <bioguideId>Y000064</bioguideId>
        <isOriginalCosponsor>True</isOriginalCosponsor>
        <fullName>Sen. Young, Todd [R-IN]</fullName>
        <sponsorshipWithdrawnDate />
        <sponsorshipDate>2019-09-25</sponsorshipDate>
        <state>IN</state>
        <lastName>Young</lastName>
        <middleName />
        <identifiers>
          <gpoId>7948</gpoId>
          <bioguideId>Y000064</bioguideId>
          <lisID>2019</lisID>
        </identifiers>
      </item>
      <item>
        <party>R</party>
        <firstName>Dan</firstName>
        <bioguideId>S001198</bioguideId>
        <isOriginalCosponsor>True</isOriginalCosponsor>
        <fullName>Sen. Sullivan, Dan  [R-AK]</fullName>
        <sponsorshipWithdrawnDate />
        <sponsorshipDate>2019-09-25</sponsorshipDate>
        <state>AK</state>
        <lastName>Sullivan</lastName>
        <middleName />
        <identifiers>
          <lisID>2290</lisID>
          <bioguideId>S001198</bioguideId>
          <gpoId />
        </identifiers>
      </item>
      <item>
        <party>D</party>
        <firstName>Richard</firstName>
        <bioguideId>B001277</bioguideId>
        <isOriginalCosponsor>True</isOriginalCosponsor>
        <fullName>Sen. Blumenthal, Richard [D-CT]</fullName>
        <sponsorshipWithdrawnDate />
        <sponsorshipDate>2019-09-25</sponsorshipDate>
        <state>CT</state>
        <lastName>Blumenthal</lastName>
        <middleName />
        <identifiers>
          <lisID>2076</lisID>
          <gpoId>8332</gpoId>
          <bioguideId>B001277</bioguideId>
        </identifiers>
      </item>
      <item>
        <party>R</party>
        <firstName>Ted</firstName>
        <bioguideId>C001098</bioguideId>
        <isOriginalCosponsor>True</isOriginalCosponsor>
        <fullName>Sen. Cruz, Ted [R-TX]</fullName>
        <sponsorshipWithdrawnDate />
        <sponsorshipDate>2019-09-25</sponsorshipDate>
        <state>TX</state>
        <lastName>Cruz</lastName>
        <middleName />
        <identifiers>
          <lisID>2175</lisID>
          <bioguideId>C001098</bioguideId>
          <gpoId />
        </identifiers>
      </item>
      <item>
        <party>R</party>
        <firstName>Mitt</firstName>
        <bioguideId>R000615</bioguideId>
        <isOriginalCosponsor>True</isOriginalCosponsor>
        <fullName>Sen. Romney, Mitt  [R-UT]</fullName>
        <sponsorshipWithdrawnDate />
        <sponsorshipDate>2019-09-25</sponsorshipDate>
        <state>UT</state>
        <lastName>Romney</lastName>
        <middleName />
        <identifiers>
          <lisID>2466</lisID>
          <gpoId />
          <bioguideId>R000615</bioguideId>
        </identifiers>
      </item>
    </cosponsors>
    <relatedBills />
    <textVersions>
      <item>
        <date>2019-09-25T04:00:00Z</date>
        <formats>
          <item>
            <url>https://www.govinfo.gov/content/pkg/BILLS-116sres331ats/xml/BILLS-116sres331ats.xml</url>
          </item>
        </formats>
        <type>Agreed to Senate</type>
      </item>
    </textVersions>
    <policyArea>
      <name>Congress</name>
    </policyArea>
    <congress>116</congress>
    <latestAction>
      <actionDate>2019-09-25</actionDate>
      <links />
      <text>Resolution agreed to in Senate without amendment by Yea-Nay Vote. 91 - 4. Record Vote Number: 303. (text: CR S5708)</text>
    </latestAction>
    <cboCostEstimates />
    <summaries>
      <billSummaries>
        <item>
          <lastSummaryUpdateDate>2019-10-29T19:53:26Z</lastSummaryUpdateDate>
          <text><![CDATA[<p>This resolution instructs Senate conferees on the conference committee for S. 1790 (National Defense Authorization Act for Fiscal Year 2020) to insist upon inclusion of the provisions of S. 2118 (Defending America's 5G Future Act), which relates to Huawei Technologies Co. Ltd. and technology from foreign adversaries.</p>]]></text>
          <versionCode>00</versionCode>
          <updateDate>2019-09-25T04:00:00Z</updateDate>
          <actionDate>2019-09-25</actionDate>
          <actionDesc>Introduced in Senate</actionDesc>
          <name>Introduced in Senate</name>
        </item>
        <item>
          <lastSummaryUpdateDate>2019-10-29T19:55:09Z</lastSummaryUpdateDate>
          <text><![CDATA[<p>This resolution instructs Senate conferees on the conference committee for S. 1790 (National Defense Authorization Act for Fiscal Year 2020) to insist upon inclusion of the provisions of S. 2118 (Defending America's 5G Future Act), which relates to Huawei Technologies Co. Ltd. and technology from foreign adversaries.</p>]]></text>
          <versionCode>55</versionCode>
          <updateDate>2019-09-25T18:24:50Z</updateDate>
          <actionDate>2019-09-25</actionDate>
          <actionDesc>Passed Senate</actionDesc>
          <name>Passed Senate</name>
        </item>
      </billSummaries>
    </summaries>
  </bill>
  <dublinCore xmlns:dc="http://purl.org/dc/elements/1.1/">
    <dc:format>text/xml</dc:format>
    <dc:language>EN</dc:language>
    <dc:rights>Pursuant to Title 17 Section 105 of the United States Code, this file is not subject to copyright protection and is in the public domain.</dc:rights>
    <dc:contributor>Congressional Research Service, Library of Congress</dc:contributor>
    <dc:description>This file contains bill summaries and statuses for federal legislation. A bill summary describes the most significant provisions of a piece of legislation and details the effects the legislative text may have on current law and federal programs. Bill summaries are authored by the Congressional Research Service (CRS) of the Library of Congress. As stated in Public Law 91-510 (2 USC 166 (d)(6)), one of the duties of CRS is "to prepare summaries and digests of bills and resolutions of a public general nature introduced in the Senate or House of Representatives". For more information, refer to the User Guide that accompanies this file.</dc:description>
  </dublinCore>
</billStatus>

