<?xml version="1.0" encoding="UTF-8"?>
<billStatus>
  <bill>
    <billNumber>318</billNumber>
    <committeeReports />
    <cboCostEstimates />
    <summaries>
      <billSummaries />
    </summaries>
    <notes />
    <createDate>2019-09-19T04:27:17Z</createDate>
    <cosponsors>
      <item>
        <firstName>Robert</firstName>
        <middleName />
        <isOriginalCosponsor>True</isOriginalCosponsor>
        <state>NJ</state>
        <bioguideId>M000639</bioguideId>
        <identifiers>
          <bioguideId>M000639</bioguideId>
          <gpoId>8239</gpoId>
          <lisID>791</lisID>
        </identifiers>
        <sponsorshipWithdrawnDate />
        <sponsorshipDate>2019-09-18</sponsorshipDate>
        <fullName>Sen. Menendez, Robert [D-NJ]</fullName>
        <party>D</party>
        <lastName>Menendez</lastName>
      </item>
      <item>
        <firstName>Johnny</firstName>
        <middleName />
        <isOriginalCosponsor>True</isOriginalCosponsor>
        <state>GA</state>
        <bioguideId>I000055</bioguideId>
        <identifiers>
          <lisID>1608</lisID>
          <gpoId>8323</gpoId>
          <bioguideId>I000055</bioguideId>
        </identifiers>
        <sponsorshipWithdrawnDate />
        <sponsorshipDate>2019-09-18</sponsorshipDate>
        <fullName>Sen. Isakson, Johnny [R-GA]</fullName>
        <party>R</party>
        <lastName>Isakson</lastName>
      </item>
      <item>
        <firstName>Christopher</firstName>
        <middleName>A.</middleName>
        <isOriginalCosponsor>True</isOriginalCosponsor>
        <state>DE</state>
        <bioguideId>C001088</bioguideId>
        <identifiers>
          <bioguideId>C001088</bioguideId>
          <lisID>1984</lisID>
          <gpoId>8297</gpoId>
        </identifiers>
        <sponsorshipWithdrawnDate />
        <sponsorshipDate>2019-09-18</sponsorshipDate>
        <fullName>Sen. Coons, Christopher A. [D-DE]</fullName>
        <party>D</party>
        <lastName>Coons</lastName>
      </item>
      <item>
        <firstName>Marco</firstName>
        <middleName />
        <isOriginalCosponsor>True</isOriginalCosponsor>
        <state>FL</state>
        <bioguideId>R000595</bioguideId>
        <identifiers>
          <lisID>2084</lisID>
          <gpoId>8242</gpoId>
          <bioguideId>R000595</bioguideId>
        </identifiers>
        <sponsorshipWithdrawnDate />
        <sponsorshipDate>2019-09-18</sponsorshipDate>
        <fullName>Sen. Rubio, Marco [R-FL]</fullName>
        <party>R</party>
        <lastName>Rubio</lastName>
      </item>
      <item>
        <firstName>BENJAMIN</firstName>
        <middleName>L.</middleName>
        <isOriginalCosponsor>True</isOriginalCosponsor>
        <state>MD</state>
        <bioguideId>C000141</bioguideId>
        <identifiers>
          <lisID>174</lisID>
          <gpoId>8287</gpoId>
          <bioguideId>C000141</bioguideId>
        </identifiers>
        <sponsorshipWithdrawnDate />
        <sponsorshipDate>2019-09-18</sponsorshipDate>
        <fullName>Sen. Cardin, Benjamin L. [D-MD]</fullName>
        <party>D</party>
        <lastName>CARDIN</lastName>
      </item>
      <item>
        <firstName>EDWARD</firstName>
        <middleName>J.</middleName>
        <isOriginalCosponsor>False</isOriginalCosponsor>
        <state>MA</state>
        <bioguideId>M000133</bioguideId>
        <identifiers>
          <bioguideId>M000133</bioguideId>
          <gpoId>7972</gpoId>
          <lisID>735</lisID>
        </identifiers>
        <sponsorshipWithdrawnDate />
        <sponsorshipDate>2019-09-19</sponsorshipDate>
        <fullName>Sen. Markey, Edward J. [D-MA]</fullName>
        <party>D</party>
        <lastName>MARKEY</lastName>
      </item>
      <item>
        <firstName>Dan</firstName>
        <middleName />
        <isOriginalCosponsor>False</isOriginalCosponsor>
        <state>AK</state>
        <bioguideId>S001198</bioguideId>
        <identifiers>
          <lisID>2290</lisID>
          <gpoId />
          <bioguideId>S001198</bioguideId>
        </identifiers>
        <sponsorshipWithdrawnDate />
        <sponsorshipDate>2019-09-24</sponsorshipDate>
        <fullName>Sen. Sullivan, Dan  [R-AK]</fullName>
        <party>R</party>
        <lastName>Sullivan</lastName>
      </item>
      <item>
        <firstName>MARIA</firstName>
        <middleName />
        <isOriginalCosponsor>False</isOriginalCosponsor>
        <state>WA</state>
        <bioguideId>C000127</bioguideId>
        <identifiers>
          <lisID>172</lisID>
          <gpoId>8288</gpoId>
          <bioguideId>C000127</bioguideId>
        </identifiers>
        <sponsorshipWithdrawnDate />
        <sponsorshipDate>2019-09-25</sponsorshipDate>
        <fullName>Sen. Cantwell, Maria [D-WA]</fullName>
        <party>D</party>
        <lastName>CANTWELL</lastName>
      </item>
      <item>
        <firstName>SHELLEY</firstName>
        <middleName>MOORE</middleName>
        <isOriginalCosponsor>False</isOriginalCosponsor>
        <state>WV</state>
        <bioguideId>C001047</bioguideId>
        <identifiers>
          <bioguideId>C001047</bioguideId>
          <lisID>1676</lisID>
          <gpoId>8223</gpoId>
        </identifiers>
        <sponsorshipWithdrawnDate />
        <sponsorshipDate>2019-09-25</sponsorshipDate>
        <fullName>Sen. Capito, Shelley Moore [R-WV]</fullName>
        <party>R</party>
        <lastName>CAPITO</lastName>
      </item>
      <item>
        <firstName>Joe</firstName>
        <middleName />
        <isOriginalCosponsor>False</isOriginalCosponsor>
        <state>WV</state>
        <bioguideId>M001183</bioguideId>
        <identifiers>
          <lisID>1983</lisID>
          <gpoId>8256</gpoId>
          <bioguideId>M001183</bioguideId>
        </identifiers>
        <sponsorshipWithdrawnDate />
        <sponsorshipDate>2019-09-26</sponsorshipDate>
        <fullName>Sen. Manchin, Joe, III [D-WV]</fullName>
        <party>D</party>
        <lastName>Manchin</lastName>
      </item>
      <item>
        <firstName>Ted</firstName>
        <middleName />
        <isOriginalCosponsor>False</isOriginalCosponsor>
        <state>TX</state>
        <bioguideId>C001098</bioguideId>
        <identifiers>
          <bioguideId>C001098</bioguideId>
          <gpoId />
          <lisID>2175</lisID>
        </identifiers>
        <sponsorshipWithdrawnDate />
        <sponsorshipDate>2019-09-26</sponsorshipDate>
        <fullName>Sen. Cruz, Ted [R-TX]</fullName>
        <party>R</party>
        <lastName>Cruz</lastName>
      </item>
      <item>
        <firstName>Todd</firstName>
        <middleName />
        <isOriginalCosponsor>False</isOriginalCosponsor>
        <state>IN</state>
        <bioguideId>Y000064</bioguideId>
        <identifiers>
          <lisID>2019</lisID>
          <gpoId>7948</gpoId>
          <bioguideId>Y000064</bioguideId>
        </identifiers>
        <sponsorshipWithdrawnDate />
        <sponsorshipDate>2019-10-15</sponsorshipDate>
        <fullName>Sen. Young, Todd [R-IN]</fullName>
        <party>R</party>
        <lastName>Young</lastName>
      </item>
      <item>
        <firstName>Richard</firstName>
        <middleName />
        <isOriginalCosponsor>False</isOriginalCosponsor>
        <state>CT</state>
        <bioguideId>B001277</bioguideId>
        <identifiers>
          <lisID>2076</lisID>
          <gpoId>8332</gpoId>
          <bioguideId>B001277</bioguideId>
        </identifiers>
        <sponsorshipWithdrawnDate />
        <sponsorshipDate>2019-10-15</sponsorshipDate>
        <fullName>Sen. Blumenthal, Richard [D-CT]</fullName>
        <party>D</party>
        <lastName>Blumenthal</lastName>
      </item>
      <item>
        <firstName>SUSAN</firstName>
        <middleName>MARGARET</middleName>
        <isOriginalCosponsor>False</isOriginalCosponsor>
        <state>ME</state>
        <bioguideId>C001035</bioguideId>
        <identifiers>
          <lisID>1541</lisID>
          <gpoId>8291</gpoId>
          <bioguideId>C001035</bioguideId>
        </identifiers>
        <sponsorshipWithdrawnDate />
        <sponsorshipDate>2019-10-15</sponsorshipDate>
        <fullName>Sen. Collins, Susan M. [R-ME]</fullName>
        <party>R</party>
        <lastName>COLLINS</lastName>
      </item>
      <item>
        <firstName>John</firstName>
        <middleName />
        <isOriginalCosponsor>False</isOriginalCosponsor>
        <state>AR</state>
        <bioguideId>B001236</bioguideId>
        <identifiers>
          <lisID>1687</lisID>
          <gpoId>8247</gpoId>
          <bioguideId>B001236</bioguideId>
        </identifiers>
        <sponsorshipWithdrawnDate />
        <sponsorshipDate>2019-10-16</sponsorshipDate>
        <fullName>Sen. Boozman, John [R-AR]</fullName>
        <party>R</party>
        <lastName>Boozman</lastName>
      </item>
      <item>
        <firstName>RON</firstName>
        <middleName />
        <isOriginalCosponsor>False</isOriginalCosponsor>
        <state>OR</state>
        <bioguideId>W000779</bioguideId>
        <identifiers>
          <bioguideId>W000779</bioguideId>
          <gpoId>8265</gpoId>
          <lisID>1247</lisID>
        </identifiers>
        <sponsorshipWithdrawnDate />
        <sponsorshipDate>2019-10-17</sponsorshipDate>
        <fullName>Sen. Wyden, Ron [D-OR]</fullName>
        <party>D</party>
        <lastName>WYDEN</lastName>
      </item>
      <item>
        <firstName>ROGER</firstName>
        <middleName>F.</middleName>
        <isOriginalCosponsor>False</isOriginalCosponsor>
        <state>MS</state>
        <bioguideId>W000437</bioguideId>
        <identifiers>
          <lisID>1226</lisID>
          <gpoId>8263</gpoId>
          <bioguideId>W000437</bioguideId>
        </identifiers>
        <sponsorshipWithdrawnDate />
        <sponsorshipDate>2019-10-17</sponsorshipDate>
        <fullName>Sen. Wicker, Roger F. [R-MS]</fullName>
        <party>R</party>
        <lastName>WICKER</lastName>
      </item>
      <item>
        <firstName>Jacklyn</firstName>
        <middleName />
        <isOriginalCosponsor>False</isOriginalCosponsor>
        <state>NV</state>
        <bioguideId>R000608</bioguideId>
        <identifiers>
          <lisID>2339</lisID>
          <gpoId />
          <bioguideId>R000608</bioguideId>
        </identifiers>
        <sponsorshipWithdrawnDate />
        <sponsorshipDate>2019-10-22</sponsorshipDate>
        <fullName>Sen. Rosen, Jacky [D-NV]</fullName>
        <party>D</party>
        <lastName>Rosen</lastName>
      </item>
      <item>
        <firstName>PATTY</firstName>
        <middleName />
        <isOriginalCosponsor>False</isOriginalCosponsor>
        <state>WA</state>
        <bioguideId>M001111</bioguideId>
        <identifiers>
          <lisID>1409</lisID>
          <gpoId>8237</gpoId>
          <bioguideId>M001111</bioguideId>
        </identifiers>
        <sponsorshipWithdrawnDate />
        <sponsorshipDate>2019-10-28</sponsorshipDate>
        <fullName>Sen. Murray, Patty [D-WA]</fullName>
        <party>D</party>
        <lastName>MURRAY</lastName>
      </item>
      <item>
        <firstName>Gary</firstName>
        <middleName>C.</middleName>
        <isOriginalCosponsor>False</isOriginalCosponsor>
        <state>MI</state>
        <bioguideId>P000595</bioguideId>
        <identifiers>
          <bioguideId>P000595</bioguideId>
          <lisID>1929</lisID>
          <gpoId>7994</gpoId>
        </identifiers>
        <sponsorshipWithdrawnDate />
        <sponsorshipDate>2019-11-18</sponsorshipDate>
        <fullName>Sen. Peters, Gary C. [D-MI]</fullName>
        <party>D</party>
        <lastName>Peters</lastName>
      </item>
    </cosponsors>
    <originChamber>Senate</originChamber>
    <amendments />
    <updateDate>2019-11-19T11:04:02Z</updateDate>
    <relatedBills>
      <item>
        <congress>116</congress>
        <latestAction>
          <actionDate>2019-09-25</actionDate>
          <text>Ordered to be Reported by Unanimous Consent.</text>
        </latestAction>
        <number>517</number>
        <type>HRES</type>
        <latestTitle>Supporting the Global Fund to fight AIDS, tuberculosis (TB), malaria, and its Sixth Replenishment.</latestTitle>
        <relationshipDetails>
          <item>
            <type>Related bill</type>
            <identifiedBy>CRS</identifiedBy>
          </item>
        </relationshipDetails>
      </item>
    </relatedBills>
    <latestAction>
      <text>Placed on Senate Legislative Calendar under General Orders. Calendar No. 236.</text>
      <actionDate>2019-09-26</actionDate>
      <links />
    </latestAction>
    <introducedDate>2019-09-18</introducedDate>
    <laws />
    <subjects>
      <billSubjects>
        <policyArea>
          <name>Health</name>
        </policyArea>
        <legislativeSubjects />
      </billSubjects>
    </subjects>
    <calendarNumbers>
      <item>
        <calendar>Senate Calendar of Business</calendar>
        <number>0236</number>
      </item>
    </calendarNumbers>
    <textVersions>
      <item>
        <date>2019-09-26T04:00:00Z</date>
        <type>Reported to Senate</type>
        <formats>
          <item>
            <url>https://www.govinfo.gov/content/pkg/BILLS-116sres318rs/xml/BILLS-116sres318rs.xml</url>
          </item>
        </formats>
      </item>
      <item>
        <date>2019-09-17T04:00:00Z</date>
        <type>Introduced in Senate</type>
        <formats>
          <item>
            <url>https://www.govinfo.gov/content/pkg/BILLS-116sres318is/xml/BILLS-116sres318is.xml</url>
          </item>
        </formats>
      </item>
    </textVersions>
    <version>1.0.0</version>
    <policyArea>
      <name>Health</name>
    </policyArea>
    <recordedVotes />
    <sponsors>
      <item>
        <bioguideId>R000584</bioguideId>
        <state>ID</state>
        <party>R</party>
        <fullName>Sen. Risch, James E. [R-ID]</fullName>
        <firstName>James</firstName>
        <lastName>Risch</lastName>
        <byRequestType />
        <middleName>E.</middleName>
        <identifiers>
          <lisID>1896</lisID>
          <gpoId>8274</gpoId>
          <bioguideId>R000584</bioguideId>
        </identifiers>
      </item>
    </sponsors>
    <billType>SRES</billType>
    <title>A resolution to support the Global Fund to fight AIDS, Tuberculosis and Malaria, and the Sixth Replenishment.</title>
    <congress>116</congress>
    <committees>
      <billCommittees>
        <item>
          <type>Standing</type>
          <chamber>Senate</chamber>
          <systemCode>ssfr00</systemCode>
          <name>Foreign Relations Committee</name>
          <activities>
            <item>
              <name>Reported by</name>
              <date>2019-09-26T21:12:31Z</date>
            </item>
            <item>
              <name>Markup by</name>
              <date>2019-09-25T17:30:40Z</date>
            </item>
            <item>
              <name>Referred to</name>
              <date>2019-09-18T23:06:34Z</date>
            </item>
          </activities>
          <subcommittees />
        </item>
      </billCommittees>
    </committees>
    <actions>
      <actionTypeCounts>
        <referredToCommittee>1</referredToCommittee>
        <orderedReported>1</orderedReported>
        <reportedToSenate>2</reportedToSenate>
        <introducedInSenate>1</introducedInSenate>
        <placedOnCalendarGeneralOrders>1</placedOnCalendarGeneralOrders>
      </actionTypeCounts>
      <item>
        <actionDate>2019-09-26</actionDate>
        <committee />
        <links />
        <sourceSystem>
          <name>Senate</name>
          <code>0</code>
        </sourceSystem>
        <text>Placed on Senate Legislative Calendar under General Orders. Calendar No. 236.</text>
        <type>Calendars</type>
      </item>
      <item>
        <actionDate>2019-09-26</actionDate>
        <committee>
          <name>Foreign Relations Committee</name>
          <systemCode>ssfr00</systemCode>
        </committee>
        <links />
        <sourceSystem>
          <name>Senate</name>
          <code>0</code>
        </sourceSystem>
        <text>Committee on Foreign Relations. Reported by Senator Risch with amendments and with a preamble. Without written report.</text>
        <type>Committee</type>
      </item>
      <item>
        <links />
        <sourceSystem>
          <name>Library of Congress</name>
          <code>9</code>
        </sourceSystem>
        <committee>
          <name>Foreign Relations Committee</name>
          <systemCode>ssfr00</systemCode>
        </committee>
        <actionCode>14000</actionCode>
        <text>Committee on Foreign Relations. Reported by Senator Risch with amendments and with a preamble. Without written report.</text>
        <actionDate>2019-09-26</actionDate>
        <type>Committee</type>
      </item>
      <item>
        <actionDate>2019-09-25</actionDate>
        <committee>
          <name>Foreign Relations Committee</name>
          <systemCode>ssfr00</systemCode>
        </committee>
        <links />
        <sourceSystem>
          <name>Senate</name>
          <code>0</code>
        </sourceSystem>
        <text>Committee on Foreign Relations. Ordered to be reported with an amendment favorably.</text>
        <type>Committee</type>
      </item>
      <item>
        <actionDate>2019-09-18</actionDate>
        <committee>
          <name>Foreign Relations Committee</name>
          <systemCode>ssfr00</systemCode>
        </committee>
        <links>
          <link>
            <name>S5581</name>
            <url>https://www.congress.gov/congressional-record/volume-165/senate-section/page/S5581</url>
          </link>
        </links>
        <sourceSystem>
          <name>Senate</name>
          <code>0</code>
        </sourceSystem>
        <text>Referred to the Committee on Foreign Relations. (text: CR S5581)</text>
        <type>IntroReferral</type>
      </item>
      <item>
        <links />
        <sourceSystem>
          <name>Library of Congress</name>
          <code>9</code>
        </sourceSystem>
        <committee />
        <actionCode>10000</actionCode>
        <text>Introduced in Senate</text>
        <actionDate>2019-09-18</actionDate>
        <type>IntroReferral</type>
      </item>
      <actionByCounts>
        <senate>6</senate>
      </actionByCounts>
    </actions>
    <titles>
      <item>
        <title>A resolution to support the Global Fund to fight AIDS, Tuberculosis and Malaria, and the Sixth Replenishment.</title>
        <parentTitleType />
        <titleType>Official Title as Introduced</titleType>
        <chamberName />
        <chamberCode />
      </item>
      <item>
        <title>A resolution to support the Global Fund to fight AIDS, Tuberculosis and Malaria, and the Sixth Replenishment.</title>
        <parentTitleType />
        <titleType>Display Title</titleType>
        <chamberName />
        <chamberCode />
      </item>
    </titles>
  </bill>
  <dublinCore xmlns:dc="http://purl.org/dc/elements/1.1/">
    <dc:format>text/xml</dc:format>
    <dc:language>EN</dc:language>
    <dc:rights>Pursuant to Title 17 Section 105 of the United States Code, this file is not subject to copyright protection and is in the public domain.</dc:rights>
    <dc:contributor>Congressional Research Service, Library of Congress</dc:contributor>
    <dc:description>This file contains bill summaries and statuses for federal legislation. A bill summary describes the most significant provisions of a piece of legislation and details the effects the legislative text may have on current law and federal programs. Bill summaries are authored by the Congressional Research Service (CRS) of the Library of Congress. As stated in Public Law 91-510 (2 USC 166 (d)(6)), one of the duties of CRS is "to prepare summaries and digests of bills and resolutions of a public general nature introduced in the Senate or House of Representatives". For more information, refer to the User Guide that accompanies this file.</dc:description>
  </dublinCore>
</billStatus>

