<?xml version="1.0" encoding="UTF-8"?>
<billStatus>
  <bill>
    <summaries>
      <billSummaries>
        <item>
          <lastSummaryUpdateDate>2019-04-05T13:21:07Z</lastSummaryUpdateDate>
          <text><![CDATA[<p>This resolution authorizes expenditures by the Committee on Small Business and Entrepreneurship for the 116th Congress.</p>]]></text>
          <versionCode>00</versionCode>
          <actionDate>2019-02-11</actionDate>
          <actionDesc>Introduced in Senate</actionDesc>
          <updateDate>2019-02-11T05:00:00Z</updateDate>
          <name>Introduced in Senate</name>
        </item>
        <item>
          <lastSummaryUpdateDate>2019-04-05T13:20:58Z</lastSummaryUpdateDate>
          <text><![CDATA[<p>This resolution authorizes expenditures by the Committee on Small Business and Entrepreneurship for the 116th Congress.</p>]]></text>
          <versionCode>25</versionCode>
          <actionDate>2019-02-11</actionDate>
          <actionDesc>Reported to Senate</actionDesc>
          <updateDate>2019-02-11T13:43:10Z</updateDate>
          <name>Reported to Senate</name>
        </item>
      </billSummaries>
    </summaries>
    <congress>116</congress>
    <titles>
      <item>
        <chamberName />
        <title>An original resolution authorizing expenditures by the Committee on Small Business and Entrepreneurship.</title>
        <parentTitleType />
        <titleType>Official Title as Introduced</titleType>
        <chamberCode />
      </item>
      <item>
        <chamberName />
        <title>An original resolution authorizing expenditures by the Committee on Small Business and Entrepreneurship.</title>
        <parentTitleType />
        <titleType>Display Title</titleType>
        <chamberCode />
      </item>
    </titles>
    <billType>SRES</billType>
    <updateDate>2019-11-15T21:59:39Z</updateDate>
    <title>An original resolution authorizing expenditures by the Committee on Small Business and Entrepreneurship.</title>
    <recordedVotes />
    <committees>
      <billCommittees>
        <item>
          <type>Standing</type>
          <chamber>Senate</chamber>
          <systemCode>ssra00</systemCode>
          <name>Rules and Administration Committee</name>
          <activities>
            <item>
              <name>Referred to</name>
              <date>2019-02-11T21:17:22Z</date>
            </item>
          </activities>
          <subcommittees />
        </item>
        <item>
          <type>Standing</type>
          <chamber>Senate</chamber>
          <systemCode>sssb00</systemCode>
          <name>Small Business and Entrepreneurship Committee</name>
          <activities>
            <item>
              <name>Reported original measure</name>
              <date>2019-02-11T21:17:10Z</date>
            </item>
          </activities>
          <subcommittees />
        </item>
      </billCommittees>
    </committees>
    <actions>
      <actionByCounts>
        <senate>4</senate>
      </actionByCounts>
      <item>
        <actionDate>2019-02-11</actionDate>
        <committee>
          <name>Rules and Administration Committee</name>
          <systemCode>ssra00</systemCode>
        </committee>
        <links>
          <link>
            <url>https://www.congress.gov/congressional-record/volume-165/senate-section/page/S1167</url>
            <name>S1167</name>
          </link>
        </links>
        <sourceSystem>
          <code>0</code>
          <name>Senate</name>
        </sourceSystem>
        <text>Referred to the Committee on Rules and Administration. (text: CR S1167)</text>
        <type>IntroReferral</type>
      </item>
      <item>
        <actionDate>2019-02-11</actionDate>
        <committee>
          <name>Small Business and Entrepreneurship Committee</name>
          <systemCode>sssb00</systemCode>
        </committee>
        <links />
        <sourceSystem>
          <code>0</code>
          <name>Senate</name>
        </sourceSystem>
        <text>Committee on Small Business and Entrepreneurship. Original measure reported to Senate by Senator Rubio. Without written report.</text>
        <type>Committee</type>
      </item>
      <item>
        <actionDate>2019-02-11</actionDate>
        <committee>
          <name>Small Business and Entrepreneurship Committee</name>
          <systemCode>sssb00</systemCode>
        </committee>
        <type>Committee</type>
        <actionCode>14000</actionCode>
        <links />
        <sourceSystem>
          <code>9</code>
          <name>Library of Congress</name>
        </sourceSystem>
        <text>Committee on Small Business and Entrepreneurship. Original measure reported to Senate by Senator Rubio. Without written report.</text>
      </item>
      <item>
        <actionDate>2019-02-11</actionDate>
        <committee />
        <type>IntroReferral</type>
        <actionCode>10000</actionCode>
        <links />
        <sourceSystem>
          <code>9</code>
          <name>Library of Congress</name>
        </sourceSystem>
        <text>Introduced in Senate</text>
      </item>
      <actionTypeCounts>
        <reportedToSenate>1</reportedToSenate>
        <referredToCommittee>1</referredToCommittee>
        <introducedInSenate>1</introducedInSenate>
        <originalBillReported>1</originalBillReported>
      </actionTypeCounts>
    </actions>
    <createDate>2019-02-12T05:25:14Z</createDate>
    <policyArea>
      <name>Congress</name>
    </policyArea>
    <originChamber>Senate</originChamber>
    <committeeReports />
    <version>1.0.0</version>
    <textVersions>
      <item>
        <type>Introduced in Senate</type>
        <formats>
          <item>
            <url>https://www.govinfo.gov/content/pkg/BILLS-116sres62is/xml/BILLS-116sres62is.xml</url>
          </item>
        </formats>
        <date>2019-02-11T05:00:00Z</date>
      </item>
    </textVersions>
    <billNumber>62</billNumber>
    <notes />
    <sponsors>
      <item>
        <firstName>Marco</firstName>
        <middleName />
        <lastName>Rubio</lastName>
        <identifiers>
          <lisID>2084</lisID>
          <gpoId>8242</gpoId>
          <bioguideId>R000595</bioguideId>
        </identifiers>
        <bioguideId>R000595</bioguideId>
        <byRequestType />
        <state>FL</state>
        <fullName>Sen. Rubio, Marco [R-FL]</fullName>
        <party>R</party>
      </item>
    </sponsors>
    <calendarNumbers />
    <introducedDate>2019-02-11</introducedDate>
    <amendments />
    <subjects>
      <billSubjects>
        <policyArea>
          <name>Congress</name>
        </policyArea>
        <legislativeSubjects>
          <item>
            <name>Congressional committees</name>
          </item>
          <item>
            <name>Senate Committee on Small Business and Entrepreneurship</name>
          </item>
        </legislativeSubjects>
      </billSubjects>
    </subjects>
    <laws />
    <cosponsors />
    <relatedBills />
    <cboCostEstimates />
    <latestAction>
      <text>Referred to the Committee on Rules and Administration. (text: CR S1167)</text>
      <links />
      <actionDate>2019-02-11</actionDate>
    </latestAction>
  </bill>
  <dublinCore xmlns:dc="http://purl.org/dc/elements/1.1/">
    <dc:format>text/xml</dc:format>
    <dc:language>EN</dc:language>
    <dc:rights>Pursuant to Title 17 Section 105 of the United States Code, this file is not subject to copyright protection and is in the public domain.</dc:rights>
    <dc:contributor>Congressional Research Service, Library of Congress</dc:contributor>
    <dc:description>This file contains bill summaries and statuses for federal legislation. A bill summary describes the most significant provisions of a piece of legislation and details the effects the legislative text may have on current law and federal programs. Bill summaries are authored by the Congressional Research Service (CRS) of the Library of Congress. As stated in Public Law 91-510 (2 USC 166 (d)(6)), one of the duties of CRS is "to prepare summaries and digests of bills and resolutions of a public general nature introduced in the Senate or House of Representatives". For more information, refer to the User Guide that accompanies this file.</dc:description>
  </dublinCore>
</billStatus>

