<?xml version="1.0" encoding="UTF-8"?>
<billStatus>
  <bill>
    <subjects>
      <billSubjects>
        <legislativeSubjects>
          <item>
            <name>Alliances</name>
          </item>
          <item>
            <name>Asia</name>
          </item>
          <item>
            <name>Cultural exchanges and relations</name>
          </item>
          <item>
            <name>Diplomacy, foreign officials, Americans abroad</name>
          </item>
          <item>
            <name>Japan</name>
          </item>
        </legislativeSubjects>
        <policyArea>
          <name>International Affairs</name>
        </policyArea>
      </billSubjects>
    </subjects>
    <relatedBills>
      <item>
        <latestAction>
          <text>Ordered to be Reported by Unanimous Consent.</text>
          <actionDate>2019-10-30</actionDate>
        </latestAction>
        <type>HRES</type>
        <relationshipDetails>
          <item>
            <type>Related bill</type>
            <identifiedBy>CRS</identifiedBy>
          </item>
        </relationshipDetails>
        <congress>116</congress>
        <number>349</number>
        <latestTitle>Reaffirming the vital role of the United States-Japan alliance in promoting peace, stability, and prosperity in the Indo-Pacific region and beyond.</latestTitle>
      </item>
    </relatedBills>
    <notes />
    <committees>
      <billCommittees>
        <item>
          <type>Standing</type>
          <chamber>Senate</chamber>
          <systemCode>ssfr00</systemCode>
          <name>Foreign Relations Committee</name>
          <activities>
            <item>
              <name>Reported by</name>
              <date>2019-09-26T20:27:51Z</date>
            </item>
            <item>
              <name>Markup by</name>
              <date>2019-09-25T17:30:36Z</date>
            </item>
            <item>
              <name>Referred to</name>
              <date>2019-05-02T17:11:44Z</date>
            </item>
          </activities>
          <subcommittees />
        </item>
      </billCommittees>
    </committees>
    <summaries>
      <billSummaries />
    </summaries>
    <version>1.0.0</version>
    <originChamber>Senate</originChamber>
    <congress>116</congress>
    <latestAction>
      <actionDate>2019-10-29</actionDate>
      <text>Resolution agreed to in Senate without amendment and an amended preamble by Unanimous Consent. (consideration: CR S6255-6256)</text>
      <links />
    </latestAction>
    <actions>
      <actionTypeCounts>
        <introducedInSenate>1</introducedInSenate>
        <agreedToInSenate>1</agreedToInSenate>
        <placedOnCalendarGeneralOrders>1</placedOnCalendarGeneralOrders>
        <referredToCommittee>1</referredToCommittee>
        <reportedToSenate>2</reportedToSenate>
        <passedAgreedToInSenate>1</passedAgreedToInSenate>
        <orderedReported>1</orderedReported>
      </actionTypeCounts>
      <item>
        <actionDate>2019-10-29</actionDate>
        <committee />
        <links>
          <link>
            <url>https://www.congress.gov/congressional-record/volume-165/senate-section/page/S6255-6256</url>
            <name>S6255-6256</name>
          </link>
        </links>
        <sourceSystem>
          <code>0</code>
          <name>Senate</name>
        </sourceSystem>
        <text>Resolution agreed to in Senate without amendment and an amended preamble by Unanimous Consent. (consideration: CR S6255-6256)</text>
        <type>Floor</type>
      </item>
      <item>
        <actionCode>17000</actionCode>
        <text>Passed/agreed to in Senate: Resolution agreed to in Senate without amendment and an amended preamble by Unanimous Consent.(consideration: CR S6255-6256)</text>
        <sourceSystem>
          <code>9</code>
          <name>Library of Congress</name>
        </sourceSystem>
        <actionDate>2019-10-29</actionDate>
        <type>Floor</type>
        <links>
          <link>
            <url>https://www.congress.gov/congressional-record/volume-165/senate-section/page/S6255-6256</url>
            <name>S6255-6256</name>
          </link>
        </links>
        <committee />
      </item>
      <item>
        <actionDate>2019-09-26</actionDate>
        <committee />
        <links />
        <sourceSystem>
          <code>0</code>
          <name>Senate</name>
        </sourceSystem>
        <text>Placed on Senate Legislative Calendar under General Orders. Calendar No. 233.</text>
        <type>Calendars</type>
      </item>
      <item>
        <actionDate>2019-09-26</actionDate>
        <committee>
          <systemCode>ssfr00</systemCode>
          <name>Foreign Relations Committee</name>
        </committee>
        <links />
        <sourceSystem>
          <code>0</code>
          <name>Senate</name>
        </sourceSystem>
        <text>Committee on Foreign Relations. Reported by Senator Risch without amendment and with an amended preamble. Without written report.</text>
        <type>Committee</type>
      </item>
      <item>
        <actionCode>14000</actionCode>
        <text>Committee on Foreign Relations. Reported by Senator Risch without amendment and with an amended preamble. Without written report.</text>
        <sourceSystem>
          <code>9</code>
          <name>Library of Congress</name>
        </sourceSystem>
        <actionDate>2019-09-26</actionDate>
        <type>Committee</type>
        <links />
        <committee>
          <systemCode>ssfr00</systemCode>
          <name>Foreign Relations Committee</name>
        </committee>
      </item>
      <item>
        <actionDate>2019-09-25</actionDate>
        <committee>
          <systemCode>ssfr00</systemCode>
          <name>Foreign Relations Committee</name>
        </committee>
        <links />
        <sourceSystem>
          <code>0</code>
          <name>Senate</name>
        </sourceSystem>
        <text>Committee on Foreign Relations. Ordered to be reported without amendment favorably.</text>
        <type>Committee</type>
      </item>
      <item>
        <actionDate>2019-05-02</actionDate>
        <committee>
          <systemCode>ssfr00</systemCode>
          <name>Foreign Relations Committee</name>
        </committee>
        <links>
          <link>
            <url>https://www.congress.gov/congressional-record/volume-165/senate-section/page/S2619-2620</url>
            <name>S2619-2620</name>
          </link>
        </links>
        <sourceSystem>
          <code>0</code>
          <name>Senate</name>
        </sourceSystem>
        <text>Referred to the Committee on Foreign Relations. (text: CR S2619-2620)</text>
        <type>IntroReferral</type>
      </item>
      <item>
        <actionCode>10000</actionCode>
        <text>Introduced in Senate</text>
        <sourceSystem>
          <code>9</code>
          <name>Library of Congress</name>
        </sourceSystem>
        <actionDate>2019-05-02</actionDate>
        <type>IntroReferral</type>
        <links />
        <committee />
      </item>
      <actionByCounts>
        <senate>8</senate>
      </actionByCounts>
    </actions>
    <createDate>2019-05-03T04:42:09Z</createDate>
    <titles>
      <item>
        <title>A resolution reaffirming the vital role of the United States-Japan alliance in promoting peace, stability, and prosperity in the Indo-Pacific region and beyond, and for other purposes.</title>
        <parentTitleType />
        <titleType>Official Title as Introduced</titleType>
        <chamberName />
        <chamberCode />
      </item>
      <item>
        <title>A resolution reaffirming the vital role of the United States-Japan alliance in promoting peace, stability, and prosperity in the Indo-Pacific region and beyond, and for other purposes.</title>
        <parentTitleType />
        <titleType>Display Title</titleType>
        <chamberName />
        <chamberCode />
      </item>
    </titles>
    <laws />
    <introducedDate>2019-05-02</introducedDate>
    <calendarNumbers>
      <item>
        <calendar>Senate Calendar of Business</calendar>
        <number>0233</number>
      </item>
    </calendarNumbers>
    <recordedVotes />
    <textVersions>
      <item>
        <date>2019-10-29T04:00:00Z</date>
        <type>Agreed to Senate</type>
        <formats>
          <item>
            <url>https://www.govinfo.gov/content/pkg/BILLS-116sres183ats/xml/BILLS-116sres183ats.xml</url>
          </item>
        </formats>
      </item>
      <item>
        <date>2019-09-26T04:00:00Z</date>
        <type>Reported to Senate</type>
        <formats>
          <item>
            <url>https://www.govinfo.gov/content/pkg/BILLS-116sres183rs/xml/BILLS-116sres183rs.xml</url>
          </item>
        </formats>
      </item>
      <item>
        <date>2019-05-02T04:00:00Z</date>
        <type>Introduced in Senate</type>
        <formats>
          <item>
            <url>https://www.govinfo.gov/content/pkg/BILLS-116sres183is/xml/BILLS-116sres183is.xml</url>
          </item>
        </formats>
      </item>
    </textVersions>
    <cosponsors>
      <item>
        <party>R</party>
        <lastName>Risch</lastName>
        <firstName>James</firstName>
        <bioguideId>R000584</bioguideId>
        <state>ID</state>
        <sponsorshipDate>2019-05-02</sponsorshipDate>
        <fullName>Sen. Risch, James E. [R-ID]</fullName>
        <identifiers>
          <lisID>1896</lisID>
          <gpoId>8274</gpoId>
          <bioguideId>R000584</bioguideId>
        </identifiers>
        <middleName>E.</middleName>
        <sponsorshipWithdrawnDate />
        <isOriginalCosponsor>True</isOriginalCosponsor>
      </item>
      <item>
        <party>D</party>
        <lastName>MARKEY</lastName>
        <firstName>EDWARD</firstName>
        <bioguideId>M000133</bioguideId>
        <state>MA</state>
        <sponsorshipDate>2019-05-02</sponsorshipDate>
        <fullName>Sen. Markey, Edward J. [D-MA]</fullName>
        <identifiers>
          <lisID>735</lisID>
          <gpoId>7972</gpoId>
          <bioguideId>M000133</bioguideId>
        </identifiers>
        <middleName>J.</middleName>
        <sponsorshipWithdrawnDate />
        <isOriginalCosponsor>True</isOriginalCosponsor>
      </item>
      <item>
        <party>R</party>
        <lastName>Gardner</lastName>
        <firstName>Cory</firstName>
        <bioguideId>G000562</bioguideId>
        <state>CO</state>
        <sponsorshipDate>2019-05-02</sponsorshipDate>
        <fullName>Sen. Gardner, Cory [R-CO]</fullName>
        <identifiers>
          <bioguideId>G000562</bioguideId>
          <gpoId>7862</gpoId>
          <lisID>1998</lisID>
        </identifiers>
        <middleName />
        <sponsorshipWithdrawnDate />
        <isOriginalCosponsor>True</isOriginalCosponsor>
      </item>
      <item>
        <party>D</party>
        <lastName>Coons</lastName>
        <firstName>Christopher</firstName>
        <bioguideId>C001088</bioguideId>
        <state>DE</state>
        <sponsorshipDate>2019-05-06</sponsorshipDate>
        <fullName>Sen. Coons, Christopher A. [D-DE]</fullName>
        <identifiers>
          <lisID>1984</lisID>
          <gpoId>8297</gpoId>
          <bioguideId>C001088</bioguideId>
        </identifiers>
        <middleName>A.</middleName>
        <sponsorshipWithdrawnDate />
        <isOriginalCosponsor>False</isOriginalCosponsor>
      </item>
      <item>
        <party>D</party>
        <lastName>Shaheen</lastName>
        <firstName>Jeanne</firstName>
        <bioguideId>S001181</bioguideId>
        <state>NH</state>
        <sponsorshipDate>2019-05-14</sponsorshipDate>
        <fullName>Sen. Shaheen, Jeanne [D-NH]</fullName>
        <identifiers>
          <bioguideId>S001181</bioguideId>
          <lisID>1901</lisID>
          <gpoId>8276</gpoId>
        </identifiers>
        <middleName />
        <sponsorshipWithdrawnDate />
        <isOriginalCosponsor>False</isOriginalCosponsor>
      </item>
    </cosponsors>
    <amendments />
    <billNumber>183</billNumber>
    <updateDate>2019-11-15T21:56:34Z</updateDate>
    <cboCostEstimates />
    <title>A resolution reaffirming the vital role of the United States-Japan alliance in promoting peace, stability, and prosperity in the Indo-Pacific region and beyond, and for other purposes.</title>
    <committeeReports />
    <policyArea>
      <name>International Affairs</name>
    </policyArea>
    <sponsors>
      <item>
        <party>D</party>
        <lastName>Menendez</lastName>
        <firstName>Robert</firstName>
        <state>NJ</state>
        <fullName>Sen. Menendez, Robert [D-NJ]</fullName>
        <identifiers>
          <bioguideId>M000639</bioguideId>
          <lisID>791</lisID>
          <gpoId>8239</gpoId>
        </identifiers>
        <middleName />
        <bioguideId>M000639</bioguideId>
        <byRequestType />
      </item>
    </sponsors>
    <billType>SRES</billType>
  </bill>
  <dublinCore xmlns:dc="http://purl.org/dc/elements/1.1/">
    <dc:format>text/xml</dc:format>
    <dc:language>EN</dc:language>
    <dc:rights>Pursuant to Title 17 Section 105 of the United States Code, this file is not subject to copyright protection and is in the public domain.</dc:rights>
    <dc:contributor>Congressional Research Service, Library of Congress</dc:contributor>
    <dc:description>This file contains bill summaries and statuses for federal legislation. A bill summary describes the most significant provisions of a piece of legislation and details the effects the legislative text may have on current law and federal programs. Bill summaries are authored by the Congressional Research Service (CRS) of the Library of Congress. As stated in Public Law 91-510 (2 USC 166 (d)(6)), one of the duties of CRS is "to prepare summaries and digests of bills and resolutions of a public general nature introduced in the Senate or House of Representatives". For more information, refer to the User Guide that accompanies this file.</dc:description>
  </dublinCore>
</billStatus>

