<?xml version="1.0" encoding="UTF-8"?>
<billStatus>
  <bill>
    <policyArea>
      <name>Civil Rights and Liberties, Minority Issues</name>
    </policyArea>
    <relatedBills>
      <item>
        <congress>116</congress>
        <latestAction>
          <actionDate>2019-11-14</actionDate>
          <text>Resolution agreed to in Senate without amendment and with a preamble by Unanimous Consent. (text: CR 10/31/2019 S6339)</text>
        </latestAction>
        <number>393</number>
        <type>SRES</type>
        <latestTitle>A resolution recognizing the historical, cultural, and religious significance of the 550th birthday of Guru Nanak and the contributions and sacrifices made by Sikhs of the United States.</latestTitle>
        <relationshipDetails>
          <item>
            <type>Related bill</type>
            <identifiedBy>CRS</identifiedBy>
          </item>
        </relationshipDetails>
      </item>
      <item>
        <congress>116</congress>
        <latestAction>
          <actionDate>2019-11-12</actionDate>
          <text>Referred to the House Committee on Oversight and Reform.</text>
        </latestAction>
        <number>689</number>
        <type>HRES</type>
        <latestTitle>Recognizing the significance of the 550th birth anniversary of Guru Nanak, the founder of Sikhism, to Sikh Americans and Sikhs worldwide.</latestTitle>
        <relationshipDetails>
          <item>
            <type>Related bill</type>
            <identifiedBy>CRS</identifiedBy>
          </item>
        </relationshipDetails>
      </item>
      <item>
        <congress>116</congress>
        <latestAction>
          <actionDate>2019-11-08</actionDate>
          <text>Referred to the House Committee on Oversight and Reform.</text>
        </latestAction>
        <number>680</number>
        <type>HRES</type>
        <latestTitle>Recognizing the historical, cultural, and religious significance of the 550th birthday of Guru Nanak and the contributions and sacrifices made by Sikhs of the United States.</latestTitle>
        <relationshipDetails>
          <item>
            <type>Related bill</type>
            <identifiedBy>CRS</identifiedBy>
          </item>
        </relationshipDetails>
      </item>
      <item>
        <congress>116</congress>
        <latestAction>
          <actionDate>2019-08-06</actionDate>
          <text>Referred to the House Committee on Oversight and Reform.</text>
        </latestAction>
        <number>538</number>
        <type>HRES</type>
        <latestTitle>Recognizing the historical, cultural, and religious significance of Sikh Americans, and for other purposes.</latestTitle>
        <relationshipDetails>
          <item>
            <type>Related bill</type>
            <identifiedBy>CRS</identifiedBy>
          </item>
        </relationshipDetails>
      </item>
    </relatedBills>
    <introducedDate>2019-11-14</introducedDate>
    <committeeReports />
    <amendments />
    <textVersions>
      <item>
        <formats>
          <item>
            <url>https://www.govinfo.gov/content/pkg/BILLS-116sres427is/xml/BILLS-116sres427is.xml</url>
          </item>
        </formats>
        <date>2019-11-14T05:00:00Z</date>
        <type>Introduced in Senate</type>
      </item>
    </textVersions>
    <cboCostEstimates />
    <subjects>
      <billSubjects>
        <legislativeSubjects>
          <item>
            <name>Asia</name>
          </item>
          <item>
            <name>Commemorative events and holidays</name>
          </item>
          <item>
            <name>Congressional tributes</name>
          </item>
          <item>
            <name>Racial and ethnic relations</name>
          </item>
          <item>
            <name>Religion</name>
          </item>
        </legislativeSubjects>
        <policyArea>
          <name>Civil Rights and Liberties, Minority Issues</name>
        </policyArea>
      </billSubjects>
    </subjects>
    <laws />
    <calendarNumbers />
    <notes />
    <actions>
      <actionByCounts>
        <senate>2</senate>
      </actionByCounts>
      <item>
        <actionDate>2019-11-14</actionDate>
        <committee>
          <systemCode>ssju00</systemCode>
          <name>Judiciary Committee</name>
        </committee>
        <links>
          <link>
            <name>S6612-6613</name>
            <url>https://www.congress.gov/congressional-record/volume-165/senate-section/page/S6612-6613</url>
          </link>
        </links>
        <sourceSystem>
          <name>Senate</name>
          <code>0</code>
        </sourceSystem>
        <text>Referred to the Committee on the Judiciary. (text: CR S6612-6613)</text>
        <type>IntroReferral</type>
      </item>
      <item>
        <committee />
        <type>IntroReferral</type>
        <actionDate>2019-11-14</actionDate>
        <actionCode>10000</actionCode>
        <text>Introduced in Senate</text>
        <links />
        <sourceSystem>
          <name>Library of Congress</name>
          <code>9</code>
        </sourceSystem>
      </item>
      <actionTypeCounts>
        <referredToCommittee>1</referredToCommittee>
        <introducedInSenate>1</introducedInSenate>
      </actionTypeCounts>
    </actions>
    <originChamber>Senate</originChamber>
    <committees>
      <billCommittees>
        <item>
          <chamber>Senate</chamber>
          <subcommittees />
          <type>Standing</type>
          <activities>
            <item>
              <name>Referred to</name>
              <date>2019-11-14T20:41:15Z</date>
            </item>
          </activities>
          <name>Judiciary Committee</name>
          <systemCode>ssju00</systemCode>
        </item>
      </billCommittees>
    </committees>
    <titles>
      <item>
        <title>A resolution recognizing the historical, cultural, and religious significance of Sikh Americans, and for other purposes.</title>
        <chamberCode />
        <parentTitleType />
        <titleType>Official Title as Introduced</titleType>
        <chamberName />
      </item>
      <item>
        <title>A resolution recognizing the historical, cultural, and religious significance of Sikh Americans, and for other purposes.</title>
        <chamberCode />
        <parentTitleType />
        <titleType>Display Title</titleType>
        <chamberName />
      </item>
    </titles>
    <summaries>
      <billSummaries />
    </summaries>
    <recordedVotes />
    <title>A resolution recognizing the historical, cultural, and religious significance of Sikh Americans, and for other purposes.</title>
    <sponsors>
      <item>
        <party>D</party>
        <state>IL</state>
        <identifiers>
          <bioguideId>D000563</bioguideId>
          <lisID>326</lisID>
          <gpoId>8326</gpoId>
        </identifiers>
        <middleName>J.</middleName>
        <byRequestType />
        <bioguideId>D000563</bioguideId>
        <firstName>RICHARD</firstName>
        <fullName>Sen. Durbin, Richard J. [D-IL]</fullName>
        <lastName>DURBIN</lastName>
      </item>
    </sponsors>
    <cosponsors>
      <item>
        <party>D</party>
        <lastName>Menendez</lastName>
        <firstName>Robert</firstName>
        <bioguideId>M000639</bioguideId>
        <state>NJ</state>
        <sponsorshipDate>2019-11-14</sponsorshipDate>
        <fullName>Sen. Menendez, Robert [D-NJ]</fullName>
        <identifiers>
          <lisID>791</lisID>
          <gpoId>8239</gpoId>
          <bioguideId>M000639</bioguideId>
        </identifiers>
        <middleName />
        <sponsorshipWithdrawnDate />
        <isOriginalCosponsor>True</isOriginalCosponsor>
      </item>
      <item>
        <party>D</party>
        <lastName>CARDIN</lastName>
        <firstName>BENJAMIN</firstName>
        <bioguideId>C000141</bioguideId>
        <state>MD</state>
        <sponsorshipDate>2019-11-14</sponsorshipDate>
        <fullName>Sen. Cardin, Benjamin L. [D-MD]</fullName>
        <identifiers>
          <lisID>174</lisID>
          <gpoId>8287</gpoId>
          <bioguideId>C000141</bioguideId>
        </identifiers>
        <middleName>L.</middleName>
        <sponsorshipWithdrawnDate />
        <isOriginalCosponsor>True</isOriginalCosponsor>
      </item>
    </cosponsors>
    <billNumber>427</billNumber>
    <congress>116</congress>
    <latestAction>
      <links />
      <actionDate>2019-11-14</actionDate>
      <text>Referred to the Committee on the Judiciary. (text: CR S6612-6613)</text>
    </latestAction>
    <billType>SRES</billType>
    <updateDate>2019-11-22T05:58:28Z</updateDate>
    <createDate>2019-11-15T05:57:34Z</createDate>
    <version>1.0.0</version>
  </bill>
  <dublinCore xmlns:dc="http://purl.org/dc/elements/1.1/">
    <dc:format>text/xml</dc:format>
    <dc:language>EN</dc:language>
    <dc:rights>Pursuant to Title 17 Section 105 of the United States Code, this file is not subject to copyright protection and is in the public domain.</dc:rights>
    <dc:contributor>Congressional Research Service, Library of Congress</dc:contributor>
    <dc:description>This file contains bill summaries and statuses for federal legislation. A bill summary describes the most significant provisions of a piece of legislation and details the effects the legislative text may have on current law and federal programs. Bill summaries are authored by the Congressional Research Service (CRS) of the Library of Congress. As stated in Public Law 91-510 (2 USC 166 (d)(6)), one of the duties of CRS is "to prepare summaries and digests of bills and resolutions of a public general nature introduced in the Senate or House of Representatives". For more information, refer to the User Guide that accompanies this file.</dc:description>
  </dublinCore>
</billStatus>

