<?xml version="1.0" encoding="UTF-8"?>
<billStatus>
  <bill>
    <createDate>2019-09-27T04:42:29Z</createDate>
    <amendments />
    <titles>
      <item>
        <chamberName />
        <title>A resolution supporting the designation of September 20, 2019, as "National Concussion Awareness Day".</title>
        <chamberCode />
        <parentTitleType />
        <titleType>Official Title as Introduced</titleType>
      </item>
      <item>
        <chamberName />
        <title>A resolution supporting the designation of September 20, 2019, as "National Concussion Awareness Day".</title>
        <chamberCode />
        <parentTitleType />
        <titleType>Display Title</titleType>
      </item>
    </titles>
    <summaries>
      <billSummaries />
    </summaries>
    <notes />
    <billNumber>349</billNumber>
    <congress>116</congress>
    <title>A resolution supporting the designation of September 20, 2019, as "National Concussion Awareness Day".</title>
    <billType>SRES</billType>
    <cosponsors>
      <item>
        <middleName>MOORE</middleName>
        <lastName>CAPITO</lastName>
        <fullName>Sen. Capito, Shelley Moore [R-WV]</fullName>
        <identifiers>
          <bioguideId>C001047</bioguideId>
          <gpoId>8223</gpoId>
          <lisID>1676</lisID>
        </identifiers>
        <bioguideId>C001047</bioguideId>
        <isOriginalCosponsor>True</isOriginalCosponsor>
        <sponsorshipWithdrawnDate />
        <firstName>SHELLEY</firstName>
        <state>WV</state>
        <party>R</party>
        <sponsorshipDate>2019-09-26</sponsorshipDate>
      </item>
      <item>
        <middleName />
        <lastName>Blumenthal</lastName>
        <fullName>Sen. Blumenthal, Richard [D-CT]</fullName>
        <identifiers>
          <lisID>2076</lisID>
          <gpoId>8332</gpoId>
          <bioguideId>B001277</bioguideId>
        </identifiers>
        <bioguideId>B001277</bioguideId>
        <isOriginalCosponsor>True</isOriginalCosponsor>
        <sponsorshipWithdrawnDate />
        <firstName>Richard</firstName>
        <state>CT</state>
        <party>D</party>
        <sponsorshipDate>2019-09-26</sponsorshipDate>
      </item>
      <item>
        <middleName />
        <lastName>Casey</lastName>
        <fullName>Sen. Casey, Robert P., Jr. [D-PA]</fullName>
        <identifiers>
          <lisID>1828</lisID>
          <gpoId>8282</gpoId>
          <bioguideId>C001070</bioguideId>
        </identifiers>
        <bioguideId>C001070</bioguideId>
        <isOriginalCosponsor>True</isOriginalCosponsor>
        <sponsorshipWithdrawnDate />
        <firstName>Bob</firstName>
        <state>PA</state>
        <party>D</party>
        <sponsorshipDate>2019-09-26</sponsorshipDate>
      </item>
      <item>
        <middleName>MARGARET</middleName>
        <lastName>COLLINS</lastName>
        <fullName>Sen. Collins, Susan M. [R-ME]</fullName>
        <identifiers>
          <bioguideId>C001035</bioguideId>
          <lisID>1541</lisID>
          <gpoId>8291</gpoId>
        </identifiers>
        <bioguideId>C001035</bioguideId>
        <isOriginalCosponsor>True</isOriginalCosponsor>
        <sponsorshipWithdrawnDate />
        <firstName>SUSAN</firstName>
        <state>ME</state>
        <party>R</party>
        <sponsorshipDate>2019-09-26</sponsorshipDate>
      </item>
      <item>
        <middleName />
        <lastName>Van Hollen</lastName>
        <fullName>Sen. Van Hollen, Chris [D-MD]</fullName>
        <identifiers>
          <bioguideId>V000128</bioguideId>
          <lisID>1729</lisID>
          <gpoId>7983</gpoId>
        </identifiers>
        <bioguideId>V000128</bioguideId>
        <isOriginalCosponsor>True</isOriginalCosponsor>
        <sponsorshipWithdrawnDate />
        <firstName>Chris</firstName>
        <state>MD</state>
        <party>D</party>
        <sponsorshipDate>2019-09-26</sponsorshipDate>
      </item>
      <item>
        <middleName />
        <lastName>WYDEN</lastName>
        <fullName>Sen. Wyden, Ron [D-OR]</fullName>
        <identifiers>
          <gpoId>8265</gpoId>
          <bioguideId>W000779</bioguideId>
          <lisID>1247</lisID>
        </identifiers>
        <bioguideId>W000779</bioguideId>
        <isOriginalCosponsor>True</isOriginalCosponsor>
        <sponsorshipWithdrawnDate />
        <firstName>RON</firstName>
        <state>OR</state>
        <party>D</party>
        <sponsorshipDate>2019-09-26</sponsorshipDate>
      </item>
    </cosponsors>
    <cboCostEstimates />
    <textVersions>
      <item>
        <date>2019-09-26T04:00:00Z</date>
        <type>Agreed to Senate</type>
        <formats>
          <item>
            <url>https://www.govinfo.gov/content/pkg/BILLS-116sres349ats/xml/BILLS-116sres349ats.xml</url>
          </item>
        </formats>
      </item>
    </textVersions>
    <sponsors>
      <item>
        <middleName>Wood</middleName>
        <lastName>Hassan</lastName>
        <fullName>Sen. Hassan, Margaret Wood [D-NH]</fullName>
        <identifiers>
          <lisID>2302</lisID>
          <gpoId />
          <bioguideId>H001076</bioguideId>
        </identifiers>
        <bioguideId>H001076</bioguideId>
        <firstName>Margaret</firstName>
        <state>NH</state>
        <party>D</party>
        <byRequestType />
      </item>
    </sponsors>
    <relatedBills>
      <item>
        <congress>116</congress>
        <latestAction>
          <actionDate>2019-09-19</actionDate>
          <text>Referred to the House Committee on Energy and Commerce.</text>
        </latestAction>
        <number>567</number>
        <latestTitle>Supporting the designation of September 20, 2019, as "National Concussion Awareness Day".</latestTitle>
        <relationshipDetails>
          <item>
            <identifiedBy>CRS</identifiedBy>
            <type>Related bill</type>
          </item>
        </relationshipDetails>
        <type>HRES</type>
      </item>
    </relatedBills>
    <actions>
      <item>
        <actionDate>2019-09-26</actionDate>
        <committee />
        <links>
          <link>
            <url>https://www.congress.gov/congressional-record/volume-165/senate-section/page/S5754-5755</url>
            <name>S5754-5755</name>
          </link>
          <link>
            <url>https://www.congress.gov/congressional-record/volume-165/senate-section/page/S5760</url>
            <name>S5760</name>
          </link>
        </links>
        <sourceSystem>
          <name>Senate</name>
          <code>0</code>
        </sourceSystem>
        <text>Submitted in the Senate, considered, and agreed to without amendment and with a preamble by Voice Vote. (consideration: CR S5760; text: CR S5754-5755)</text>
        <type>Floor</type>
      </item>
      <item>
        <links>
          <link>
            <url>https://www.congress.gov/congressional-record/volume-165/senate-section/page/S5754-5755</url>
            <name>S5754-5755</name>
          </link>
          <link>
            <url>https://www.congress.gov/congressional-record/volume-165/senate-section/page/S5760</url>
            <name>S5760</name>
          </link>
        </links>
        <actionDate>2019-09-26</actionDate>
        <sourceSystem>
          <name>Library of Congress</name>
          <code>9</code>
        </sourceSystem>
        <type>Floor</type>
        <actionCode>17000</actionCode>
        <text>Passed/agreed to in Senate: Submitted in the Senate, considered, and agreed to without amendment and with a preamble by Voice Vote.(consideration: CR S5760; text: CR S5754-5755)</text>
        <committee />
      </item>
      <item>
        <links />
        <actionDate>2019-09-26</actionDate>
        <sourceSystem>
          <name>Library of Congress</name>
          <code>9</code>
        </sourceSystem>
        <type>IntroReferral</type>
        <actionCode>10000</actionCode>
        <text>Introduced in Senate</text>
        <committee />
      </item>
      <actionTypeCounts>
        <passedOrAgreedToInSenateDayOf>1</passedOrAgreedToInSenateDayOf>
        <passedAgreedToInSenate>1</passedAgreedToInSenate>
        <introducedInSenate>1</introducedInSenate>
      </actionTypeCounts>
      <actionByCounts>
        <senate>3</senate>
      </actionByCounts>
    </actions>
    <policyArea>
      <name>Health</name>
    </policyArea>
    <recordedVotes />
    <originChamber>Senate</originChamber>
    <committeeReports />
    <version>1.0.0</version>
    <committees>
      <billCommittees />
    </committees>
    <calendarNumbers />
    <laws />
    <updateDate>2019-10-16T08:29:53Z</updateDate>
    <subjects>
      <billSubjects>
        <legislativeSubjects>
          <item>
            <name>Commemorative events and holidays</name>
          </item>
          <item>
            <name>Congressional tributes</name>
          </item>
          <item>
            <name>Health promotion and preventive care</name>
          </item>
          <item>
            <name>Medical research</name>
          </item>
          <item>
            <name>Neurological disorders</name>
          </item>
        </legislativeSubjects>
        <policyArea>
          <name>Health</name>
        </policyArea>
      </billSubjects>
    </subjects>
    <introducedDate>2019-09-26</introducedDate>
    <latestAction>
      <links />
      <actionDate>2019-09-26</actionDate>
      <text>Submitted in the Senate, considered, and agreed to without amendment and with a preamble by Voice Vote. (consideration: CR S5760; text: CR S5754-5755)</text>
    </latestAction>
  </bill>
  <dublinCore xmlns:dc="http://purl.org/dc/elements/1.1/">
    <dc:format>text/xml</dc:format>
    <dc:language>EN</dc:language>
    <dc:rights>Pursuant to Title 17 Section 105 of the United States Code, this file is not subject to copyright protection and is in the public domain.</dc:rights>
    <dc:contributor>Congressional Research Service, Library of Congress</dc:contributor>
    <dc:description>This file contains bill summaries and statuses for federal legislation. A bill summary describes the most significant provisions of a piece of legislation and details the effects the legislative text may have on current law and federal programs. Bill summaries are authored by the Congressional Research Service (CRS) of the Library of Congress. As stated in Public Law 91-510 (2 USC 166 (d)(6)), one of the duties of CRS is "to prepare summaries and digests of bills and resolutions of a public general nature introduced in the Senate or House of Representatives". For more information, refer to the User Guide that accompanies this file.</dc:description>
  </dublinCore>
</billStatus>

