<?xml version="1.0" encoding="UTF-8"?>
<billStatus>
  <bill>
    <version>1.0.0</version>
    <titles>
      <item>
        <titleType>Official Title as Introduced</titleType>
        <title>A resolution recognizing the month of October 2019 as "National Principals Month".</title>
        <parentTitleType />
        <chamberCode />
        <chamberName />
      </item>
      <item>
        <titleType>Display Title</titleType>
        <title>A resolution recognizing the month of October 2019 as "National Principals Month".</title>
        <parentTitleType />
        <chamberCode />
        <chamberName />
      </item>
    </titles>
    <recordedVotes />
    <originChamber>Senate</originChamber>
    <laws />
    <createDate>2019-10-25T04:42:29Z</createDate>
    <notes />
    <summaries>
      <billSummaries />
    </summaries>
    <policyArea>
      <name>Education</name>
    </policyArea>
    <updateDate>2019-10-31T09:59:04Z</updateDate>
    <committeeReports />
    <textVersions>
      <item>
        <date>2019-10-24T04:00:00Z</date>
        <type>Agreed to Senate</type>
        <formats>
          <item>
            <url>https://www.govinfo.gov/content/pkg/BILLS-116sres382ats/xml/BILLS-116sres382ats.xml</url>
          </item>
        </formats>
      </item>
    </textVersions>
    <sponsors>
      <item>
        <party>D</party>
        <middleName />
        <firstName>Tina</firstName>
        <fullName>Sen. Smith, Tina  [D-MN]</fullName>
        <state>MN</state>
        <byRequestType />
        <identifiers>
          <lisID>2365</lisID>
          <bioguideId>S001203</bioguideId>
          <gpoId />
        </identifiers>
        <lastName>Smith</lastName>
        <bioguideId>S001203</bioguideId>
      </item>
    </sponsors>
    <calendarNumbers />
    <cosponsors>
      <item>
        <party>R</party>
        <firstName>SUSAN</firstName>
        <bioguideId>C001035</bioguideId>
        <isOriginalCosponsor>True</isOriginalCosponsor>
        <fullName>Sen. Collins, Susan M. [R-ME]</fullName>
        <sponsorshipWithdrawnDate />
        <sponsorshipDate>2019-10-24</sponsorshipDate>
        <state>ME</state>
        <lastName>COLLINS</lastName>
        <middleName>MARGARET</middleName>
        <identifiers>
          <gpoId>8291</gpoId>
          <bioguideId>C001035</bioguideId>
          <lisID>1541</lisID>
        </identifiers>
      </item>
      <item>
        <party>D</party>
        <firstName>Joe</firstName>
        <bioguideId>M001183</bioguideId>
        <isOriginalCosponsor>True</isOriginalCosponsor>
        <fullName>Sen. Manchin, Joe, III [D-WV]</fullName>
        <sponsorshipWithdrawnDate />
        <sponsorshipDate>2019-10-24</sponsorshipDate>
        <state>WV</state>
        <lastName>Manchin</lastName>
        <middleName />
        <identifiers>
          <gpoId>8256</gpoId>
          <lisID>1983</lisID>
          <bioguideId>M001183</bioguideId>
        </identifiers>
      </item>
      <item>
        <party>R</party>
        <firstName>Mike</firstName>
        <bioguideId>B001310</bioguideId>
        <isOriginalCosponsor>True</isOriginalCosponsor>
        <fullName>Sen. Braun, Mike  [R-IN]</fullName>
        <sponsorshipWithdrawnDate />
        <sponsorshipDate>2019-10-24</sponsorshipDate>
        <state>IN</state>
        <lastName>Braun</lastName>
        <middleName />
        <identifiers>
          <lisID>2462</lisID>
          <gpoId />
          <bioguideId>B001310</bioguideId>
        </identifiers>
      </item>
      <item>
        <party>D</party>
        <firstName>BENJAMIN</firstName>
        <bioguideId>C000141</bioguideId>
        <isOriginalCosponsor>True</isOriginalCosponsor>
        <fullName>Sen. Cardin, Benjamin L. [D-MD]</fullName>
        <sponsorshipWithdrawnDate />
        <sponsorshipDate>2019-10-24</sponsorshipDate>
        <state>MD</state>
        <lastName>CARDIN</lastName>
        <middleName>L.</middleName>
        <identifiers>
          <gpoId>8287</gpoId>
          <lisID>174</lisID>
          <bioguideId>C000141</bioguideId>
        </identifiers>
      </item>
      <item>
        <party>R</party>
        <firstName>John</firstName>
        <bioguideId>B001236</bioguideId>
        <isOriginalCosponsor>True</isOriginalCosponsor>
        <fullName>Sen. Boozman, John [R-AR]</fullName>
        <sponsorshipWithdrawnDate />
        <sponsorshipDate>2019-10-24</sponsorshipDate>
        <state>AR</state>
        <lastName>Boozman</lastName>
        <middleName />
        <identifiers>
          <gpoId>8247</gpoId>
          <bioguideId>B001236</bioguideId>
          <lisID>1687</lisID>
        </identifiers>
      </item>
      <item>
        <party>I</party>
        <firstName>Angus</firstName>
        <bioguideId>K000383</bioguideId>
        <isOriginalCosponsor>True</isOriginalCosponsor>
        <fullName>Sen. King, Angus S., Jr. [I-ME]</fullName>
        <sponsorshipWithdrawnDate />
        <sponsorshipDate>2019-10-24</sponsorshipDate>
        <state>ME</state>
        <lastName>King</lastName>
        <middleName />
        <identifiers>
          <gpoId />
          <bioguideId>K000383</bioguideId>
          <lisID>2185</lisID>
        </identifiers>
      </item>
      <item>
        <party>R</party>
        <firstName>PAT</firstName>
        <bioguideId>R000307</bioguideId>
        <isOriginalCosponsor>True</isOriginalCosponsor>
        <fullName>Sen. Roberts, Pat [R-KS]</fullName>
        <sponsorshipWithdrawnDate />
        <sponsorshipDate>2019-10-24</sponsorshipDate>
        <state>KS</state>
        <lastName>ROBERTS</lastName>
        <middleName />
        <identifiers>
          <lisID>968</lisID>
          <bioguideId>R000307</bioguideId>
          <gpoId>8275</gpoId>
        </identifiers>
      </item>
      <item>
        <party>D</party>
        <firstName>RICHARD</firstName>
        <bioguideId>D000563</bioguideId>
        <isOriginalCosponsor>True</isOriginalCosponsor>
        <fullName>Sen. Durbin, Richard J. [D-IL]</fullName>
        <sponsorshipWithdrawnDate />
        <sponsorshipDate>2019-10-24</sponsorshipDate>
        <state>IL</state>
        <lastName>DURBIN</lastName>
        <middleName>J.</middleName>
        <identifiers>
          <lisID>326</lisID>
          <bioguideId>D000563</bioguideId>
          <gpoId>8326</gpoId>
        </identifiers>
      </item>
      <item>
        <party>D</party>
        <firstName>THOMAS</firstName>
        <bioguideId>C000174</bioguideId>
        <isOriginalCosponsor>True</isOriginalCosponsor>
        <fullName>Sen. Carper, Thomas R. [D-DE]</fullName>
        <sponsorshipWithdrawnDate />
        <sponsorshipDate>2019-10-24</sponsorshipDate>
        <state>DE</state>
        <lastName>CARPER</lastName>
        <middleName>R.</middleName>
        <identifiers>
          <gpoId>8283</gpoId>
          <bioguideId>C000174</bioguideId>
          <lisID>179</lisID>
        </identifiers>
      </item>
      <item>
        <party>D</party>
        <firstName>Cory</firstName>
        <bioguideId>B001288</bioguideId>
        <isOriginalCosponsor>True</isOriginalCosponsor>
        <fullName>Sen. Booker, Cory A. [D-NJ]</fullName>
        <sponsorshipWithdrawnDate />
        <sponsorshipDate>2019-10-24</sponsorshipDate>
        <state>NJ</state>
        <lastName>Booker</lastName>
        <middleName>A.</middleName>
        <identifiers>
          <gpoId />
          <bioguideId>B001288</bioguideId>
          <lisID>2194</lisID>
        </identifiers>
      </item>
      <item>
        <party>D</party>
        <firstName>Mazie</firstName>
        <bioguideId>H001042</bioguideId>
        <isOriginalCosponsor>True</isOriginalCosponsor>
        <fullName>Sen. Hirono, Mazie K. [D-HI]</fullName>
        <sponsorshipWithdrawnDate />
        <sponsorshipDate>2019-10-24</sponsorshipDate>
        <state>HI</state>
        <lastName>Hirono</lastName>
        <middleName>K.</middleName>
        <identifiers>
          <lisID>1844</lisID>
          <gpoId>7913</gpoId>
          <bioguideId>H001042</bioguideId>
        </identifiers>
      </item>
    </cosponsors>
    <congress>116</congress>
    <subjects>
      <billSubjects>
        <legislativeSubjects />
        <policyArea>
          <name>Education</name>
        </policyArea>
      </billSubjects>
    </subjects>
    <latestAction>
      <text>Submitted in the Senate, considered, and agreed to without amendment and with a preamble by Voice Vote. (consideration: CR S6177; text: CR S6162)</text>
      <links />
      <actionDate>2019-10-24</actionDate>
    </latestAction>
    <billType>SRES</billType>
    <billNumber>382</billNumber>
    <cboCostEstimates />
    <relatedBills />
    <committees>
      <billCommittees />
    </committees>
    <actions>
      <actionByCounts>
        <senate>3</senate>
      </actionByCounts>
      <actionTypeCounts>
        <passedOrAgreedToInSenateDayOf>1</passedOrAgreedToInSenateDayOf>
        <passedAgreedToInSenate>1</passedAgreedToInSenate>
        <introducedInSenate>1</introducedInSenate>
      </actionTypeCounts>
      <item>
        <actionDate>2019-10-24</actionDate>
        <committee />
        <links>
          <link>
            <name>S6162</name>
            <url>https://www.congress.gov/congressional-record/volume-165/senate-section/page/S6162</url>
          </link>
          <link>
            <name>S6177</name>
            <url>https://www.congress.gov/congressional-record/volume-165/senate-section/page/S6177</url>
          </link>
        </links>
        <sourceSystem>
          <name>Senate</name>
          <code>0</code>
        </sourceSystem>
        <text>Submitted in the Senate, considered, and agreed to without amendment and with a preamble by Voice Vote. (consideration: CR S6177; text: CR S6162)</text>
        <type>Floor</type>
      </item>
      <item>
        <links>
          <link>
            <name>S6162</name>
            <url>https://www.congress.gov/congressional-record/volume-165/senate-section/page/S6162</url>
          </link>
          <link>
            <name>S6177</name>
            <url>https://www.congress.gov/congressional-record/volume-165/senate-section/page/S6177</url>
          </link>
        </links>
        <text>Passed/agreed to in Senate: Submitted in the Senate, considered, and agreed to without amendment and with a preamble by Voice Vote.(consideration: CR S6177; text: CR S6162)</text>
        <type>Floor</type>
        <sourceSystem>
          <name>Library of Congress</name>
          <code>9</code>
        </sourceSystem>
        <committee />
        <actionCode>17000</actionCode>
        <actionDate>2019-10-24</actionDate>
      </item>
      <item>
        <links />
        <text>Introduced in Senate</text>
        <type>IntroReferral</type>
        <sourceSystem>
          <name>Library of Congress</name>
          <code>9</code>
        </sourceSystem>
        <committee />
        <actionCode>10000</actionCode>
        <actionDate>2019-10-24</actionDate>
      </item>
    </actions>
    <title>A resolution recognizing the month of October 2019 as "National Principals Month".</title>
    <introducedDate>2019-10-24</introducedDate>
    <amendments />
  </bill>
  <dublinCore xmlns:dc="http://purl.org/dc/elements/1.1/">
    <dc:format>text/xml</dc:format>
    <dc:language>EN</dc:language>
    <dc:rights>Pursuant to Title 17 Section 105 of the United States Code, this file is not subject to copyright protection and is in the public domain.</dc:rights>
    <dc:contributor>Congressional Research Service, Library of Congress</dc:contributor>
    <dc:description>This file contains bill summaries and statuses for federal legislation. A bill summary describes the most significant provisions of a piece of legislation and details the effects the legislative text may have on current law and federal programs. Bill summaries are authored by the Congressional Research Service (CRS) of the Library of Congress. As stated in Public Law 91-510 (2 USC 166 (d)(6)), one of the duties of CRS is "to prepare summaries and digests of bills and resolutions of a public general nature introduced in the Senate or House of Representatives". For more information, refer to the User Guide that accompanies this file.</dc:description>
  </dublinCore>
</billStatus>

