<?xml version="1.0" encoding="UTF-8"?>
<billStatus>
  <bill>
    <textVersions>
      <item>
        <date>2019-11-14T05:00:00Z</date>
        <type>Agreed to Senate</type>
        <formats>
          <item>
            <url>https://www.govinfo.gov/content/pkg/BILLS-116sres393ats/xml/BILLS-116sres393ats.xml</url>
          </item>
        </formats>
      </item>
      <item>
        <date>2019-10-31T04:00:00Z</date>
        <type>Introduced in Senate</type>
        <formats>
          <item>
            <url>https://www.govinfo.gov/content/pkg/BILLS-116sres393is/xml/BILLS-116sres393is.xml</url>
          </item>
        </formats>
      </item>
    </textVersions>
    <title>A resolution recognizing the historical, cultural, and religious significance of the 550th birthday of Guru Nanak and the contributions and sacrifices made by Sikhs of the United States.</title>
    <version>1.0.0</version>
    <originChamber>Senate</originChamber>
    <titles>
      <item>
        <parentTitleType />
        <chamberCode />
        <titleType>Official Title as Introduced</titleType>
        <chamberName />
        <title>A resolution recognizing the historical, cultural, and religious significance of the 550th birthday of Guru Nanak and the contributions and sacrifices made by Sikhs of the United States.</title>
      </item>
      <item>
        <parentTitleType />
        <chamberCode />
        <titleType>Display Title</titleType>
        <chamberName />
        <title>A resolution recognizing the historical, cultural, and religious significance of the 550th birthday of Guru Nanak and the contributions and sacrifices made by Sikhs of the United States.</title>
      </item>
    </titles>
    <summaries>
      <billSummaries>
        <item>
          <actionDesc>Introduced in Senate</actionDesc>
          <versionCode>00</versionCode>
          <actionDate>2019-10-31</actionDate>
          <name>Introduced in Senate</name>
          <text><![CDATA[<p>This resolution recognizes the contributions and sacrifices made by Sikhs of the United States and expresses respect for all Sikhs who practice their faith.</p> <p>The resolution also recognizes the historical, cultural, and religious significance of Guru Nanak's 550th birthday.</p> <p>Additionally, the resolution recognizes the discrimination Sikhs of the United States have faced.</p>]]></text>
          <updateDate>2019-10-31T04:00:00Z</updateDate>
          <lastSummaryUpdateDate>2019-11-21T15:24:09Z</lastSummaryUpdateDate>
        </item>
        <item>
          <actionDesc>Passed Senate</actionDesc>
          <versionCode>55</versionCode>
          <actionDate>2019-11-14</actionDate>
          <name>Passed Senate</name>
          <text><![CDATA[<p>This resolution recognizes the contributions and sacrifices made by Sikhs of the United States and expresses respect for all Sikhs who practice their faith.</p> <p>The resolution also recognizes the historical, cultural, and religious significance of Guru Nanak's 550th birthday.</p> <p>Additionally, the resolution recognizes the discrimination Sikhs of the United States have faced.</p>]]></text>
          <updateDate>2019-11-14T15:22:10Z</updateDate>
          <lastSummaryUpdateDate>2019-11-25T21:29:19Z</lastSummaryUpdateDate>
        </item>
      </billSummaries>
    </summaries>
    <createDate>2019-11-01T04:57:36Z</createDate>
    <committeeReports />
    <policyArea>
      <name>Civil Rights and Liberties, Minority Issues</name>
    </policyArea>
    <actions>
      <actionTypeCounts>
        <senateCommitteeDischarged>1</senateCommitteeDischarged>
        <introducedInSenate>1</introducedInSenate>
        <agreedToInSenate>1</agreedToInSenate>
        <passedAgreedToInSenate>1</passedAgreedToInSenate>
        <referredToCommittee>1</referredToCommittee>
        <committeeDischarged>1</committeeDischarged>
      </actionTypeCounts>
      <actionByCounts>
        <senate>6</senate>
      </actionByCounts>
      <item>
        <actionDate>2019-11-14</actionDate>
        <committee />
        <links>
          <link>
            <url>https://www.congress.gov/congressional-record/volume-165/senate-section/page/S6339</url>
            <name>CR 10/31/2019 S6339</name>
          </link>
        </links>
        <sourceSystem>
          <name>Senate</name>
          <code>0</code>
        </sourceSystem>
        <text>Resolution agreed to in Senate without amendment and with a preamble by Unanimous Consent. (text: CR 10/31/2019 S6339)</text>
        <type>Floor</type>
      </item>
      <item>
        <links>
          <link>
            <url>https://www.congress.gov/congressional-record/volume-165/senate-section/page/S6339</url>
            <name>CR 10/31/2019 S6339</name>
          </link>
        </links>
        <actionDate>2019-11-14</actionDate>
        <sourceSystem>
          <name>Library of Congress</name>
          <code>9</code>
        </sourceSystem>
        <actionCode>17000</actionCode>
        <type>Floor</type>
        <committee />
        <text>Passed/agreed to in Senate: Resolution agreed to in Senate without amendment and with a preamble by Unanimous Consent.(text: CR 10/31/2019 S6339)</text>
      </item>
      <item>
        <actionDate>2019-11-14</actionDate>
        <committee>
          <name>Judiciary Committee</name>
          <systemCode>ssju00</systemCode>
        </committee>
        <links>
          <link>
            <url>https://www.congress.gov/congressional-record/volume-165/senate-section/page/S6614</url>
            <name>S6614</name>
          </link>
        </links>
        <sourceSystem>
          <name>Senate</name>
          <code>0</code>
        </sourceSystem>
        <text>Senate Committee on the Judiciary discharged by Unanimous Consent. (consideration: CR S6614)</text>
        <type>Discharge</type>
      </item>
      <item>
        <links>
          <link>
            <url>https://www.congress.gov/congressional-record/volume-165/senate-section/page/S6614</url>
            <name>S6614</name>
          </link>
        </links>
        <actionDate>2019-11-14</actionDate>
        <sourceSystem>
          <name>Library of Congress</name>
          <code>9</code>
        </sourceSystem>
        <actionCode>14500</actionCode>
        <type>Committee</type>
        <committee>
          <name>Judiciary Committee</name>
          <systemCode>ssju00</systemCode>
        </committee>
        <text>Senate Committee on the Judiciary discharged by Unanimous Consent.(consideration: CR S6614)</text>
      </item>
      <item>
        <actionDate>2019-10-31</actionDate>
        <committee>
          <name>Judiciary Committee</name>
          <systemCode>ssju00</systemCode>
        </committee>
        <links />
        <sourceSystem>
          <name>Senate</name>
          <code>0</code>
        </sourceSystem>
        <text>Referred to the Committee on the Judiciary.</text>
        <type>IntroReferral</type>
      </item>
      <item>
        <links />
        <actionDate>2019-10-31</actionDate>
        <sourceSystem>
          <name>Library of Congress</name>
          <code>9</code>
        </sourceSystem>
        <actionCode>10000</actionCode>
        <type>IntroReferral</type>
        <committee />
        <text>Introduced in Senate</text>
      </item>
    </actions>
    <updateDate>2019-11-25T21:30:35Z</updateDate>
    <cboCostEstimates />
    <billNumber>393</billNumber>
    <sponsors>
      <item>
        <party>R</party>
        <middleName />
        <identifiers>
          <gpoId>7948</gpoId>
          <lisID>2019</lisID>
          <bioguideId>Y000064</bioguideId>
        </identifiers>
        <fullName>Sen. Young, Todd [R-IN]</fullName>
        <bioguideId>Y000064</bioguideId>
        <firstName>Todd</firstName>
        <byRequestType />
        <lastName>Young</lastName>
        <state>IN</state>
      </item>
    </sponsors>
    <billType>SRES</billType>
    <cosponsors>
      <item>
        <middleName>L.</middleName>
        <sponsorshipDate>2019-10-31</sponsorshipDate>
        <bioguideId>C000141</bioguideId>
        <fullName>Sen. Cardin, Benjamin L. [D-MD]</fullName>
        <identifiers>
          <gpoId>8287</gpoId>
          <lisID>174</lisID>
          <bioguideId>C000141</bioguideId>
        </identifiers>
        <firstName>BENJAMIN</firstName>
        <lastName>CARDIN</lastName>
        <state>MD</state>
        <sponsorshipWithdrawnDate />
        <isOriginalCosponsor>True</isOriginalCosponsor>
        <party>D</party>
      </item>
    </cosponsors>
    <notes />
    <relatedBills>
      <item>
        <relationshipDetails>
          <item>
            <type>Related bill</type>
            <identifiedBy>CRS</identifiedBy>
          </item>
        </relationshipDetails>
        <type>SRES</type>
        <congress>116</congress>
        <latestTitle>A resolution recognizing the historical, cultural, and religious significance of Sikh Americans, and for other purposes.</latestTitle>
        <number>427</number>
        <latestAction>
          <actionDate>2019-11-14</actionDate>
          <text>Referred to the Committee on the Judiciary. (text: CR S6612-6613)</text>
        </latestAction>
      </item>
      <item>
        <relationshipDetails>
          <item>
            <type>Related bill</type>
            <identifiedBy>CRS</identifiedBy>
          </item>
        </relationshipDetails>
        <type>HRES</type>
        <congress>116</congress>
        <latestTitle>Recognizing the significance of the 550th birth anniversary of Guru Nanak, the founder of Sikhism, to Sikh Americans and Sikhs worldwide.</latestTitle>
        <number>689</number>
        <latestAction>
          <actionDate>2019-11-12</actionDate>
          <text>Referred to the House Committee on Oversight and Reform.</text>
        </latestAction>
      </item>
      <item>
        <relationshipDetails>
          <item>
            <type>Related bill</type>
            <identifiedBy>CRS</identifiedBy>
          </item>
        </relationshipDetails>
        <type>HRES</type>
        <congress>116</congress>
        <latestTitle>Recognizing the historical, cultural, and religious significance of the 550th birthday of Guru Nanak and the contributions and sacrifices made by Sikhs of the United States.</latestTitle>
        <number>680</number>
        <latestAction>
          <actionDate>2019-11-08</actionDate>
          <text>Referred to the House Committee on Oversight and Reform.</text>
        </latestAction>
      </item>
      <item>
        <relationshipDetails>
          <item>
            <type>Related bill</type>
            <identifiedBy>CRS</identifiedBy>
          </item>
        </relationshipDetails>
        <type>HRES</type>
        <congress>116</congress>
        <latestTitle>Recognizing the historical, cultural, and religious significance of Sikh Americans, and for other purposes.</latestTitle>
        <number>538</number>
        <latestAction>
          <actionDate>2019-08-06</actionDate>
          <text>Referred to the House Committee on Oversight and Reform.</text>
        </latestAction>
      </item>
    </relatedBills>
    <amendments />
    <committees>
      <billCommittees>
        <item>
          <systemCode>ssju00</systemCode>
          <name>Judiciary Committee</name>
          <type>Standing</type>
          <subcommittees />
          <chamber>Senate</chamber>
          <activities>
            <item>
              <name>Discharged from</name>
              <date>2019-11-14T21:00:11Z</date>
            </item>
            <item>
              <name>Referred to</name>
              <date>2019-10-31T18:35:26Z</date>
            </item>
          </activities>
        </item>
      </billCommittees>
    </committees>
    <subjects>
      <billSubjects>
        <policyArea>
          <name>Civil Rights and Liberties, Minority Issues</name>
        </policyArea>
        <legislativeSubjects>
          <item>
            <name>Asia</name>
          </item>
          <item>
            <name>Commemorative events and holidays</name>
          </item>
          <item>
            <name>Congressional tributes</name>
          </item>
          <item>
            <name>Racial and ethnic relations</name>
          </item>
          <item>
            <name>Religion</name>
          </item>
        </legislativeSubjects>
      </billSubjects>
    </subjects>
    <latestAction>
      <links />
      <actionDate>2019-11-14</actionDate>
      <text>Resolution agreed to in Senate without amendment and with a preamble by Unanimous Consent. (text: CR 10/31/2019 S6339)</text>
    </latestAction>
    <laws />
    <calendarNumbers />
    <recordedVotes />
    <introducedDate>2019-10-31</introducedDate>
    <congress>116</congress>
  </bill>
  <dublinCore xmlns:dc="http://purl.org/dc/elements/1.1/">
    <dc:format>text/xml</dc:format>
    <dc:language>EN</dc:language>
    <dc:rights>Pursuant to Title 17 Section 105 of the United States Code, this file is not subject to copyright protection and is in the public domain.</dc:rights>
    <dc:contributor>Congressional Research Service, Library of Congress</dc:contributor>
    <dc:description>This file contains bill summaries and statuses for federal legislation. A bill summary describes the most significant provisions of a piece of legislation and details the effects the legislative text may have on current law and federal programs. Bill summaries are authored by the Congressional Research Service (CRS) of the Library of Congress. As stated in Public Law 91-510 (2 USC 166 (d)(6)), one of the duties of CRS is "to prepare summaries and digests of bills and resolutions of a public general nature introduced in the Senate or House of Representatives". For more information, refer to the User Guide that accompanies this file.</dc:description>
  </dublinCore>
</billStatus>

