<?xml version="1.0" encoding="UTF-8"?>
<billStatus>
  <bill>
    <committees>
      <billCommittees>
        <item>
          <systemCode>ssju00</systemCode>
          <subcommittees />
          <chamber>Senate</chamber>
          <type>Standing</type>
          <name>Judiciary Committee</name>
          <activities>
            <item>
              <date>2019-07-31T16:26:26Z</date>
              <name>Discharged from</name>
            </item>
            <item>
              <date>2019-07-25T19:05:51Z</date>
              <name>Referred to</name>
            </item>
          </activities>
        </item>
      </billCommittees>
    </committees>
    <billType>SRES</billType>
    <recordedVotes />
    <billNumber>285</billNumber>
    <policyArea>
      <name>Transportation and Public Works</name>
    </policyArea>
    <updateDate>2019-11-13T11:02:44Z</updateDate>
    <originChamber>Senate</originChamber>
    <titles>
      <item>
        <titleType>Official Title as Introduced</titleType>
        <chamberName />
        <parentTitleType />
        <chamberCode />
        <title>A resolution designating September 2019 as "School Bus Safety Month".</title>
      </item>
      <item>
        <titleType>Display Title</titleType>
        <chamberName />
        <parentTitleType />
        <chamberCode />
        <title>A resolution designating September 2019 as "School Bus Safety Month".</title>
      </item>
    </titles>
    <laws />
    <latestAction>
      <text>Resolution agreed to in Senate without amendment and with a preamble by Unanimous Consent. (text: CR 7/25/2019 S5112-5113)</text>
      <actionDate>2019-07-31</actionDate>
      <links />
    </latestAction>
    <amendments />
    <congress>116</congress>
    <title>A resolution designating September 2019 as "School Bus Safety Month".</title>
    <relatedBills />
    <notes />
    <introducedDate>2019-07-25</introducedDate>
    <subjects>
      <billSubjects>
        <policyArea>
          <name>Transportation and Public Works</name>
        </policyArea>
        <legislativeSubjects>
          <item>
            <name>Child safety and welfare</name>
          </item>
          <item>
            <name>Commemorative events and holidays</name>
          </item>
          <item>
            <name>Elementary and secondary education</name>
          </item>
          <item>
            <name>Motor carriers</name>
          </item>
          <item>
            <name>Motor vehicles</name>
          </item>
          <item>
            <name>Transportation safety and security</name>
          </item>
        </legislativeSubjects>
      </billSubjects>
    </subjects>
    <calendarNumbers />
    <summaries>
      <billSummaries>
        <item>
          <text><![CDATA[<p>This resolution designates September 2019 as School Bus Safety Month.</p>]]></text>
          <versionCode>00</versionCode>
          <lastSummaryUpdateDate>2019-11-04T12:49:23Z</lastSummaryUpdateDate>
          <actionDesc>Introduced in Senate</actionDesc>
          <actionDate>2019-07-25</actionDate>
          <name>Introduced in Senate</name>
          <updateDate>2019-07-25T04:00:00Z</updateDate>
        </item>
        <item>
          <text><![CDATA[<p>This resolution designates September 2019 as School Bus Safety Month.</p>]]></text>
          <versionCode>55</versionCode>
          <lastSummaryUpdateDate>2019-11-07T19:09:00Z</lastSummaryUpdateDate>
          <actionDesc>Passed Senate</actionDesc>
          <actionDate>2019-07-31</actionDate>
          <name>Passed Senate</name>
          <updateDate>2019-07-31T12:28:04Z</updateDate>
        </item>
      </billSummaries>
    </summaries>
    <actions>
      <actionByCounts>
        <senate>6</senate>
      </actionByCounts>
      <item>
        <actionDate>2019-07-31</actionDate>
        <committee />
        <links>
          <link>
            <url>https://www.congress.gov/congressional-record/volume-165/senate-section/page/S5112</url>
            <name>CR 7/25/2019 S5112</name>
          </link>
        </links>
        <sourceSystem>
          <name>Senate</name>
          <code>0</code>
        </sourceSystem>
        <text>Resolution agreed to in Senate without amendment and with a preamble by Unanimous Consent. (text: CR 7/25/2019 S5112-5113)</text>
        <type>Floor</type>
      </item>
      <item>
        <committee />
        <actionDate>2019-07-31</actionDate>
        <links>
          <link>
            <url>https://www.congress.gov/congressional-record/volume-165/senate-section/page/S5112</url>
            <name>CR 7/25/2019 S5112</name>
          </link>
        </links>
        <text>Passed/agreed to in Senate: Resolution agreed to in Senate without amendment and with a preamble by Unanimous Consent.(text: CR 7/25/2019 S5112-5113)</text>
        <sourceSystem>
          <name>Library of Congress</name>
          <code>9</code>
        </sourceSystem>
        <actionCode>17000</actionCode>
        <type>Floor</type>
      </item>
      <item>
        <actionDate>2019-07-31</actionDate>
        <committee>
          <name>Judiciary Committee</name>
          <systemCode>ssju00</systemCode>
        </committee>
        <links>
          <link>
            <url>https://www.congress.gov/congressional-record/volume-165/senate-section/page/S5218</url>
            <name>S5218</name>
          </link>
        </links>
        <sourceSystem>
          <name>Senate</name>
          <code>0</code>
        </sourceSystem>
        <text>Senate Committee on the Judiciary discharged by Unanimous Consent. (consideration: CR S5218)</text>
        <type>Discharge</type>
      </item>
      <item>
        <committee>
          <name>Judiciary Committee</name>
          <systemCode>ssju00</systemCode>
        </committee>
        <actionDate>2019-07-31</actionDate>
        <links>
          <link>
            <url>https://www.congress.gov/congressional-record/volume-165/senate-section/page/S5218</url>
            <name>S5218</name>
          </link>
        </links>
        <text>Senate Committee on the Judiciary discharged by Unanimous Consent.(consideration: CR S5218)</text>
        <sourceSystem>
          <name>Library of Congress</name>
          <code>9</code>
        </sourceSystem>
        <actionCode>14500</actionCode>
        <type>Committee</type>
      </item>
      <item>
        <actionDate>2019-07-25</actionDate>
        <committee>
          <name>Judiciary Committee</name>
          <systemCode>ssju00</systemCode>
        </committee>
        <links />
        <sourceSystem>
          <name>Senate</name>
          <code>0</code>
        </sourceSystem>
        <text>Referred to the Committee on the Judiciary.</text>
        <type>IntroReferral</type>
      </item>
      <item>
        <committee />
        <actionDate>2019-07-25</actionDate>
        <links />
        <text>Introduced in Senate</text>
        <sourceSystem>
          <name>Library of Congress</name>
          <code>9</code>
        </sourceSystem>
        <actionCode>10000</actionCode>
        <type>IntroReferral</type>
      </item>
      <actionTypeCounts>
        <passedAgreedToInSenate>1</passedAgreedToInSenate>
        <senateCommitteeDischarged>1</senateCommitteeDischarged>
        <referredToCommittee>1</referredToCommittee>
        <introducedInSenate>1</introducedInSenate>
        <committeeDischarged>1</committeeDischarged>
        <agreedToInSenate>1</agreedToInSenate>
      </actionTypeCounts>
    </actions>
    <committeeReports />
    <version>1.0.0</version>
    <sponsors>
      <item>
        <fullName>Sen. Fischer, Deb [R-NE]</fullName>
        <party>R</party>
        <identifiers>
          <gpoId />
          <bioguideId>F000463</bioguideId>
          <lisID>2179</lisID>
        </identifiers>
        <bioguideId>F000463</bioguideId>
        <lastName>Fischer</lastName>
        <firstName>Deb</firstName>
        <middleName />
        <byRequestType />
        <state>NE</state>
      </item>
    </sponsors>
    <textVersions>
      <item>
        <type>Agreed to Senate</type>
        <date>2019-07-31T04:00:00Z</date>
        <formats>
          <item>
            <url>https://www.govinfo.gov/content/pkg/BILLS-116sres285ats/xml/BILLS-116sres285ats.xml</url>
          </item>
        </formats>
      </item>
      <item>
        <type>Introduced in Senate</type>
        <date>2019-07-25T04:00:00Z</date>
        <formats>
          <item>
            <url>https://www.govinfo.gov/content/pkg/BILLS-116sres285is/xml/BILLS-116sres285is.xml</url>
          </item>
        </formats>
      </item>
    </textVersions>
    <cosponsors>
      <item>
        <fullName>Sen. Duckworth, Tammy [D-IL]</fullName>
        <party>D</party>
        <identifiers>
          <lisID>2123</lisID>
          <bioguideId>D000622</bioguideId>
          <gpoId />
        </identifiers>
        <sponsorshipWithdrawnDate />
        <bioguideId>D000622</bioguideId>
        <lastName>Duckworth</lastName>
        <sponsorshipDate>2019-07-25</sponsorshipDate>
        <firstName>Tammy</firstName>
        <isOriginalCosponsor>True</isOriginalCosponsor>
        <state>IL</state>
        <middleName />
      </item>
      <item>
        <fullName>Sen. Warren, Elizabeth [D-MA]</fullName>
        <party>D</party>
        <identifiers>
          <gpoId />
          <bioguideId>W000817</bioguideId>
          <lisID>2182</lisID>
        </identifiers>
        <sponsorshipWithdrawnDate />
        <bioguideId>W000817</bioguideId>
        <lastName>Warren</lastName>
        <sponsorshipDate>2019-07-31</sponsorshipDate>
        <firstName>Elizabeth</firstName>
        <isOriginalCosponsor>False</isOriginalCosponsor>
        <state>MA</state>
        <middleName>A.</middleName>
      </item>
    </cosponsors>
    <cboCostEstimates />
    <createDate>2019-07-26T04:57:19Z</createDate>
  </bill>
  <dublinCore xmlns:dc="http://purl.org/dc/elements/1.1/">
    <dc:format>text/xml</dc:format>
    <dc:language>EN</dc:language>
    <dc:rights>Pursuant to Title 17 Section 105 of the United States Code, this file is not subject to copyright protection and is in the public domain.</dc:rights>
    <dc:contributor>Congressional Research Service, Library of Congress</dc:contributor>
    <dc:description>This file contains bill summaries and statuses for federal legislation. A bill summary describes the most significant provisions of a piece of legislation and details the effects the legislative text may have on current law and federal programs. Bill summaries are authored by the Congressional Research Service (CRS) of the Library of Congress. As stated in Public Law 91-510 (2 USC 166 (d)(6)), one of the duties of CRS is "to prepare summaries and digests of bills and resolutions of a public general nature introduced in the Senate or House of Representatives". For more information, refer to the User Guide that accompanies this file.</dc:description>
  </dublinCore>
</billStatus>

