<?xml version="1.0" encoding="UTF-8"?>
<billStatus>
  <bill>
    <policyArea>
      <name>Agriculture and Food</name>
    </policyArea>
    <version>1.0.0</version>
    <recordedVotes />
    <amendments />
    <relatedBills />
    <billNumber>403</billNumber>
    <subjects>
      <billSubjects>
        <policyArea>
          <name>Agriculture and Food</name>
        </policyArea>
        <legislativeSubjects>
          <item>
            <name>Agricultural marketing and promotion</name>
          </item>
          <item>
            <name>Child health</name>
          </item>
          <item>
            <name>Commemorative events and holidays</name>
          </item>
          <item>
            <name>Elementary and secondary education</name>
          </item>
          <item>
            <name>Food assistance and relief</name>
          </item>
          <item>
            <name>Nutrition and diet</name>
          </item>
        </legislativeSubjects>
      </billSubjects>
    </subjects>
    <textVersions>
      <item>
        <type>Agreed to Senate</type>
        <date>2019-10-31T04:00:00Z</date>
        <formats>
          <item>
            <url>https://www.govinfo.gov/content/pkg/BILLS-116sres403ats/xml/BILLS-116sres403ats.xml</url>
          </item>
        </formats>
      </item>
    </textVersions>
    <summaries>
      <billSummaries />
    </summaries>
    <billType>SRES</billType>
    <createDate>2019-11-01T04:57:37Z</createDate>
    <cosponsors>
      <item>
        <lastName>COLLINS</lastName>
        <fullName>Sen. Collins, Susan M. [R-ME]</fullName>
        <party>R</party>
        <isOriginalCosponsor>True</isOriginalCosponsor>
        <identifiers>
          <lisID>1541</lisID>
          <gpoId>8291</gpoId>
          <bioguideId>C001035</bioguideId>
        </identifiers>
        <firstName>SUSAN</firstName>
        <state>ME</state>
        <sponsorshipDate>2019-10-31</sponsorshipDate>
        <sponsorshipWithdrawnDate />
        <bioguideId>C001035</bioguideId>
        <middleName>MARGARET</middleName>
      </item>
      <item>
        <lastName>Brown</lastName>
        <fullName>Sen. Brown, Sherrod [D-OH]</fullName>
        <party>D</party>
        <isOriginalCosponsor>True</isOriginalCosponsor>
        <identifiers>
          <bioguideId>B000944</bioguideId>
          <lisID>136</lisID>
          <gpoId>8309</gpoId>
        </identifiers>
        <firstName>Sherrod</firstName>
        <state>OH</state>
        <sponsorshipDate>2019-10-31</sponsorshipDate>
        <sponsorshipWithdrawnDate />
        <bioguideId>B000944</bioguideId>
        <middleName />
      </item>
      <item>
        <lastName>Perdue</lastName>
        <fullName>Sen. Perdue, David [R-GA]</fullName>
        <party>R</party>
        <isOriginalCosponsor>True</isOriginalCosponsor>
        <identifiers>
          <lisID>2286</lisID>
          <bioguideId>P000612</bioguideId>
          <gpoId />
        </identifiers>
        <firstName>David</firstName>
        <state>GA</state>
        <sponsorshipDate>2019-10-31</sponsorshipDate>
        <sponsorshipWithdrawnDate />
        <bioguideId>P000612</bioguideId>
        <middleName>Alfred</middleName>
      </item>
    </cosponsors>
    <sponsors>
      <item>
        <bioguideId>L000174</bioguideId>
        <firstName>PATRICK</firstName>
        <middleName>JOSEPH</middleName>
        <identifiers>
          <bioguideId>L000174</bioguideId>
          <lisID>1383</lisID>
          <gpoId>8244</gpoId>
        </identifiers>
        <lastName>LEAHY</lastName>
        <byRequestType />
        <party>D</party>
        <state>VT</state>
        <fullName>Sen. Leahy, Patrick J. [D-VT]</fullName>
      </item>
    </sponsors>
    <titles>
      <item>
        <titleType>Official Title as Introduced</titleType>
        <chamberCode />
        <title>A resolution designating October 2019 as "National Farm to School Month".</title>
        <chamberName />
        <parentTitleType />
      </item>
      <item>
        <titleType>Display Title</titleType>
        <chamberCode />
        <title>A resolution designating October 2019 as "National Farm to School Month".</title>
        <chamberName />
        <parentTitleType />
      </item>
    </titles>
    <title>A resolution designating October 2019 as "National Farm to School Month".</title>
    <committeeReports />
    <updateDate>2019-11-07T11:02:22Z</updateDate>
    <cboCostEstimates />
    <laws />
    <notes />
    <introducedDate>2019-10-31</introducedDate>
    <congress>116</congress>
    <originChamber>Senate</originChamber>
    <latestAction>
      <actionDate>2019-10-31</actionDate>
      <links />
      <text>Submitted in the Senate, considered, and agreed to without amendment and with a preamble by Voice Vote. (consideration: CR S6357-6358; text: CR S6344)</text>
    </latestAction>
    <actions>
      <actionByCounts>
        <senate>3</senate>
      </actionByCounts>
      <item>
        <actionDate>2019-10-31</actionDate>
        <committee />
        <links>
          <link>
            <url>https://www.congress.gov/congressional-record/volume-165/senate-section/page/S6344</url>
            <name>S6344</name>
          </link>
          <link>
            <url>https://www.congress.gov/congressional-record/volume-165/senate-section/page/S6357-6358</url>
            <name>S6357-6358</name>
          </link>
        </links>
        <sourceSystem>
          <code>0</code>
          <name>Senate</name>
        </sourceSystem>
        <text>Submitted in the Senate, considered, and agreed to without amendment and with a preamble by Voice Vote. (consideration: CR S6357-6358; text: CR S6344)</text>
        <type>Floor</type>
      </item>
      <item>
        <sourceSystem>
          <code>9</code>
          <name>Library of Congress</name>
        </sourceSystem>
        <type>Floor</type>
        <text>Passed/agreed to in Senate: Submitted in the Senate, considered, and agreed to without amendment and with a preamble by Voice Vote.(consideration: CR S6357-6358; text: CR S6344)</text>
        <actionDate>2019-10-31</actionDate>
        <links>
          <link>
            <url>https://www.congress.gov/congressional-record/volume-165/senate-section/page/S6344</url>
            <name>S6344</name>
          </link>
          <link>
            <url>https://www.congress.gov/congressional-record/volume-165/senate-section/page/S6357-6358</url>
            <name>S6357-6358</name>
          </link>
        </links>
        <actionCode>17000</actionCode>
        <committee />
      </item>
      <item>
        <sourceSystem>
          <code>9</code>
          <name>Library of Congress</name>
        </sourceSystem>
        <type>IntroReferral</type>
        <text>Introduced in Senate</text>
        <actionDate>2019-10-31</actionDate>
        <links />
        <actionCode>10000</actionCode>
        <committee />
      </item>
      <actionTypeCounts>
        <passedAgreedToInSenate>1</passedAgreedToInSenate>
        <passedOrAgreedToInSenateDayOf>1</passedOrAgreedToInSenateDayOf>
        <introducedInSenate>1</introducedInSenate>
      </actionTypeCounts>
    </actions>
    <committees>
      <billCommittees />
    </committees>
    <calendarNumbers />
  </bill>
  <dublinCore xmlns:dc="http://purl.org/dc/elements/1.1/">
    <dc:format>text/xml</dc:format>
    <dc:language>EN</dc:language>
    <dc:rights>Pursuant to Title 17 Section 105 of the United States Code, this file is not subject to copyright protection and is in the public domain.</dc:rights>
    <dc:contributor>Congressional Research Service, Library of Congress</dc:contributor>
    <dc:description>This file contains bill summaries and statuses for federal legislation. A bill summary describes the most significant provisions of a piece of legislation and details the effects the legislative text may have on current law and federal programs. Bill summaries are authored by the Congressional Research Service (CRS) of the Library of Congress. As stated in Public Law 91-510 (2 USC 166 (d)(6)), one of the duties of CRS is "to prepare summaries and digests of bills and resolutions of a public general nature introduced in the Senate or House of Representatives". For more information, refer to the User Guide that accompanies this file.</dc:description>
  </dublinCore>
</billStatus>

