<?xml version="1.0" encoding="UTF-8"?>
<billStatus>
  <bill>
    <summaries>
      <billSummaries />
    </summaries>
    <congress>116</congress>
    <titles>
      <item>
        <parentTitleType />
        <chamberCode />
        <title>A resolution recognizing widening threats to freedoms of the press and expression around the world, reaffirming the centrality of a free and independent press to the health of democracy, and reaffirming freedom of the press as a priority of the United States in promoting democracy, human rights, and good governance in commemoration of World Press Freedom Day on May 3, 2019.</title>
        <titleType>Official Title as Introduced</titleType>
        <chamberName />
      </item>
      <item>
        <parentTitleType />
        <chamberCode />
        <title>A resolution recognizing widening threats to freedoms of the press and expression around the world, reaffirming the centrality of a free and independent press to the health of democracy, and reaffirming freedom of the press as a priority of the United States in promoting democracy, human rights, and good governance in commemoration of World Press Freedom Day on May 3, 2019.</title>
        <titleType>Display Title</titleType>
        <chamberName />
      </item>
    </titles>
    <billType>SRES</billType>
    <updateDate>2019-11-15T21:56:27Z</updateDate>
    <title>A resolution recognizing widening threats to freedoms of the press and expression around the world, reaffirming the centrality of a free and independent press to the health of democracy, and reaffirming freedom of the press as a priority of the United States in promoting democracy, human rights, and good governance in commemoration of World Press Freedom Day on May 3, 2019.</title>
    <recordedVotes />
    <committees>
      <billCommittees>
        <item>
          <subcommittees />
          <type>Standing</type>
          <systemCode>ssfr00</systemCode>
          <chamber>Senate</chamber>
          <name>Foreign Relations Committee</name>
          <activities>
            <item>
              <date>2019-05-01T21:10:18Z</date>
              <name>Referred to</name>
            </item>
          </activities>
        </item>
      </billCommittees>
    </committees>
    <actions>
      <actionByCounts>
        <senate>2</senate>
      </actionByCounts>
      <actionTypeCounts>
        <introducedInSenate>1</introducedInSenate>
        <referredToCommittee>1</referredToCommittee>
      </actionTypeCounts>
      <item>
        <actionDate>2019-05-01</actionDate>
        <committee>
          <name>Foreign Relations Committee</name>
          <systemCode>ssfr00</systemCode>
        </committee>
        <links>
          <link>
            <name>S2573-2574</name>
            <url>https://www.congress.gov/congressional-record/volume-165/senate-section/page/S2573-2574</url>
          </link>
          <link>
            <name>S2574-2575</name>
            <url>https://www.congress.gov/congressional-record/volume-165/senate-section/page/S2574-2575</url>
          </link>
        </links>
        <sourceSystem>
          <code>0</code>
          <name>Senate</name>
        </sourceSystem>
        <text>Referred to the Committee on Foreign Relations. (Sponsor introductory remarks on measure: CR S2574-2575; text: CR S2573-2574)</text>
        <type>IntroReferral</type>
      </item>
      <item>
        <type>IntroReferral</type>
        <actionDate>2019-05-01</actionDate>
        <actionCode>10000</actionCode>
        <text>Introduced in Senate</text>
        <links />
        <sourceSystem>
          <code>9</code>
          <name>Library of Congress</name>
        </sourceSystem>
        <committee />
      </item>
    </actions>
    <createDate>2019-05-02T04:42:09Z</createDate>
    <policyArea>
      <name>International Affairs</name>
    </policyArea>
    <originChamber>Senate</originChamber>
    <committeeReports />
    <version>1.0.0</version>
    <textVersions>
      <item>
        <formats>
          <item>
            <url>https://www.govinfo.gov/content/pkg/BILLS-116sres179is/xml/BILLS-116sres179is.xml</url>
          </item>
        </formats>
        <type>Introduced in Senate</type>
        <date>2019-05-01T04:00:00Z</date>
      </item>
    </textVersions>
    <billNumber>179</billNumber>
    <notes />
    <sponsors>
      <item>
        <firstName>Robert</firstName>
        <middleName />
        <lastName>Menendez</lastName>
        <identifiers>
          <lisID>791</lisID>
          <gpoId>8239</gpoId>
          <bioguideId>M000639</bioguideId>
        </identifiers>
        <bioguideId>M000639</bioguideId>
        <byRequestType />
        <state>NJ</state>
        <fullName>Sen. Menendez, Robert [D-NJ]</fullName>
        <party>D</party>
      </item>
    </sponsors>
    <calendarNumbers />
    <introducedDate>2019-05-01</introducedDate>
    <amendments />
    <subjects>
      <billSubjects>
        <policyArea>
          <name>International Affairs</name>
        </policyArea>
        <legislativeSubjects>
          <item>
            <name>Civil Rights and Liberties, Minority Issues</name>
          </item>
          <item>
            <name>Commemorative events and holidays</name>
          </item>
          <item>
            <name>Conflicts and wars</name>
          </item>
          <item>
            <name>Congressional oversight</name>
          </item>
          <item>
            <name>Congressional tributes</name>
          </item>
          <item>
            <name>Criminal investigation, prosecution, interrogation</name>
          </item>
          <item>
            <name>Diplomacy, foreign officials, Americans abroad</name>
          </item>
          <item>
            <name>Evidence and witnesses</name>
          </item>
          <item>
            <name>Government information and archives</name>
          </item>
          <item>
            <name>Human rights</name>
          </item>
          <item>
            <name>News media and reporting</name>
          </item>
          <item>
            <name>Rule of law and government transparency</name>
          </item>
          <item>
            <name>Sovereignty, recognition, national governance and status</name>
          </item>
          <item>
            <name>United Nations</name>
          </item>
          <item>
            <name>Violent crime</name>
          </item>
          <item>
            <name>Worker safety and health</name>
          </item>
        </legislativeSubjects>
      </billSubjects>
    </subjects>
    <laws />
    <cosponsors>
      <item>
        <bioguideId>R000595</bioguideId>
        <state>FL</state>
        <party>R</party>
        <fullName>Sen. Rubio, Marco [R-FL]</fullName>
        <lastName>Rubio</lastName>
        <sponsorshipWithdrawnDate />
        <isOriginalCosponsor>True</isOriginalCosponsor>
        <firstName>Marco</firstName>
        <identifiers>
          <lisID>2084</lisID>
          <gpoId>8242</gpoId>
          <bioguideId>R000595</bioguideId>
        </identifiers>
        <middleName />
        <sponsorshipDate>2019-05-01</sponsorshipDate>
      </item>
      <item>
        <bioguideId>C001070</bioguideId>
        <state>PA</state>
        <party>D</party>
        <fullName>Sen. Casey, Robert P., Jr. [D-PA]</fullName>
        <lastName>Casey</lastName>
        <sponsorshipWithdrawnDate />
        <isOriginalCosponsor>True</isOriginalCosponsor>
        <firstName>Bob</firstName>
        <identifiers>
          <lisID>1828</lisID>
          <gpoId>8282</gpoId>
          <bioguideId>C001070</bioguideId>
        </identifiers>
        <middleName />
        <sponsorshipDate>2019-05-01</sponsorshipDate>
      </item>
      <item>
        <bioguideId>M000934</bioguideId>
        <state>KS</state>
        <party>R</party>
        <fullName>Sen. Moran, Jerry [R-KS]</fullName>
        <lastName>Moran</lastName>
        <sponsorshipWithdrawnDate />
        <isOriginalCosponsor>True</isOriginalCosponsor>
        <firstName>Jerry</firstName>
        <identifiers>
          <bioguideId>M000934</bioguideId>
          <lisID>1507</lisID>
          <gpoId>8307</gpoId>
        </identifiers>
        <middleName />
        <sponsorshipDate>2019-05-01</sponsorshipDate>
      </item>
      <item>
        <bioguideId>M000133</bioguideId>
        <state>MA</state>
        <party>D</party>
        <fullName>Sen. Markey, Edward J. [D-MA]</fullName>
        <lastName>MARKEY</lastName>
        <sponsorshipWithdrawnDate />
        <isOriginalCosponsor>True</isOriginalCosponsor>
        <firstName>EDWARD</firstName>
        <identifiers>
          <lisID>735</lisID>
          <gpoId>7972</gpoId>
          <bioguideId>M000133</bioguideId>
        </identifiers>
        <middleName>J.</middleName>
        <sponsorshipDate>2019-05-01</sponsorshipDate>
      </item>
      <item>
        <bioguideId>C001056</bioguideId>
        <state>TX</state>
        <party>R</party>
        <fullName>Sen. Cornyn, John [R-TX]</fullName>
        <lastName>Cornyn</lastName>
        <sponsorshipWithdrawnDate />
        <isOriginalCosponsor>True</isOriginalCosponsor>
        <firstName>John</firstName>
        <identifiers>
          <lisID>1692</lisID>
          <gpoId>8295</gpoId>
          <bioguideId>C001056</bioguideId>
        </identifiers>
        <middleName />
        <sponsorshipDate>2019-05-01</sponsorshipDate>
      </item>
      <item>
        <bioguideId>C000141</bioguideId>
        <state>MD</state>
        <party>D</party>
        <fullName>Sen. Cardin, Benjamin L. [D-MD]</fullName>
        <lastName>CARDIN</lastName>
        <sponsorshipWithdrawnDate />
        <isOriginalCosponsor>True</isOriginalCosponsor>
        <firstName>BENJAMIN</firstName>
        <identifiers>
          <bioguideId>C000141</bioguideId>
          <gpoId>8287</gpoId>
          <lisID>174</lisID>
        </identifiers>
        <middleName>L.</middleName>
        <sponsorshipDate>2019-05-01</sponsorshipDate>
      </item>
      <item>
        <bioguideId>G000562</bioguideId>
        <state>CO</state>
        <party>R</party>
        <fullName>Sen. Gardner, Cory [R-CO]</fullName>
        <lastName>Gardner</lastName>
        <sponsorshipWithdrawnDate />
        <isOriginalCosponsor>True</isOriginalCosponsor>
        <firstName>Cory</firstName>
        <identifiers>
          <lisID>1998</lisID>
          <gpoId>7862</gpoId>
          <bioguideId>G000562</bioguideId>
        </identifiers>
        <middleName />
        <sponsorshipDate>2019-05-01</sponsorshipDate>
      </item>
      <item>
        <bioguideId>M001176</bioguideId>
        <state>OR</state>
        <party>D</party>
        <fullName>Sen. Merkley, Jeff [D-OR]</fullName>
        <lastName>Merkley</lastName>
        <sponsorshipWithdrawnDate />
        <isOriginalCosponsor>True</isOriginalCosponsor>
        <firstName>Jeff</firstName>
        <identifiers>
          <lisID>1900</lisID>
          <gpoId>8238</gpoId>
          <bioguideId>M001176</bioguideId>
        </identifiers>
        <middleName />
        <sponsorshipDate>2019-05-01</sponsorshipDate>
      </item>
      <item>
        <bioguideId>K000384</bioguideId>
        <state>VA</state>
        <party>D</party>
        <fullName>Sen. Kaine, Tim [D-VA]</fullName>
        <lastName>Kaine</lastName>
        <sponsorshipWithdrawnDate />
        <isOriginalCosponsor>True</isOriginalCosponsor>
        <firstName>Timothy</firstName>
        <identifiers>
          <lisID>2176</lisID>
          <gpoId />
          <bioguideId>K000384</bioguideId>
        </identifiers>
        <middleName />
        <sponsorshipDate>2019-05-01</sponsorshipDate>
      </item>
      <item>
        <bioguideId>S001181</bioguideId>
        <state>NH</state>
        <party>D</party>
        <fullName>Sen. Shaheen, Jeanne [D-NH]</fullName>
        <lastName>Shaheen</lastName>
        <sponsorshipWithdrawnDate />
        <isOriginalCosponsor>True</isOriginalCosponsor>
        <firstName>Jeanne</firstName>
        <identifiers>
          <lisID>1901</lisID>
          <gpoId>8276</gpoId>
          <bioguideId>S001181</bioguideId>
        </identifiers>
        <middleName />
        <sponsorshipDate>2019-05-01</sponsorshipDate>
      </item>
      <item>
        <bioguideId>C001088</bioguideId>
        <state>DE</state>
        <party>D</party>
        <fullName>Sen. Coons, Christopher A. [D-DE]</fullName>
        <lastName>Coons</lastName>
        <sponsorshipWithdrawnDate />
        <isOriginalCosponsor>True</isOriginalCosponsor>
        <firstName>Christopher</firstName>
        <identifiers>
          <lisID>1984</lisID>
          <gpoId>8297</gpoId>
          <bioguideId>C001088</bioguideId>
        </identifiers>
        <middleName>A.</middleName>
        <sponsorshipDate>2019-05-01</sponsorshipDate>
      </item>
      <item>
        <bioguideId>D000563</bioguideId>
        <state>IL</state>
        <party>D</party>
        <fullName>Sen. Durbin, Richard J. [D-IL]</fullName>
        <lastName>DURBIN</lastName>
        <sponsorshipWithdrawnDate />
        <isOriginalCosponsor>True</isOriginalCosponsor>
        <firstName>RICHARD</firstName>
        <identifiers>
          <bioguideId>D000563</bioguideId>
          <gpoId>8326</gpoId>
          <lisID>326</lisID>
        </identifiers>
        <middleName>J.</middleName>
        <sponsorshipDate>2019-05-01</sponsorshipDate>
      </item>
      <item>
        <bioguideId>B001236</bioguideId>
        <state>AR</state>
        <party>R</party>
        <fullName>Sen. Boozman, John [R-AR]</fullName>
        <lastName>Boozman</lastName>
        <sponsorshipWithdrawnDate />
        <isOriginalCosponsor>False</isOriginalCosponsor>
        <firstName>John</firstName>
        <identifiers>
          <bioguideId>B001236</bioguideId>
          <gpoId>8247</gpoId>
          <lisID>1687</lisID>
        </identifiers>
        <middleName />
        <sponsorshipDate>2019-05-06</sponsorshipDate>
      </item>
    </cosponsors>
    <relatedBills>
      <item>
        <congress>116</congress>
        <latestAction>
          <actionTime>15:52:20</actionTime>
          <actionDate>2019-07-15</actionDate>
          <text>The title of the measure was amended. Agreed to without objection.</text>
        </latestAction>
        <number>345</number>
        <type>HRES</type>
        <latestTitle>Responding to widening threats to freedoms of the press and expression around the world, reaffirming the centrality of a free and independent press to the health of democracy, and reaffirming freedom of the press as a priority of the United States in promoting democracy, human rights, and good governance on World Press Freedom Day.</latestTitle>
        <relationshipDetails>
          <item>
            <type>Related bill</type>
            <identifiedBy>CRS</identifiedBy>
          </item>
        </relationshipDetails>
      </item>
    </relatedBills>
    <cboCostEstimates />
    <latestAction>
      <text>Referred to the Committee on Foreign Relations. (Sponsor introductory remarks on measure: CR S2574-2575; text: CR S2573-2574)</text>
      <links />
      <actionDate>2019-05-01</actionDate>
    </latestAction>
  </bill>
  <dublinCore xmlns:dc="http://purl.org/dc/elements/1.1/">
    <dc:format>text/xml</dc:format>
    <dc:language>EN</dc:language>
    <dc:rights>Pursuant to Title 17 Section 105 of the United States Code, this file is not subject to copyright protection and is in the public domain.</dc:rights>
    <dc:contributor>Congressional Research Service, Library of Congress</dc:contributor>
    <dc:description>This file contains bill summaries and statuses for federal legislation. A bill summary describes the most significant provisions of a piece of legislation and details the effects the legislative text may have on current law and federal programs. Bill summaries are authored by the Congressional Research Service (CRS) of the Library of Congress. As stated in Public Law 91-510 (2 USC 166 (d)(6)), one of the duties of CRS is "to prepare summaries and digests of bills and resolutions of a public general nature introduced in the Senate or House of Representatives". For more information, refer to the User Guide that accompanies this file.</dc:description>
  </dublinCore>
</billStatus>

