<?xml version="1.0" encoding="UTF-8"?>
<billStatus>
  <bill>
    <billNumber>367</billNumber>
    <titles>
      <item>
        <chamberCode />
        <parentTitleType />
        <title>A resolution condemning the horrific attack in Dayton, Ohio, and expressing support and prayers for all those impacted by that tragedy.</title>
        <titleType>Official Title as Introduced</titleType>
        <chamberName />
      </item>
      <item>
        <chamberCode />
        <parentTitleType />
        <title>A resolution condemning the horrific attack in Dayton, Ohio, and expressing support and prayers for all those impacted by that tragedy.</title>
        <titleType>Display Title</titleType>
        <chamberName />
      </item>
    </titles>
    <calendarNumbers />
    <subjects>
      <billSubjects>
        <policyArea>
          <name>Crime and Law Enforcement</name>
        </policyArea>
        <legislativeSubjects />
      </billSubjects>
    </subjects>
    <committeeReports />
    <sponsors>
      <item>
        <byRequestType />
        <firstName>ROB</firstName>
        <state>OH</state>
        <middleName />
        <bioguideId>P000449</bioguideId>
        <identifiers>
          <gpoId>8266</gpoId>
          <bioguideId>P000449</bioguideId>
          <lisID>924</lisID>
        </identifiers>
        <lastName>PORTMAN</lastName>
        <party>R</party>
        <fullName>Sen. Portman, Rob [R-OH]</fullName>
      </item>
    </sponsors>
    <createDate>2019-10-22T04:27:27Z</createDate>
    <recordedVotes />
    <relatedBills />
    <latestAction>
      <links />
      <text>Resolution agreed to in Senate without amendment and with a preamble by Unanimous Consent. (text: 10/21/2019 CR S5926)</text>
      <actionDate>2019-10-29</actionDate>
    </latestAction>
    <title>A resolution condemning the horrific attack in Dayton, Ohio, and expressing support and prayers for all those impacted by that tragedy.</title>
    <billType>SRES</billType>
    <updateDate>2019-11-13T11:03:01Z</updateDate>
    <textVersions>
      <item>
        <type>Agreed to Senate</type>
        <date>2019-10-29T04:00:00Z</date>
        <formats>
          <item>
            <url>https://www.govinfo.gov/content/pkg/BILLS-116sres367ats/xml/BILLS-116sres367ats.xml</url>
          </item>
        </formats>
      </item>
      <item>
        <type>Introduced in Senate</type>
        <date>2019-10-21T04:00:00Z</date>
        <formats>
          <item>
            <url>https://www.govinfo.gov/content/pkg/BILLS-116sres367is/xml/BILLS-116sres367is.xml</url>
          </item>
        </formats>
      </item>
    </textVersions>
    <congress>116</congress>
    <laws />
    <cosponsors>
      <item>
        <middleName />
        <bioguideId>B000944</bioguideId>
        <firstName>Sherrod</firstName>
        <party>D</party>
        <fullName>Sen. Brown, Sherrod [D-OH]</fullName>
        <identifiers>
          <lisID>136</lisID>
          <bioguideId>B000944</bioguideId>
          <gpoId>8309</gpoId>
        </identifiers>
        <isOriginalCosponsor>True</isOriginalCosponsor>
        <lastName>Brown</lastName>
        <sponsorshipDate>2019-10-21</sponsorshipDate>
        <sponsorshipWithdrawnDate />
        <state>OH</state>
      </item>
    </cosponsors>
    <notes />
    <cboCostEstimates />
    <summaries>
      <billSummaries>
        <item>
          <actionDesc>Introduced in Senate</actionDesc>
          <actionDate>2019-10-21</actionDate>
          <name>Introduced in Senate</name>
          <versionCode>00</versionCode>
          <lastSummaryUpdateDate>2019-10-23T16:06:38Z</lastSummaryUpdateDate>
          <updateDate>2019-10-21T04:00:00Z</updateDate>
          <text><![CDATA[<p>This resolution condemns the attack in Dayton, Ohio, on August 4, 2019. </p> <p>It honors the memory of the victims who were killed. </p> <p>It expresses hope for the recovery of the individuals who were injured.</p>]]></text>
        </item>
        <item>
          <actionDesc>Passed Senate</actionDesc>
          <actionDate>2019-10-29</actionDate>
          <name>Passed Senate</name>
          <versionCode>55</versionCode>
          <lastSummaryUpdateDate>2019-11-08T12:07:03Z</lastSummaryUpdateDate>
          <updateDate>2019-10-29T12:54:09Z</updateDate>
          <text><![CDATA[<p>This resolution condemns the attack in Dayton, Ohio, on August 4, 2019. </p> <p>It honors the memory of the victims who were killed. </p> <p>It expresses hope for the recovery of the individuals who were injured.</p>]]></text>
        </item>
      </billSummaries>
    </summaries>
    <amendments />
    <originChamber>Senate</originChamber>
    <actions>
      <actionByCounts>
        <senate>6</senate>
      </actionByCounts>
      <item>
        <actionDate>2019-10-29</actionDate>
        <committee />
        <links>
          <link>
            <url>https://www.congress.gov/congressional-record/volume-165/senate-section/page/S5926</url>
            <name>S5926</name>
          </link>
        </links>
        <sourceSystem>
          <name>Senate</name>
          <code>0</code>
        </sourceSystem>
        <text>Resolution agreed to in Senate without amendment and with a preamble by Unanimous Consent. (text: 10/21/2019 CR S5926)</text>
        <type>Floor</type>
      </item>
      <item>
        <committee />
        <actionDate>2019-10-29</actionDate>
        <links>
          <link>
            <url>https://www.congress.gov/congressional-record/volume-165/senate-section/page/S5926</url>
            <name>S5926</name>
          </link>
        </links>
        <text>Passed/agreed to in Senate: Resolution agreed to in Senate without amendment and with a preamble by Unanimous Consent.(text: 10/21/2019 CR S5926)</text>
        <sourceSystem>
          <name>Library of Congress</name>
          <code>9</code>
        </sourceSystem>
        <actionCode>17000</actionCode>
        <type>Floor</type>
      </item>
      <item>
        <actionDate>2019-10-29</actionDate>
        <committee>
          <name>Judiciary Committee</name>
          <systemCode>ssju00</systemCode>
        </committee>
        <links>
          <link>
            <url>https://www.congress.gov/congressional-record/volume-165/senate-section/page/S6254</url>
            <name>S6254</name>
          </link>
        </links>
        <sourceSystem>
          <name>Senate</name>
          <code>0</code>
        </sourceSystem>
        <text>Senate Committee on the Judiciary discharged by Unanimous Consent. (consideration: CR S6254)</text>
        <type>Discharge</type>
      </item>
      <item>
        <committee>
          <name>Judiciary Committee</name>
          <systemCode>ssju00</systemCode>
        </committee>
        <actionDate>2019-10-29</actionDate>
        <links>
          <link>
            <url>https://www.congress.gov/congressional-record/volume-165/senate-section/page/S6254</url>
            <name>S6254</name>
          </link>
        </links>
        <text>Senate Committee on the Judiciary discharged by Unanimous Consent.(consideration: CR S6254)</text>
        <sourceSystem>
          <name>Library of Congress</name>
          <code>9</code>
        </sourceSystem>
        <actionCode>14500</actionCode>
        <type>Committee</type>
      </item>
      <item>
        <actionDate>2019-10-21</actionDate>
        <committee>
          <name>Judiciary Committee</name>
          <systemCode>ssju00</systemCode>
        </committee>
        <links />
        <sourceSystem>
          <name>Senate</name>
          <code>0</code>
        </sourceSystem>
        <text>Referred to the Committee on the Judiciary.</text>
        <type>IntroReferral</type>
      </item>
      <item>
        <committee />
        <actionDate>2019-10-21</actionDate>
        <links />
        <text>Introduced in Senate</text>
        <sourceSystem>
          <name>Library of Congress</name>
          <code>9</code>
        </sourceSystem>
        <actionCode>10000</actionCode>
        <type>IntroReferral</type>
      </item>
      <actionTypeCounts>
        <passedAgreedToInSenate>1</passedAgreedToInSenate>
        <senateCommitteeDischarged>1</senateCommitteeDischarged>
        <referredToCommittee>1</referredToCommittee>
        <introducedInSenate>1</introducedInSenate>
        <committeeDischarged>1</committeeDischarged>
        <agreedToInSenate>1</agreedToInSenate>
      </actionTypeCounts>
    </actions>
    <policyArea>
      <name>Crime and Law Enforcement</name>
    </policyArea>
    <introducedDate>2019-10-21</introducedDate>
    <committees>
      <billCommittees>
        <item>
          <systemCode>ssju00</systemCode>
          <subcommittees />
          <chamber>Senate</chamber>
          <type>Standing</type>
          <name>Judiciary Committee</name>
          <activities>
            <item>
              <date>2019-10-29T22:08:23Z</date>
              <name>Discharged from</name>
            </item>
            <item>
              <date>2019-10-21T21:08:04Z</date>
              <name>Referred to</name>
            </item>
          </activities>
        </item>
      </billCommittees>
    </committees>
    <version>1.0.0</version>
  </bill>
  <dublinCore xmlns:dc="http://purl.org/dc/elements/1.1/">
    <dc:format>text/xml</dc:format>
    <dc:language>EN</dc:language>
    <dc:rights>Pursuant to Title 17 Section 105 of the United States Code, this file is not subject to copyright protection and is in the public domain.</dc:rights>
    <dc:contributor>Congressional Research Service, Library of Congress</dc:contributor>
    <dc:description>This file contains bill summaries and statuses for federal legislation. A bill summary describes the most significant provisions of a piece of legislation and details the effects the legislative text may have on current law and federal programs. Bill summaries are authored by the Congressional Research Service (CRS) of the Library of Congress. As stated in Public Law 91-510 (2 USC 166 (d)(6)), one of the duties of CRS is "to prepare summaries and digests of bills and resolutions of a public general nature introduced in the Senate or House of Representatives". For more information, refer to the User Guide that accompanies this file.</dc:description>
  </dublinCore>
</billStatus>

