<?xml version="1.0" encoding="UTF-8"?>
<billStatus>
  <bill>
    <notes />
    <actions>
      <actionTypeCounts>
        <referredToCommittee>1</referredToCommittee>
        <introducedInSenate>1</introducedInSenate>
      </actionTypeCounts>
      <item>
        <actionDate>2019-10-21</actionDate>
        <committee>
          <name>Health, Education, Labor, and Pensions Committee</name>
          <systemCode>sshr00</systemCode>
        </committee>
        <links>
          <link>
            <name>S5926</name>
            <url>https://www.congress.gov/congressional-record/volume-165/senate-section/page/S5926</url>
          </link>
        </links>
        <sourceSystem>
          <name>Senate</name>
          <code>0</code>
        </sourceSystem>
        <text>Referred to the Committee on Health, Education, Labor, and Pensions. (text: CR S5926)</text>
        <type>IntroReferral</type>
      </item>
      <item>
        <type>IntroReferral</type>
        <committee />
        <sourceSystem>
          <name>Library of Congress</name>
          <code>9</code>
        </sourceSystem>
        <actionCode>10000</actionCode>
        <actionDate>2019-10-21</actionDate>
        <links />
        <text>Introduced in Senate</text>
      </item>
      <actionByCounts>
        <senate>2</senate>
      </actionByCounts>
    </actions>
    <subjects>
      <billSubjects>
        <policyArea>
          <name>Health</name>
        </policyArea>
        <legislativeSubjects />
      </billSubjects>
    </subjects>
    <cosponsors>
      <item>
        <sponsorshipDate>2019-10-21</sponsorshipDate>
        <party>D</party>
        <fullName>Sen. Feinstein, Dianne [D-CA]</fullName>
        <sponsorshipWithdrawnDate />
        <middleName />
        <lastName>FEINSTEIN</lastName>
        <bioguideId>F000062</bioguideId>
        <state>CA</state>
        <identifiers>
          <gpoId>8338</gpoId>
          <lisID>1332</lisID>
          <bioguideId>F000062</bioguideId>
        </identifiers>
        <firstName>DIANNE</firstName>
        <isOriginalCosponsor>True</isOriginalCosponsor>
      </item>
      <item>
        <sponsorshipDate>2019-10-21</sponsorshipDate>
        <party>R</party>
        <fullName>Sen. Risch, James E. [R-ID]</fullName>
        <sponsorshipWithdrawnDate />
        <middleName>E.</middleName>
        <lastName>Risch</lastName>
        <bioguideId>R000584</bioguideId>
        <state>ID</state>
        <identifiers>
          <lisID>1896</lisID>
          <gpoId>8274</gpoId>
          <bioguideId>R000584</bioguideId>
        </identifiers>
        <firstName>James</firstName>
        <isOriginalCosponsor>True</isOriginalCosponsor>
      </item>
      <item>
        <sponsorshipDate>2019-10-21</sponsorshipDate>
        <party>R</party>
        <fullName>Sen. Capito, Shelley Moore [R-WV]</fullName>
        <sponsorshipWithdrawnDate />
        <middleName>MOORE</middleName>
        <lastName>CAPITO</lastName>
        <bioguideId>C001047</bioguideId>
        <state>WV</state>
        <identifiers>
          <lisID>1676</lisID>
          <gpoId>8223</gpoId>
          <bioguideId>C001047</bioguideId>
        </identifiers>
        <firstName>SHELLEY</firstName>
        <isOriginalCosponsor>True</isOriginalCosponsor>
      </item>
    </cosponsors>
    <billNumber>366</billNumber>
    <createDate>2019-10-22T04:27:27Z</createDate>
    <policyArea>
      <name>Health</name>
    </policyArea>
    <summaries>
      <billSummaries />
    </summaries>
    <titles>
      <item>
        <title>A resolution supporting the goals and ideals of Red Ribbon Week during the period of October 23 through October 31, 2019.</title>
        <parentTitleType />
        <chamberName />
        <titleType>Official Title as Introduced</titleType>
        <chamberCode />
      </item>
      <item>
        <title>A resolution supporting the goals and ideals of Red Ribbon Week during the period of October 23 through October 31, 2019.</title>
        <parentTitleType />
        <chamberName />
        <titleType>Display Title</titleType>
        <chamberCode />
      </item>
    </titles>
    <relatedBills />
    <sponsors>
      <item>
        <fullName>Sen. Cornyn, John [R-TX]</fullName>
        <party>R</party>
        <middleName />
        <lastName>Cornyn</lastName>
        <state>TX</state>
        <bioguideId>C001056</bioguideId>
        <identifiers>
          <lisID>1692</lisID>
          <gpoId>8295</gpoId>
          <bioguideId>C001056</bioguideId>
        </identifiers>
        <firstName>John</firstName>
        <byRequestType />
      </item>
    </sponsors>
    <calendarNumbers />
    <recordedVotes />
    <congress>116</congress>
    <latestAction>
      <actionDate>2019-10-21</actionDate>
      <links />
      <text>Referred to the Committee on Health, Education, Labor, and Pensions. (text: CR S5926)</text>
    </latestAction>
    <amendments />
    <billType>SRES</billType>
    <originChamber>Senate</originChamber>
    <committeeReports />
    <updateDate>2019-11-27T05:42:50Z</updateDate>
    <textVersions>
      <item>
        <date>2019-10-21T04:00:00Z</date>
        <type>Introduced in Senate</type>
        <formats>
          <item>
            <url>https://www.govinfo.gov/content/pkg/BILLS-116sres366is/xml/BILLS-116sres366is.xml</url>
          </item>
        </formats>
      </item>
    </textVersions>
    <cboCostEstimates />
    <committees>
      <billCommittees>
        <item>
          <type>Standing</type>
          <name>Health, Education, Labor, and Pensions Committee</name>
          <subcommittees />
          <systemCode>sshr00</systemCode>
          <chamber>Senate</chamber>
          <activities>
            <item>
              <date>2019-10-21T21:04:05Z</date>
              <name>Referred to</name>
            </item>
          </activities>
        </item>
      </billCommittees>
    </committees>
    <title>A resolution supporting the goals and ideals of Red Ribbon Week during the period of October 23 through October 31, 2019.</title>
    <laws />
    <introducedDate>2019-10-21</introducedDate>
    <version>1.0.0</version>
  </bill>
  <dublinCore xmlns:dc="http://purl.org/dc/elements/1.1/">
    <dc:format>text/xml</dc:format>
    <dc:language>EN</dc:language>
    <dc:rights>Pursuant to Title 17 Section 105 of the United States Code, this file is not subject to copyright protection and is in the public domain.</dc:rights>
    <dc:contributor>Congressional Research Service, Library of Congress</dc:contributor>
    <dc:description>This file contains bill summaries and statuses for federal legislation. A bill summary describes the most significant provisions of a piece of legislation and details the effects the legislative text may have on current law and federal programs. Bill summaries are authored by the Congressional Research Service (CRS) of the Library of Congress. As stated in Public Law 91-510 (2 USC 166 (d)(6)), one of the duties of CRS is "to prepare summaries and digests of bills and resolutions of a public general nature introduced in the Senate or House of Representatives". For more information, refer to the User Guide that accompanies this file.</dc:description>
  </dublinCore>
</billStatus>

