<?xml version="1.0" encoding="UTF-8"?>
<billStatus>
  <bill>
    <version>1.0.0</version>
    <cboCostEstimates />
    <relatedBills />
    <amendments />
    <summaries>
      <billSummaries />
    </summaries>
    <policyArea>
      <name>Education</name>
    </policyArea>
    <sponsors>
      <item>
        <firstName>Robert</firstName>
        <middleName />
        <state>NJ</state>
        <bioguideId>M000639</bioguideId>
        <identifiers>
          <lisID>791</lisID>
          <gpoId>8239</gpoId>
          <bioguideId>M000639</bioguideId>
        </identifiers>
        <fullName>Sen. Menendez, Robert [D-NJ]</fullName>
        <party>D</party>
        <lastName>Menendez</lastName>
        <byRequestType />
      </item>
    </sponsors>
    <notes />
    <billNumber>319</billNumber>
    <updateDate>2019-11-16T11:02:10Z</updateDate>
    <titles>
      <item>
        <title>A resolution designating the week beginning September 16, 2019, as National Hispanic-Serving Institutions Week.</title>
        <chamberCode />
        <parentTitleType />
        <titleType>Official Title as Introduced</titleType>
        <chamberName />
      </item>
      <item>
        <title>A resolution designating the week beginning September 16, 2019, as National Hispanic-Serving Institutions Week.</title>
        <chamberCode />
        <parentTitleType />
        <titleType>Display Title</titleType>
        <chamberName />
      </item>
    </titles>
    <createDate>2019-09-20T04:27:21Z</createDate>
    <title>A resolution designating the week beginning September 16, 2019, as National Hispanic-Serving Institutions Week.</title>
    <textVersions>
      <item>
        <date>2019-09-19T04:00:00Z</date>
        <type>Agreed to Senate</type>
        <formats>
          <item>
            <url>https://www.govinfo.gov/content/pkg/BILLS-116sres319ats/xml/BILLS-116sres319ats.xml</url>
          </item>
        </formats>
      </item>
    </textVersions>
    <recordedVotes />
    <calendarNumbers />
    <committeeReports />
    <congress>116</congress>
    <latestAction>
      <actionDate>2019-09-19</actionDate>
      <links />
      <text>Submitted in the Senate, considered, and agreed to without amendment and with a preamble by Unanimous Consent. (consideration: CR S5609; text: CR S5607-5608)</text>
    </latestAction>
    <actions>
      <actionTypeCounts>
        <introducedInSenate>1</introducedInSenate>
        <passedOrAgreedToInSenateDayOf>1</passedOrAgreedToInSenateDayOf>
        <passedAgreedToInSenate>1</passedAgreedToInSenate>
      </actionTypeCounts>
      <item>
        <actionDate>2019-09-19</actionDate>
        <committee />
        <links>
          <link>
            <name>S5607-5608</name>
            <url>https://www.congress.gov/congressional-record/volume-165/senate-section/page/S5607-5608</url>
          </link>
          <link>
            <name>S5609</name>
            <url>https://www.congress.gov/congressional-record/volume-165/senate-section/page/S5609</url>
          </link>
        </links>
        <sourceSystem>
          <name>Senate</name>
          <code>0</code>
        </sourceSystem>
        <text>Submitted in the Senate, considered, and agreed to without amendment and with a preamble by Unanimous Consent. (consideration: CR S5609; text: CR S5607-5608)</text>
        <type>Floor</type>
      </item>
      <item>
        <links>
          <link>
            <name>S5607-5608</name>
            <url>https://www.congress.gov/congressional-record/volume-165/senate-section/page/S5607-5608</url>
          </link>
          <link>
            <name>S5609</name>
            <url>https://www.congress.gov/congressional-record/volume-165/senate-section/page/S5609</url>
          </link>
        </links>
        <sourceSystem>
          <name>Library of Congress</name>
          <code>9</code>
        </sourceSystem>
        <committee />
        <actionCode>17000</actionCode>
        <text>Passed/agreed to in Senate: Submitted in the Senate, considered, and agreed to without amendment and with a preamble by Unanimous Consent.(consideration: CR S5609; text: CR S5607-5608)</text>
        <actionDate>2019-09-19</actionDate>
        <type>Floor</type>
      </item>
      <item>
        <links />
        <sourceSystem>
          <name>Library of Congress</name>
          <code>9</code>
        </sourceSystem>
        <committee />
        <actionCode>10000</actionCode>
        <text>Introduced in Senate</text>
        <actionDate>2019-09-19</actionDate>
        <type>IntroReferral</type>
      </item>
      <actionByCounts>
        <senate>3</senate>
      </actionByCounts>
    </actions>
    <originChamber>Senate</originChamber>
    <committees>
      <billCommittees />
    </committees>
    <introducedDate>2019-09-19</introducedDate>
    <subjects>
      <billSubjects>
        <policyArea>
          <name>Education</name>
        </policyArea>
        <legislativeSubjects />
      </billSubjects>
    </subjects>
    <cosponsors>
      <item>
        <firstName>John</firstName>
        <isOriginalCosponsor>True</isOriginalCosponsor>
        <middleName />
        <fullName>Sen. Cornyn, John [R-TX]</fullName>
        <lastName>Cornyn</lastName>
        <identifiers>
          <lisID>1692</lisID>
          <gpoId>8295</gpoId>
          <bioguideId>C001056</bioguideId>
        </identifiers>
        <sponsorshipWithdrawnDate />
        <state>TX</state>
        <bioguideId>C001056</bioguideId>
        <party>R</party>
        <sponsorshipDate>2019-09-19</sponsorshipDate>
      </item>
      <item>
        <firstName>Michael</firstName>
        <isOriginalCosponsor>True</isOriginalCosponsor>
        <middleName>F.</middleName>
        <fullName>Sen. Bennet, Michael F. [D-CO]</fullName>
        <lastName>Bennet</lastName>
        <identifiers>
          <bioguideId>B001267</bioguideId>
          <gpoId>8302</gpoId>
          <lisID>1965</lisID>
        </identifiers>
        <sponsorshipWithdrawnDate />
        <state>CO</state>
        <bioguideId>B001267</bioguideId>
        <party>D</party>
        <sponsorshipDate>2019-09-19</sponsorshipDate>
      </item>
      <item>
        <firstName>Richard</firstName>
        <isOriginalCosponsor>True</isOriginalCosponsor>
        <middleName />
        <fullName>Sen. Blumenthal, Richard [D-CT]</fullName>
        <lastName>Blumenthal</lastName>
        <identifiers>
          <bioguideId>B001277</bioguideId>
          <lisID>2076</lisID>
          <gpoId>8332</gpoId>
        </identifiers>
        <sponsorshipWithdrawnDate />
        <state>CT</state>
        <bioguideId>B001277</bioguideId>
        <party>D</party>
        <sponsorshipDate>2019-09-19</sponsorshipDate>
      </item>
      <item>
        <firstName>Cory</firstName>
        <isOriginalCosponsor>True</isOriginalCosponsor>
        <middleName>A.</middleName>
        <fullName>Sen. Booker, Cory A. [D-NJ]</fullName>
        <lastName>Booker</lastName>
        <identifiers>
          <lisID>2194</lisID>
          <gpoId />
          <bioguideId>B001288</bioguideId>
        </identifiers>
        <sponsorshipWithdrawnDate />
        <state>NJ</state>
        <bioguideId>B001288</bioguideId>
        <party>D</party>
        <sponsorshipDate>2019-09-19</sponsorshipDate>
      </item>
      <item>
        <firstName>Bob</firstName>
        <isOriginalCosponsor>True</isOriginalCosponsor>
        <middleName />
        <fullName>Sen. Casey, Robert P., Jr. [D-PA]</fullName>
        <lastName>Casey</lastName>
        <identifiers>
          <lisID>1828</lisID>
          <gpoId>8282</gpoId>
          <bioguideId>C001070</bioguideId>
        </identifiers>
        <sponsorshipWithdrawnDate />
        <state>PA</state>
        <bioguideId>C001070</bioguideId>
        <party>D</party>
        <sponsorshipDate>2019-09-19</sponsorshipDate>
      </item>
      <item>
        <firstName>Catherine</firstName>
        <isOriginalCosponsor>True</isOriginalCosponsor>
        <middleName />
        <fullName>Sen. Cortez Masto, Catherine  [D-NV]</fullName>
        <lastName>Cortez Masto</lastName>
        <identifiers>
          <lisID>2299</lisID>
          <gpoId />
          <bioguideId>C001113</bioguideId>
        </identifiers>
        <sponsorshipWithdrawnDate />
        <state>NV</state>
        <bioguideId>C001113</bioguideId>
        <party>D</party>
        <sponsorshipDate>2019-09-19</sponsorshipDate>
      </item>
      <item>
        <firstName>RICHARD</firstName>
        <isOriginalCosponsor>True</isOriginalCosponsor>
        <middleName>J.</middleName>
        <fullName>Sen. Durbin, Richard J. [D-IL]</fullName>
        <lastName>DURBIN</lastName>
        <identifiers>
          <lisID>326</lisID>
          <gpoId>8326</gpoId>
          <bioguideId>D000563</bioguideId>
        </identifiers>
        <sponsorshipWithdrawnDate />
        <state>IL</state>
        <bioguideId>D000563</bioguideId>
        <party>D</party>
        <sponsorshipDate>2019-09-19</sponsorshipDate>
      </item>
      <item>
        <firstName>DIANNE</firstName>
        <isOriginalCosponsor>True</isOriginalCosponsor>
        <middleName />
        <fullName>Sen. Feinstein, Dianne [D-CA]</fullName>
        <lastName>FEINSTEIN</lastName>
        <identifiers>
          <lisID>1332</lisID>
          <gpoId>8338</gpoId>
          <bioguideId>F000062</bioguideId>
        </identifiers>
        <sponsorshipWithdrawnDate />
        <state>CA</state>
        <bioguideId>F000062</bioguideId>
        <party>D</party>
        <sponsorshipDate>2019-09-19</sponsorshipDate>
      </item>
      <item>
        <firstName>Kamala</firstName>
        <isOriginalCosponsor>True</isOriginalCosponsor>
        <middleName>D.</middleName>
        <fullName>Sen. Harris, Kamala D. [D-CA]</fullName>
        <lastName>Harris</lastName>
        <identifiers>
          <lisID>2301</lisID>
          <gpoId />
          <bioguideId>H001075</bioguideId>
        </identifiers>
        <sponsorshipWithdrawnDate />
        <state>CA</state>
        <bioguideId>H001075</bioguideId>
        <party>D</party>
        <sponsorshipDate>2019-09-19</sponsorshipDate>
      </item>
      <item>
        <firstName>Martin</firstName>
        <isOriginalCosponsor>True</isOriginalCosponsor>
        <middleName />
        <fullName>Sen. Heinrich, Martin [D-NM]</fullName>
        <lastName>Heinrich</lastName>
        <identifiers>
          <bioguideId>H001046</bioguideId>
          <gpoId>8056</gpoId>
          <lisID>1937</lisID>
        </identifiers>
        <sponsorshipWithdrawnDate />
        <state>NM</state>
        <bioguideId>H001046</bioguideId>
        <party>D</party>
        <sponsorshipDate>2019-09-19</sponsorshipDate>
      </item>
      <item>
        <firstName>Timothy</firstName>
        <isOriginalCosponsor>True</isOriginalCosponsor>
        <middleName />
        <fullName>Sen. Kaine, Tim [D-VA]</fullName>
        <lastName>Kaine</lastName>
        <identifiers>
          <bioguideId>K000384</bioguideId>
          <lisID>2176</lisID>
          <gpoId />
        </identifiers>
        <sponsorshipWithdrawnDate />
        <state>VA</state>
        <bioguideId>K000384</bioguideId>
        <party>D</party>
        <sponsorshipDate>2019-09-19</sponsorshipDate>
      </item>
      <item>
        <firstName>Amy</firstName>
        <isOriginalCosponsor>True</isOriginalCosponsor>
        <middleName />
        <fullName>Sen. Klobuchar, Amy [D-MN]</fullName>
        <lastName>Klobuchar</lastName>
        <identifiers>
          <bioguideId>K000367</bioguideId>
          <lisID>1826</lisID>
          <gpoId>8249</gpoId>
        </identifiers>
        <sponsorshipWithdrawnDate />
        <state>MN</state>
        <bioguideId>K000367</bioguideId>
        <party>D</party>
        <sponsorshipDate>2019-09-19</sponsorshipDate>
      </item>
      <item>
        <firstName>PATTY</firstName>
        <isOriginalCosponsor>True</isOriginalCosponsor>
        <middleName />
        <fullName>Sen. Murray, Patty [D-WA]</fullName>
        <lastName>MURRAY</lastName>
        <identifiers>
          <bioguideId>M001111</bioguideId>
          <lisID>1409</lisID>
          <gpoId>8237</gpoId>
        </identifiers>
        <sponsorshipWithdrawnDate />
        <state>WA</state>
        <bioguideId>M001111</bioguideId>
        <party>D</party>
        <sponsorshipDate>2019-09-19</sponsorshipDate>
      </item>
      <item>
        <firstName>Jacklyn</firstName>
        <isOriginalCosponsor>True</isOriginalCosponsor>
        <middleName />
        <fullName>Sen. Rosen, Jacky [D-NV]</fullName>
        <lastName>Rosen</lastName>
        <identifiers>
          <bioguideId>R000608</bioguideId>
          <lisID>2339</lisID>
          <gpoId />
        </identifiers>
        <sponsorshipWithdrawnDate />
        <state>NV</state>
        <bioguideId>R000608</bioguideId>
        <party>D</party>
        <sponsorshipDate>2019-09-19</sponsorshipDate>
      </item>
      <item>
        <firstName>Marco</firstName>
        <isOriginalCosponsor>True</isOriginalCosponsor>
        <middleName />
        <fullName>Sen. Rubio, Marco [R-FL]</fullName>
        <lastName>Rubio</lastName>
        <identifiers>
          <lisID>2084</lisID>
          <gpoId>8242</gpoId>
          <bioguideId>R000595</bioguideId>
        </identifiers>
        <sponsorshipWithdrawnDate />
        <state>FL</state>
        <bioguideId>R000595</bioguideId>
        <party>R</party>
        <sponsorshipDate>2019-09-19</sponsorshipDate>
      </item>
      <item>
        <firstName>Bernard</firstName>
        <isOriginalCosponsor>True</isOriginalCosponsor>
        <middleName />
        <fullName>Sen. Sanders, Bernard [I-VT]</fullName>
        <lastName>Sanders</lastName>
        <identifiers>
          <lisID>1010</lisID>
          <gpoId>8270</gpoId>
          <bioguideId>S000033</bioguideId>
        </identifiers>
        <sponsorshipWithdrawnDate />
        <state>VT</state>
        <bioguideId>S000033</bioguideId>
        <party>I</party>
        <sponsorshipDate>2019-09-19</sponsorshipDate>
      </item>
      <item>
        <firstName>TOM</firstName>
        <isOriginalCosponsor>True</isOriginalCosponsor>
        <middleName />
        <fullName>Sen. Udall, Tom [D-NM]</fullName>
        <lastName>UDALL</lastName>
        <identifiers>
          <lisID>1567</lisID>
          <gpoId>8260</gpoId>
          <bioguideId>U000039</bioguideId>
        </identifiers>
        <sponsorshipWithdrawnDate />
        <state>NM</state>
        <bioguideId>U000039</bioguideId>
        <party>D</party>
        <sponsorshipDate>2019-09-19</sponsorshipDate>
      </item>
      <item>
        <firstName>Cory</firstName>
        <isOriginalCosponsor>True</isOriginalCosponsor>
        <middleName />
        <fullName>Sen. Gardner, Cory [R-CO]</fullName>
        <lastName>Gardner</lastName>
        <identifiers>
          <lisID>1998</lisID>
          <gpoId>7862</gpoId>
          <bioguideId>G000562</bioguideId>
        </identifiers>
        <sponsorshipWithdrawnDate />
        <state>CO</state>
        <bioguideId>G000562</bioguideId>
        <party>R</party>
        <sponsorshipDate>2019-09-19</sponsorshipDate>
      </item>
      <item>
        <firstName>Mike</firstName>
        <isOriginalCosponsor>True</isOriginalCosponsor>
        <middleName />
        <fullName>Sen. Braun, Mike  [R-IN]</fullName>
        <lastName>Braun</lastName>
        <identifiers>
          <bioguideId>B001310</bioguideId>
          <gpoId />
          <lisID>2462</lisID>
        </identifiers>
        <sponsorshipWithdrawnDate />
        <state>IN</state>
        <bioguideId>B001310</bioguideId>
        <party>R</party>
        <sponsorshipDate>2019-09-19</sponsorshipDate>
      </item>
    </cosponsors>
    <billType>SRES</billType>
    <laws />
  </bill>
  <dublinCore xmlns:dc="http://purl.org/dc/elements/1.1/">
    <dc:format>text/xml</dc:format>
    <dc:language>EN</dc:language>
    <dc:rights>Pursuant to Title 17 Section 105 of the United States Code, this file is not subject to copyright protection and is in the public domain.</dc:rights>
    <dc:contributor>Congressional Research Service, Library of Congress</dc:contributor>
    <dc:description>This file contains bill summaries and statuses for federal legislation. A bill summary describes the most significant provisions of a piece of legislation and details the effects the legislative text may have on current law and federal programs. Bill summaries are authored by the Congressional Research Service (CRS) of the Library of Congress. As stated in Public Law 91-510 (2 USC 166 (d)(6)), one of the duties of CRS is "to prepare summaries and digests of bills and resolutions of a public general nature introduced in the Senate or House of Representatives". For more information, refer to the User Guide that accompanies this file.</dc:description>
  </dublinCore>
</billStatus>

