<?xml version="1.0" encoding="UTF-8"?>
<billStatus>
  <bill>
    <amendments />
    <cosponsors>
      <item>
        <middleName>L.</middleName>
        <isOriginalCosponsor>True</isOriginalCosponsor>
        <identifiers>
          <bioguideId>C000141</bioguideId>
          <gpoId>8287</gpoId>
          <lisID>174</lisID>
        </identifiers>
        <bioguideId>C000141</bioguideId>
        <party>D</party>
        <sponsorshipWithdrawnDate />
        <sponsorshipDate>2019-10-17</sponsorshipDate>
        <state>MD</state>
        <fullName>Sen. Cardin, Benjamin L. [D-MD]</fullName>
        <lastName>CARDIN</lastName>
        <firstName>BENJAMIN</firstName>
      </item>
      <item>
        <middleName />
        <isOriginalCosponsor>True</isOriginalCosponsor>
        <identifiers>
          <bioguideId>K000384</bioguideId>
          <gpoId />
          <lisID>2176</lisID>
        </identifiers>
        <bioguideId>K000384</bioguideId>
        <party>D</party>
        <sponsorshipWithdrawnDate />
        <sponsorshipDate>2019-10-17</sponsorshipDate>
        <state>VA</state>
        <fullName>Sen. Kaine, Tim [D-VA]</fullName>
        <lastName>Kaine</lastName>
        <firstName>Timothy</firstName>
      </item>
      <item>
        <middleName>R.</middleName>
        <isOriginalCosponsor>True</isOriginalCosponsor>
        <identifiers>
          <bioguideId>W000805</bioguideId>
          <gpoId>8269</gpoId>
          <lisID>1897</lisID>
        </identifiers>
        <bioguideId>W000805</bioguideId>
        <party>D</party>
        <sponsorshipWithdrawnDate />
        <sponsorshipDate>2019-10-17</sponsorshipDate>
        <state>VA</state>
        <fullName>Sen. Warner, Mark R. [D-VA]</fullName>
        <lastName>Warner</lastName>
        <firstName>Mark</firstName>
      </item>
      <item>
        <middleName />
        <isOriginalCosponsor>True</isOriginalCosponsor>
        <identifiers>
          <bioguideId>C000127</bioguideId>
          <lisID>172</lisID>
          <gpoId>8288</gpoId>
        </identifiers>
        <bioguideId>C000127</bioguideId>
        <party>D</party>
        <sponsorshipWithdrawnDate />
        <sponsorshipDate>2019-10-17</sponsorshipDate>
        <state>WA</state>
        <fullName>Sen. Cantwell, Maria [D-WA]</fullName>
        <lastName>CANTWELL</lastName>
        <firstName>MARIA</firstName>
      </item>
    </cosponsors>
    <updateDate>2019-10-24T18:40:09Z</updateDate>
    <policyArea>
      <name>Sports and Recreation</name>
    </policyArea>
    <version>1.0.0</version>
    <createDate>2019-10-18T04:42:31Z</createDate>
    <cboCostEstimates />
    <calendarNumbers />
    <notes />
    <introducedDate>2019-10-17</introducedDate>
    <textVersions>
      <item>
        <formats>
          <item>
            <url>https://www.govinfo.gov/content/pkg/BILLS-116sres364ats/xml/BILLS-116sres364ats.xml</url>
          </item>
        </formats>
        <date>2019-10-17T04:00:00Z</date>
        <type>Agreed to Senate</type>
      </item>
    </textVersions>
    <relatedBills>
      <item>
        <latestTitle>Congratulating the Washington Mystics on winning the 2019 Women's National Basketball Association championship.</latestTitle>
        <type>HRES</type>
        <congress>116</congress>
        <latestAction>
          <actionDate>2019-10-17</actionDate>
          <text>Referred to the House Committee on Oversight and Reform.</text>
        </latestAction>
        <relationshipDetails>
          <item>
            <identifiedBy>CRS</identifiedBy>
            <type>Identical bill</type>
          </item>
        </relationshipDetails>
        <number>638</number>
      </item>
    </relatedBills>
    <recordedVotes />
    <committeeReports />
    <laws />
    <actions>
      <actionTypeCounts>
        <passedAgreedToInSenate>1</passedAgreedToInSenate>
        <introducedInSenate>1</introducedInSenate>
        <passedOrAgreedToInSenateDayOf>1</passedOrAgreedToInSenateDayOf>
      </actionTypeCounts>
      <item>
        <actionDate>2019-10-17</actionDate>
        <committee />
        <links>
          <link>
            <url>https://www.congress.gov/congressional-record/volume-165/senate-section/page/S5902-5903</url>
            <name>S5902-5903</name>
          </link>
          <link>
            <url>https://www.congress.gov/congressional-record/volume-165/senate-section/page/S5905</url>
            <name>S5905</name>
          </link>
        </links>
        <sourceSystem>
          <code>0</code>
          <name>Senate</name>
        </sourceSystem>
        <text>Submitted in the Senate, considered, and agreed to without amendment and with a preamble by Unanimous Consent. (consideration: CR S5905; text: CR S5902-5903)</text>
        <type>Floor</type>
      </item>
      <item>
        <links>
          <link>
            <url>https://www.congress.gov/congressional-record/volume-165/senate-section/page/S5902-5903</url>
            <name>S5902-5903</name>
          </link>
          <link>
            <url>https://www.congress.gov/congressional-record/volume-165/senate-section/page/S5905</url>
            <name>S5905</name>
          </link>
        </links>
        <text>Passed/agreed to in Senate: Submitted in the Senate, considered, and agreed to without amendment and with a preamble by Unanimous Consent.(consideration: CR S5905; text: CR S5902-5903)</text>
        <actionDate>2019-10-17</actionDate>
        <actionCode>17000</actionCode>
        <type>Floor</type>
        <committee />
        <sourceSystem>
          <code>9</code>
          <name>Library of Congress</name>
        </sourceSystem>
      </item>
      <item>
        <links />
        <text>Introduced in Senate</text>
        <actionDate>2019-10-17</actionDate>
        <actionCode>10000</actionCode>
        <type>IntroReferral</type>
        <committee />
        <sourceSystem>
          <code>9</code>
          <name>Library of Congress</name>
        </sourceSystem>
      </item>
      <actionByCounts>
        <senate>3</senate>
      </actionByCounts>
    </actions>
    <sponsors>
      <item>
        <middleName />
        <identifiers>
          <bioguideId>V000128</bioguideId>
          <lisID>1729</lisID>
          <gpoId>7983</gpoId>
        </identifiers>
        <byRequestType />
        <bioguideId>V000128</bioguideId>
        <party>D</party>
        <firstName>Chris</firstName>
        <fullName>Sen. Van Hollen, Chris [D-MD]</fullName>
        <state>MD</state>
        <lastName>Van Hollen</lastName>
      </item>
    </sponsors>
    <summaries>
      <billSummaries />
    </summaries>
    <originChamber>Senate</originChamber>
    <latestAction>
      <links />
      <text>Submitted in the Senate, considered, and agreed to without amendment and with a preamble by Unanimous Consent. (consideration: CR S5905; text: CR S5902-5903)</text>
      <actionDate>2019-10-17</actionDate>
    </latestAction>
    <titles>
      <item>
        <titleType>Official Title as Introduced</titleType>
        <chamberName />
        <parentTitleType />
        <chamberCode />
        <title>A resolution congratulating the Washington Mystics on winning the 2019 Women's National Basketball Association championship.</title>
      </item>
      <item>
        <titleType>Display Title</titleType>
        <chamberName />
        <parentTitleType />
        <chamberCode />
        <title>A resolution congratulating the Washington Mystics on winning the 2019 Women's National Basketball Association championship.</title>
      </item>
    </titles>
    <committees>
      <billCommittees />
    </committees>
    <congress>116</congress>
    <billNumber>364</billNumber>
    <subjects>
      <billSubjects>
        <policyArea>
          <name>Sports and Recreation</name>
        </policyArea>
        <legislativeSubjects />
      </billSubjects>
    </subjects>
    <title>A resolution congratulating the Washington Mystics on winning the 2019 Women's National Basketball Association championship.</title>
    <billType>SRES</billType>
  </bill>
  <dublinCore xmlns:dc="http://purl.org/dc/elements/1.1/">
    <dc:format>text/xml</dc:format>
    <dc:language>EN</dc:language>
    <dc:rights>Pursuant to Title 17 Section 105 of the United States Code, this file is not subject to copyright protection and is in the public domain.</dc:rights>
    <dc:contributor>Congressional Research Service, Library of Congress</dc:contributor>
    <dc:description>This file contains bill summaries and statuses for federal legislation. A bill summary describes the most significant provisions of a piece of legislation and details the effects the legislative text may have on current law and federal programs. Bill summaries are authored by the Congressional Research Service (CRS) of the Library of Congress. As stated in Public Law 91-510 (2 USC 166 (d)(6)), one of the duties of CRS is "to prepare summaries and digests of bills and resolutions of a public general nature introduced in the Senate or House of Representatives". For more information, refer to the User Guide that accompanies this file.</dc:description>
  </dublinCore>
</billStatus>

