<?xml version="1.0" encoding="UTF-8"?>
<billStatus>
  <bill>
    <billNumber>408</billNumber>
    <cosponsors>
      <item>
        <fullName>Sen. Schumer, Charles E. [D-NY]</fullName>
        <party>D</party>
        <identifiers>
          <lisID>1036</lisID>
          <gpoId>8279</gpoId>
          <bioguideId>S000148</bioguideId>
        </identifiers>
        <sponsorshipWithdrawnDate />
        <bioguideId>S000148</bioguideId>
        <lastName>SCHUMER</lastName>
        <sponsorshipDate>2019-11-06</sponsorshipDate>
        <firstName>CHARLES</firstName>
        <isOriginalCosponsor>True</isOriginalCosponsor>
        <state>NY</state>
        <middleName>E.</middleName>
      </item>
      <item>
        <fullName>Sen. Blumenthal, Richard [D-CT]</fullName>
        <party>D</party>
        <identifiers>
          <gpoId>8332</gpoId>
          <bioguideId>B001277</bioguideId>
          <lisID>2076</lisID>
        </identifiers>
        <sponsorshipWithdrawnDate />
        <bioguideId>B001277</bioguideId>
        <lastName>Blumenthal</lastName>
        <sponsorshipDate>2019-11-06</sponsorshipDate>
        <firstName>Richard</firstName>
        <isOriginalCosponsor>True</isOriginalCosponsor>
        <state>CT</state>
        <middleName />
      </item>
      <item>
        <fullName>Sen. Van Hollen, Chris [D-MD]</fullName>
        <party>D</party>
        <identifiers>
          <gpoId>7983</gpoId>
          <bioguideId>V000128</bioguideId>
          <lisID>1729</lisID>
        </identifiers>
        <sponsorshipWithdrawnDate />
        <bioguideId>V000128</bioguideId>
        <lastName>Van Hollen</lastName>
        <sponsorshipDate>2019-11-06</sponsorshipDate>
        <firstName>Chris</firstName>
        <isOriginalCosponsor>True</isOriginalCosponsor>
        <state>MD</state>
        <middleName />
      </item>
      <item>
        <fullName>Sen. Casey, Robert P., Jr. [D-PA]</fullName>
        <party>D</party>
        <identifiers>
          <gpoId>8282</gpoId>
          <bioguideId>C001070</bioguideId>
          <lisID>1828</lisID>
        </identifiers>
        <sponsorshipWithdrawnDate />
        <bioguideId>C001070</bioguideId>
        <lastName>Casey</lastName>
        <sponsorshipDate>2019-11-06</sponsorshipDate>
        <firstName>Bob</firstName>
        <isOriginalCosponsor>True</isOriginalCosponsor>
        <state>PA</state>
        <middleName />
      </item>
      <item>
        <fullName>Sen. Markey, Edward J. [D-MA]</fullName>
        <party>D</party>
        <identifiers>
          <lisID>735</lisID>
          <gpoId>7972</gpoId>
          <bioguideId>M000133</bioguideId>
        </identifiers>
        <sponsorshipWithdrawnDate />
        <bioguideId>M000133</bioguideId>
        <lastName>MARKEY</lastName>
        <sponsorshipDate>2019-11-06</sponsorshipDate>
        <firstName>EDWARD</firstName>
        <isOriginalCosponsor>True</isOriginalCosponsor>
        <state>MA</state>
        <middleName>J.</middleName>
      </item>
      <item>
        <fullName>Sen. Brown, Sherrod [D-OH]</fullName>
        <party>D</party>
        <identifiers>
          <gpoId>8309</gpoId>
          <bioguideId>B000944</bioguideId>
          <lisID>136</lisID>
        </identifiers>
        <sponsorshipWithdrawnDate />
        <bioguideId>B000944</bioguideId>
        <lastName>Brown</lastName>
        <sponsorshipDate>2019-11-06</sponsorshipDate>
        <firstName>Sherrod</firstName>
        <isOriginalCosponsor>True</isOriginalCosponsor>
        <state>OH</state>
        <middleName />
      </item>
      <item>
        <fullName>Sen. Wyden, Ron [D-OR]</fullName>
        <party>D</party>
        <identifiers>
          <lisID>1247</lisID>
          <gpoId>8265</gpoId>
          <bioguideId>W000779</bioguideId>
        </identifiers>
        <sponsorshipWithdrawnDate />
        <bioguideId>W000779</bioguideId>
        <lastName>WYDEN</lastName>
        <sponsorshipDate>2019-11-06</sponsorshipDate>
        <firstName>RON</firstName>
        <isOriginalCosponsor>True</isOriginalCosponsor>
        <state>OR</state>
        <middleName />
      </item>
      <item>
        <fullName>Sen. Duckworth, Tammy [D-IL]</fullName>
        <party>D</party>
        <identifiers>
          <gpoId />
          <bioguideId>D000622</bioguideId>
          <lisID>2123</lisID>
        </identifiers>
        <sponsorshipWithdrawnDate />
        <bioguideId>D000622</bioguideId>
        <lastName>Duckworth</lastName>
        <sponsorshipDate>2019-11-06</sponsorshipDate>
        <firstName>Tammy</firstName>
        <isOriginalCosponsor>True</isOriginalCosponsor>
        <state>IL</state>
        <middleName />
      </item>
      <item>
        <fullName>Sen. King, Angus S., Jr. [I-ME]</fullName>
        <party>I</party>
        <identifiers>
          <lisID>2185</lisID>
          <bioguideId>K000383</bioguideId>
          <gpoId />
        </identifiers>
        <sponsorshipWithdrawnDate />
        <bioguideId>K000383</bioguideId>
        <lastName>King</lastName>
        <sponsorshipDate>2019-11-06</sponsorshipDate>
        <firstName>Angus</firstName>
        <isOriginalCosponsor>True</isOriginalCosponsor>
        <state>ME</state>
        <middleName />
      </item>
      <item>
        <fullName>Sen. Sanders, Bernard [I-VT]</fullName>
        <party>I</party>
        <identifiers>
          <gpoId>8270</gpoId>
          <bioguideId>S000033</bioguideId>
          <lisID>1010</lisID>
        </identifiers>
        <sponsorshipWithdrawnDate />
        <bioguideId>S000033</bioguideId>
        <lastName>Sanders</lastName>
        <sponsorshipDate>2019-11-06</sponsorshipDate>
        <firstName>Bernard</firstName>
        <isOriginalCosponsor>True</isOriginalCosponsor>
        <state>VT</state>
        <middleName />
      </item>
      <item>
        <fullName>Sen. Baldwin, Tammy [D-WI]</fullName>
        <party>D</party>
        <identifiers>
          <gpoId>8215</gpoId>
          <bioguideId>B001230</bioguideId>
          <lisID>1558</lisID>
        </identifiers>
        <sponsorshipWithdrawnDate />
        <bioguideId>B001230</bioguideId>
        <lastName>Baldwin</lastName>
        <sponsorshipDate>2019-11-06</sponsorshipDate>
        <firstName>Tammy</firstName>
        <isOriginalCosponsor>True</isOriginalCosponsor>
        <state>WI</state>
        <middleName />
      </item>
      <item>
        <fullName>Sen. Murray, Patty [D-WA]</fullName>
        <party>D</party>
        <identifiers>
          <lisID>1409</lisID>
          <bioguideId>M001111</bioguideId>
          <gpoId>8237</gpoId>
        </identifiers>
        <sponsorshipWithdrawnDate />
        <bioguideId>M001111</bioguideId>
        <lastName>MURRAY</lastName>
        <sponsorshipDate>2019-11-06</sponsorshipDate>
        <firstName>PATTY</firstName>
        <isOriginalCosponsor>True</isOriginalCosponsor>
        <state>WA</state>
        <middleName />
      </item>
      <item>
        <fullName>Sen. Booker, Cory A. [D-NJ]</fullName>
        <party>D</party>
        <identifiers>
          <gpoId />
          <bioguideId>B001288</bioguideId>
          <lisID>2194</lisID>
        </identifiers>
        <sponsorshipWithdrawnDate />
        <bioguideId>B001288</bioguideId>
        <lastName>Booker</lastName>
        <sponsorshipDate>2019-11-06</sponsorshipDate>
        <firstName>Cory</firstName>
        <isOriginalCosponsor>True</isOriginalCosponsor>
        <state>NJ</state>
        <middleName>A.</middleName>
      </item>
      <item>
        <fullName>Sen. Harris, Kamala D. [D-CA]</fullName>
        <party>D</party>
        <identifiers>
          <lisID>2301</lisID>
          <gpoId />
          <bioguideId>H001075</bioguideId>
        </identifiers>
        <sponsorshipWithdrawnDate />
        <bioguideId>H001075</bioguideId>
        <lastName>Harris</lastName>
        <sponsorshipDate>2019-11-06</sponsorshipDate>
        <firstName>Kamala</firstName>
        <isOriginalCosponsor>True</isOriginalCosponsor>
        <state>CA</state>
        <middleName>D.</middleName>
      </item>
      <item>
        <fullName>Sen. Gillibrand, Kirsten E. [D-NY]</fullName>
        <party>D</party>
        <identifiers>
          <lisID>1866</lisID>
          <bioguideId>G000555</bioguideId>
          <gpoId>8336</gpoId>
        </identifiers>
        <sponsorshipWithdrawnDate />
        <bioguideId>G000555</bioguideId>
        <lastName>Gillibrand</lastName>
        <sponsorshipDate>2019-11-06</sponsorshipDate>
        <firstName>Kirsten</firstName>
        <isOriginalCosponsor>True</isOriginalCosponsor>
        <state>NY</state>
        <middleName>E.</middleName>
      </item>
      <item>
        <fullName>Sen. Menendez, Robert [D-NJ]</fullName>
        <party>D</party>
        <identifiers>
          <lisID>791</lisID>
          <gpoId>8239</gpoId>
          <bioguideId>M000639</bioguideId>
        </identifiers>
        <sponsorshipWithdrawnDate />
        <bioguideId>M000639</bioguideId>
        <lastName>Menendez</lastName>
        <sponsorshipDate>2019-11-06</sponsorshipDate>
        <firstName>Robert</firstName>
        <isOriginalCosponsor>True</isOriginalCosponsor>
        <state>NJ</state>
        <middleName />
      </item>
      <item>
        <fullName>Sen. Reed, Jack [D-RI]</fullName>
        <party>D</party>
        <identifiers>
          <lisID>949</lisID>
          <gpoId>8272</gpoId>
          <bioguideId>R000122</bioguideId>
        </identifiers>
        <sponsorshipWithdrawnDate />
        <bioguideId>R000122</bioguideId>
        <lastName>REED</lastName>
        <sponsorshipDate>2019-11-07</sponsorshipDate>
        <firstName>JOHN</firstName>
        <isOriginalCosponsor>False</isOriginalCosponsor>
        <state>RI</state>
        <middleName>F.</middleName>
      </item>
      <item>
        <fullName>Sen. Klobuchar, Amy [D-MN]</fullName>
        <party>D</party>
        <identifiers>
          <gpoId>8249</gpoId>
          <bioguideId>K000367</bioguideId>
          <lisID>1826</lisID>
        </identifiers>
        <sponsorshipWithdrawnDate />
        <bioguideId>K000367</bioguideId>
        <lastName>Klobuchar</lastName>
        <sponsorshipDate>2019-11-13</sponsorshipDate>
        <firstName>Amy</firstName>
        <isOriginalCosponsor>False</isOriginalCosponsor>
        <state>MN</state>
        <middleName />
      </item>
    </cosponsors>
    <committees>
      <billCommittees>
        <item>
          <systemCode>ssga00</systemCode>
          <type>Standing</type>
          <chamber>Senate</chamber>
          <subcommittees />
          <name>Homeland Security and Governmental Affairs Committee</name>
          <activities>
            <item>
              <date>2019-11-06T22:02:51Z</date>
              <name>Referred to</name>
            </item>
          </activities>
        </item>
      </billCommittees>
    </committees>
    <updateDate>2019-11-14T06:45:23Z</updateDate>
    <titles>
      <item>
        <chamberCode />
        <parentTitleType />
        <title>A resolution expressing the sense of the Senate that Members of Congress and their staffs, employees of the Executive Office of the President and executive branch agencies, and the President of the United States have a duty to protect the identities of whistleblowers and safeguard whistleblowers from retaliation.</title>
        <titleType>Official Title as Introduced</titleType>
        <chamberName />
      </item>
      <item>
        <chamberCode />
        <parentTitleType />
        <title>A resolution expressing the sense of the Senate that Members of Congress and their staffs, employees of the Executive Office of the President and executive branch agencies, and the President of the United States have a duty to protect the identities of whistleblowers and safeguard whistleblowers from retaliation.</title>
        <titleType>Display Title</titleType>
        <chamberName />
      </item>
    </titles>
    <committeeReports />
    <textVersions>
      <item>
        <date>2019-11-06T05:00:00Z</date>
        <type>Introduced in Senate</type>
        <formats>
          <item>
            <url>https://www.govinfo.gov/content/pkg/BILLS-116sres408is/xml/BILLS-116sres408is.xml</url>
          </item>
        </formats>
      </item>
    </textVersions>
    <cboCostEstimates />
    <congress>116</congress>
    <calendarNumbers />
    <sponsors>
      <item>
        <middleName>K.</middleName>
        <bioguideId>H001042</bioguideId>
        <firstName>Mazie</firstName>
        <party>D</party>
        <byRequestType />
        <fullName>Sen. Hirono, Mazie K. [D-HI]</fullName>
        <identifiers>
          <lisID>1844</lisID>
          <gpoId>7913</gpoId>
          <bioguideId>H001042</bioguideId>
        </identifiers>
        <lastName>Hirono</lastName>
        <state>HI</state>
      </item>
    </sponsors>
    <summaries>
      <billSummaries />
    </summaries>
    <subjects>
      <billSubjects>
        <legislativeSubjects />
      </billSubjects>
    </subjects>
    <billType>SRES</billType>
    <title>A resolution expressing the sense of the Senate that Members of Congress and their staffs, employees of the Executive Office of the President and executive branch agencies, and the President of the United States have a duty to protect the identities of whistleblowers and safeguard whistleblowers from retaliation.</title>
    <introducedDate>2019-11-06</introducedDate>
    <laws />
    <policyArea />
    <relatedBills />
    <notes />
    <originChamber>Senate</originChamber>
    <actions>
      <item>
        <actionDate>2019-11-06</actionDate>
        <committee>
          <systemCode>ssga00</systemCode>
          <name>Homeland Security and Governmental Affairs Committee</name>
        </committee>
        <links>
          <link>
            <url>https://www.congress.gov/congressional-record/volume-165/senate-section/page/S6451</url>
            <name>S6451</name>
          </link>
        </links>
        <sourceSystem>
          <code>0</code>
          <name>Senate</name>
        </sourceSystem>
        <text>Referred to the Committee on Homeland Security and Governmental Affairs. (text: CR S6451)</text>
        <type>IntroReferral</type>
      </item>
      <item>
        <actionCode>10000</actionCode>
        <actionDate>2019-11-06</actionDate>
        <committee />
        <links />
        <text>Introduced in Senate</text>
        <sourceSystem>
          <code>9</code>
          <name>Library of Congress</name>
        </sourceSystem>
        <type>IntroReferral</type>
      </item>
      <actionByCounts>
        <senate>2</senate>
      </actionByCounts>
      <actionTypeCounts>
        <referredToCommittee>1</referredToCommittee>
        <introducedInSenate>1</introducedInSenate>
      </actionTypeCounts>
    </actions>
    <version>1.0.0</version>
    <createDate>2019-11-07T05:27:28Z</createDate>
    <latestAction>
      <actionDate>2019-11-06</actionDate>
      <links />
      <text>Referred to the Committee on Homeland Security and Governmental Affairs. (text: CR S6451)</text>
    </latestAction>
    <amendments />
    <recordedVotes />
  </bill>
  <dublinCore xmlns:dc="http://purl.org/dc/elements/1.1/">
    <dc:format>text/xml</dc:format>
    <dc:language>EN</dc:language>
    <dc:rights>Pursuant to Title 17 Section 105 of the United States Code, this file is not subject to copyright protection and is in the public domain.</dc:rights>
    <dc:contributor>Congressional Research Service, Library of Congress</dc:contributor>
    <dc:description>This file contains bill summaries and statuses for federal legislation. A bill summary describes the most significant provisions of a piece of legislation and details the effects the legislative text may have on current law and federal programs. Bill summaries are authored by the Congressional Research Service (CRS) of the Library of Congress. As stated in Public Law 91-510 (2 USC 166 (d)(6)), one of the duties of CRS is "to prepare summaries and digests of bills and resolutions of a public general nature introduced in the Senate or House of Representatives". For more information, refer to the User Guide that accompanies this file.</dc:description>
  </dublinCore>
</billStatus>

