<?xml version="1.0" encoding="UTF-8"?>
<billStatus>
  <bill>
    <cboCostEstimates />
    <recordedVotes />
    <congress>116</congress>
    <laws />
    <billType>SRES</billType>
    <relatedBills>
      <item>
        <latestTitle>Supporting the goals and ideals of The American Legion.</latestTitle>
        <number>539</number>
        <congress>116</congress>
        <latestAction>
          <actionDate>2019-08-16</actionDate>
          <text>Referred to the House Committee on Veterans' Affairs.</text>
        </latestAction>
        <relationshipDetails>
          <item>
            <type>Related bill</type>
            <identifiedBy>CRS</identifiedBy>
          </item>
        </relationshipDetails>
        <type>HRES</type>
      </item>
    </relatedBills>
    <summaries>
      <billSummaries />
    </summaries>
    <titles>
      <item>
        <titleType>Official Title as Introduced</titleType>
        <parentTitleType />
        <chamberName />
        <chamberCode />
        <title>A resolution honoring the 100th anniversary of The American Legion.</title>
      </item>
      <item>
        <titleType>Display Title</titleType>
        <parentTitleType />
        <chamberName />
        <chamberCode />
        <title>A resolution honoring the 100th anniversary of The American Legion.</title>
      </item>
    </titles>
    <title>A resolution honoring the 100th anniversary of The American Legion.</title>
    <committeeReports />
    <originChamber>Senate</originChamber>
    <amendments />
    <introducedDate>2019-06-25</introducedDate>
    <latestAction>
      <actionDate>2019-07-31</actionDate>
      <text>Star Print ordered on the resolution.</text>
      <links />
    </latestAction>
    <calendarNumbers />
    <version>1.0.0</version>
    <subjects>
      <billSubjects>
        <policyArea>
          <name>Armed Forces and National Security</name>
        </policyArea>
        <legislativeSubjects>
          <item>
            <name>Commemorative events and holidays</name>
          </item>
          <item>
            <name>Congressional tributes</name>
          </item>
          <item>
            <name>Veterans' organizations and recognition</name>
          </item>
        </legislativeSubjects>
      </billSubjects>
    </subjects>
    <createDate>2019-06-26T04:42:08Z</createDate>
    <committees>
      <billCommittees>
        <item>
          <activities>
            <item>
              <date>2019-07-31T16:24:24Z</date>
              <name>Discharged from</name>
            </item>
            <item>
              <date>2019-06-25T14:53:19Z</date>
              <name>Referred to</name>
            </item>
          </activities>
          <subcommittees />
          <type>Standing</type>
          <name>Judiciary Committee</name>
          <chamber>Senate</chamber>
          <systemCode>ssju00</systemCode>
        </item>
      </billCommittees>
    </committees>
    <updateDate>2019-09-13T19:45:16Z</updateDate>
    <actions>
      <actionTypeCounts>
        <committeeDischarged>1</committeeDischarged>
        <introducedInSenate>1</introducedInSenate>
        <passedAgreedToInSenate>1</passedAgreedToInSenate>
        <agreedToInSenate>1</agreedToInSenate>
        <senateCommitteeDischarged>1</senateCommitteeDischarged>
        <referredToCommittee>1</referredToCommittee>
        <starPrintOrdered>1</starPrintOrdered>
      </actionTypeCounts>
      <actionByCounts>
        <senate>7</senate>
      </actionByCounts>
      <item>
        <actionDate>2019-07-31</actionDate>
        <committee />
        <links />
        <sourceSystem>
          <name>Senate</name>
          <code>0</code>
        </sourceSystem>
        <text>Star Print ordered on the resolution.</text>
        <type>Floor</type>
      </item>
      <item>
        <actionDate>2019-07-31</actionDate>
        <committee />
        <links>
          <link>
            <name>CR 6/25/2019 S4510</name>
            <url>https://www.congress.gov/congressional-record/volume-165/senate-section/page/S4510</url>
          </link>
        </links>
        <sourceSystem>
          <name>Senate</name>
          <code>0</code>
        </sourceSystem>
        <text>Resolution agreed to in Senate without amendment and with a preamble by Unanimous Consent. (text: CR 6/25/2019 S4510)</text>
        <type>Floor</type>
      </item>
      <item>
        <type>Floor</type>
        <actionDate>2019-07-31</actionDate>
        <text>Passed/agreed to in Senate: Resolution agreed to in Senate without amendment and with a preamble by Unanimous Consent.(text: CR 6/25/2019 S4510)</text>
        <committee />
        <links>
          <link>
            <name>CR 6/25/2019 S4510</name>
            <url>https://www.congress.gov/congressional-record/volume-165/senate-section/page/S4510</url>
          </link>
        </links>
        <sourceSystem>
          <name>Library of Congress</name>
          <code>9</code>
        </sourceSystem>
        <actionCode>17000</actionCode>
      </item>
      <item>
        <actionDate>2019-07-31</actionDate>
        <committee>
          <systemCode>ssju00</systemCode>
          <name>Judiciary Committee</name>
        </committee>
        <links>
          <link>
            <name>S5217</name>
            <url>https://www.congress.gov/congressional-record/volume-165/senate-section/page/S5217</url>
          </link>
        </links>
        <sourceSystem>
          <name>Senate</name>
          <code>0</code>
        </sourceSystem>
        <text>Senate Committee on the Judiciary discharged by Unanimous Consent. (consideration: CR S5217)</text>
        <type>Discharge</type>
      </item>
      <item>
        <type>Committee</type>
        <actionDate>2019-07-31</actionDate>
        <text>Senate Committee on the Judiciary discharged by Unanimous Consent.(consideration: CR S5217)</text>
        <committee>
          <systemCode>ssju00</systemCode>
          <name>Judiciary Committee</name>
        </committee>
        <sourceSystem>
          <name>Library of Congress</name>
          <code>9</code>
        </sourceSystem>
        <links>
          <link>
            <name>S5217</name>
            <url>https://www.congress.gov/congressional-record/volume-165/senate-section/page/S5217</url>
          </link>
        </links>
        <actionCode>14500</actionCode>
      </item>
      <item>
        <actionDate>2019-06-25</actionDate>
        <committee>
          <systemCode>ssju00</systemCode>
          <name>Judiciary Committee</name>
        </committee>
        <links />
        <sourceSystem>
          <name>Senate</name>
          <code>0</code>
        </sourceSystem>
        <text>Referred to the Committee on the Judiciary.</text>
        <type>IntroReferral</type>
      </item>
      <item>
        <type>IntroReferral</type>
        <actionDate>2019-06-25</actionDate>
        <text>Introduced in Senate</text>
        <committee />
        <links />
        <sourceSystem>
          <name>Library of Congress</name>
          <code>9</code>
        </sourceSystem>
        <actionCode>10000</actionCode>
      </item>
    </actions>
    <notes />
    <sponsors>
      <item>
        <fullName>Sen. Braun, Mike  [R-IN]</fullName>
        <identifiers>
          <bioguideId>B001310</bioguideId>
          <lisID>2462</lisID>
          <gpoId />
        </identifiers>
        <byRequestType />
        <firstName>Mike</firstName>
        <bioguideId>B001310</bioguideId>
        <party>R</party>
        <middleName />
        <lastName>Braun</lastName>
        <state>IN</state>
      </item>
    </sponsors>
    <cosponsors>
      <item>
        <fullName>Sen. Tester, Jon [D-MT]</fullName>
        <identifiers>
          <lisID>1829</lisID>
          <bioguideId>T000464</bioguideId>
          <gpoId>8258</gpoId>
        </identifiers>
        <bioguideId>T000464</bioguideId>
        <firstName>Jon</firstName>
        <sponsorshipDate>2019-06-25</sponsorshipDate>
        <isOriginalCosponsor>True</isOriginalCosponsor>
        <party>D</party>
        <sponsorshipWithdrawnDate />
        <middleName />
        <lastName>Tester</lastName>
        <state>MT</state>
      </item>
      <item>
        <fullName>Sen. Young, Todd [R-IN]</fullName>
        <identifiers>
          <lisID>2019</lisID>
          <bioguideId>Y000064</bioguideId>
          <gpoId>7948</gpoId>
        </identifiers>
        <bioguideId>Y000064</bioguideId>
        <firstName>Todd</firstName>
        <sponsorshipDate>2019-06-25</sponsorshipDate>
        <isOriginalCosponsor>True</isOriginalCosponsor>
        <party>R</party>
        <sponsorshipWithdrawnDate />
        <middleName />
        <lastName>Young</lastName>
        <state>IN</state>
      </item>
      <item>
        <fullName>Sen. Jones, Doug  [D-AL]</fullName>
        <identifiers>
          <lisID>2364</lisID>
          <bioguideId>J000300</bioguideId>
          <gpoId />
        </identifiers>
        <bioguideId>J000300</bioguideId>
        <firstName>Doug</firstName>
        <sponsorshipDate>2019-06-25</sponsorshipDate>
        <isOriginalCosponsor>True</isOriginalCosponsor>
        <party>D</party>
        <sponsorshipWithdrawnDate />
        <middleName />
        <lastName>Jones</lastName>
        <state>AL</state>
      </item>
      <item>
        <fullName>Sen. Brown, Sherrod [D-OH]</fullName>
        <identifiers>
          <gpoId>8309</gpoId>
          <lisID>136</lisID>
          <bioguideId>B000944</bioguideId>
        </identifiers>
        <bioguideId>B000944</bioguideId>
        <firstName>Sherrod</firstName>
        <sponsorshipDate>2019-07-17</sponsorshipDate>
        <isOriginalCosponsor>False</isOriginalCosponsor>
        <party>D</party>
        <sponsorshipWithdrawnDate />
        <middleName />
        <lastName>Brown</lastName>
        <state>OH</state>
      </item>
      <item>
        <fullName>Sen. Wicker, Roger F. [R-MS]</fullName>
        <identifiers>
          <lisID>1226</lisID>
          <bioguideId>W000437</bioguideId>
          <gpoId>8263</gpoId>
        </identifiers>
        <bioguideId>W000437</bioguideId>
        <firstName>ROGER</firstName>
        <sponsorshipDate>2019-07-22</sponsorshipDate>
        <isOriginalCosponsor>False</isOriginalCosponsor>
        <party>R</party>
        <sponsorshipWithdrawnDate />
        <middleName>F.</middleName>
        <lastName>WICKER</lastName>
        <state>MS</state>
      </item>
      <item>
        <fullName>Sen. Warren, Elizabeth [D-MA]</fullName>
        <identifiers>
          <bioguideId>W000817</bioguideId>
          <lisID>2182</lisID>
          <gpoId />
        </identifiers>
        <bioguideId>W000817</bioguideId>
        <firstName>Elizabeth</firstName>
        <sponsorshipDate>2019-07-23</sponsorshipDate>
        <isOriginalCosponsor>False</isOriginalCosponsor>
        <party>D</party>
        <sponsorshipWithdrawnDate />
        <middleName>A.</middleName>
        <lastName>Warren</lastName>
        <state>MA</state>
      </item>
      <item>
        <fullName>Sen. Sinema, Kyrsten [D-AZ]</fullName>
        <identifiers>
          <gpoId />
          <lisID>2099</lisID>
          <bioguideId>S001191</bioguideId>
        </identifiers>
        <bioguideId>S001191</bioguideId>
        <firstName>Kyrsten</firstName>
        <sponsorshipDate>2019-07-23</sponsorshipDate>
        <isOriginalCosponsor>False</isOriginalCosponsor>
        <party>D</party>
        <sponsorshipWithdrawnDate />
        <middleName />
        <lastName>Sinema</lastName>
        <state>AZ</state>
      </item>
      <item>
        <fullName>Sen. Ernst, Joni  [R-IA]</fullName>
        <identifiers>
          <bioguideId>E000295</bioguideId>
          <lisID>2283</lisID>
          <gpoId />
        </identifiers>
        <bioguideId>E000295</bioguideId>
        <firstName>Joni</firstName>
        <sponsorshipDate>2019-07-23</sponsorshipDate>
        <isOriginalCosponsor>False</isOriginalCosponsor>
        <party>R</party>
        <sponsorshipWithdrawnDate />
        <middleName />
        <lastName>Ernst</lastName>
        <state>IA</state>
      </item>
      <item>
        <fullName>Sen. McSally, Martha [R-AZ]</fullName>
        <identifiers>
          <lisID>2225</lisID>
          <bioguideId>M001197</bioguideId>
          <gpoId />
        </identifiers>
        <bioguideId>M001197</bioguideId>
        <firstName>Martha</firstName>
        <sponsorshipDate>2019-07-23</sponsorshipDate>
        <isOriginalCosponsor>False</isOriginalCosponsor>
        <party>R</party>
        <sponsorshipWithdrawnDate />
        <middleName />
        <lastName>McSally</lastName>
        <state>AZ</state>
      </item>
      <item>
        <fullName>Sen. Inhofe, James M. [R-OK]</fullName>
        <identifiers>
          <bioguideId>I000024</bioguideId>
          <lisID>583</lisID>
          <gpoId>8322</gpoId>
        </identifiers>
        <bioguideId>I000024</bioguideId>
        <firstName>JIM</firstName>
        <sponsorshipDate>2019-07-29</sponsorshipDate>
        <isOriginalCosponsor>False</isOriginalCosponsor>
        <party>R</party>
        <sponsorshipWithdrawnDate />
        <middleName />
        <lastName>INHOFE</lastName>
        <state>OK</state>
      </item>
    </cosponsors>
    <billNumber>263</billNumber>
    <policyArea>
      <name>Armed Forces and National Security</name>
    </policyArea>
    <textVersions>
      <item>
        <type>Agreed to Senate</type>
        <date>2019-07-31T04:00:00Z</date>
        <formats>
          <item>
            <url>https://www.govinfo.gov/content/pkg/BILLS-116sres263ats/xml/BILLS-116sres263ats.xml</url>
          </item>
        </formats>
      </item>
      <item>
        <type>Introduced in Senate</type>
        <date>2019-06-25T04:00:00Z</date>
        <formats>
          <item>
            <url>https://www.govinfo.gov/content/pkg/BILLS-116sres263is/xml/BILLS-116sres263is.xml</url>
          </item>
        </formats>
      </item>
    </textVersions>
  </bill>
  <dublinCore xmlns:dc="http://purl.org/dc/elements/1.1/">
    <dc:format>text/xml</dc:format>
    <dc:language>EN</dc:language>
    <dc:rights>Pursuant to Title 17 Section 105 of the United States Code, this file is not subject to copyright protection and is in the public domain.</dc:rights>
    <dc:contributor>Congressional Research Service, Library of Congress</dc:contributor>
    <dc:description>This file contains bill summaries and statuses for federal legislation. A bill summary describes the most significant provisions of a piece of legislation and details the effects the legislative text may have on current law and federal programs. Bill summaries are authored by the Congressional Research Service (CRS) of the Library of Congress. As stated in Public Law 91-510 (2 USC 166 (d)(6)), one of the duties of CRS is "to prepare summaries and digests of bills and resolutions of a public general nature introduced in the Senate or House of Representatives". For more information, refer to the User Guide that accompanies this file.</dc:description>
  </dublinCore>
</billStatus>

