<?xml version="1.0" encoding="UTF-8"?>
<billStatus>
  <bill>
    <notes />
    <title>A resolution instructing the managers on the part of the Senate on the bill S. 1790 (116th Congress) to insist upon the members of the conference to consider potential commonsense solutions regarding family and medical leave, including voluntary compensatory time programs and incentives through the tax code.</title>
    <congress>116</congress>
    <createDate>2019-09-26T04:27:29Z</createDate>
    <policyArea>
      <name>Congress</name>
    </policyArea>
    <billNumber>336</billNumber>
    <originChamber>Senate</originChamber>
    <calendarNumbers />
    <cboCostEstimates />
    <amendments />
    <relatedBills />
    <introducedDate>2019-09-25</introducedDate>
    <committees>
      <billCommittees />
    </committees>
    <billType>SRES</billType>
    <recordedVotes>
      <recordedVote>
        <date>2019-09-25T21:54:53Z</date>
        <congress>116</congress>
        <rollNumber>307</rollNumber>
        <fullActionName>AGREED TO IN SENATE</fullActionName>
        <url>http://www.senate.gov/legislative/LIS/roll_call_lists/roll_call_vote_cfm.cfm?&amp;congress=116&amp;session=1&amp;vote=00307</url>
        <sessionNumber>1</sessionNumber>
        <chamber>Senate</chamber>
      </recordedVote>
    </recordedVotes>
    <actions>
      <actionTypeCounts>
        <agreedToInSenate>1</agreedToInSenate>
        <passedAgreedToInSenate>1</passedAgreedToInSenate>
        <introducedInSenate>2</introducedInSenate>
        <measureLaidBeforeSenate>1</measureLaidBeforeSenate>
      </actionTypeCounts>
      <item>
        <actionDate>2019-09-25</actionDate>
        <committee />
        <links>
          <link>
            <url>http://www.senate.gov/legislative/LIS/roll_call_lists/roll_call_vote_cfm.cfm?congress=116&amp;session=1&amp;vote=00307</url>
            <name>Record Vote Number: 307</name>
          </link>
          <link>
            <url>https://www.congress.gov/congressional-record/volume-165/senate-section/page/S5709</url>
            <name>S5709</name>
          </link>
        </links>
        <sourceSystem>
          <code>0</code>
          <name>Senate</name>
        </sourceSystem>
        <text>Resolution agreed to in Senate without amendment by Yea-Nay Vote. 55 - 39. Record Vote Number: 307. (text: CR S5709)</text>
        <type>Floor</type>
      </item>
      <item>
        <text>Passed/agreed to in Senate: Resolution agreed to in Senate without amendment by Yea-Nay Vote. 55 - 39. Record Vote Number: 307.(text: CR S5709)</text>
        <committee />
        <links>
          <link>
            <url>http://www.senate.gov/legislative/LIS/roll_call_lists/roll_call_vote_cfm.cfm?congress=116&amp;session=1&amp;vote=00307</url>
            <name>Record Vote Number: 307</name>
          </link>
          <link>
            <url>https://www.congress.gov/congressional-record/volume-165/senate-section/page/S5709</url>
            <name>S5709</name>
          </link>
        </links>
        <type>Floor</type>
        <actionCode>17000</actionCode>
        <actionDate>2019-09-25</actionDate>
        <sourceSystem>
          <code>9</code>
          <name>Library of Congress</name>
        </sourceSystem>
      </item>
      <item>
        <actionDate>2019-09-25</actionDate>
        <committee />
        <links>
          <link>
            <url>https://www.congress.gov/congressional-record/volume-165/senate-section/page/S5681</url>
            <name>S5681</name>
          </link>
          <link>
            <url>https://www.congress.gov/congressional-record/volume-165/senate-section/page/S5694-5695</url>
            <name>S5694-5695</name>
          </link>
        </links>
        <sourceSystem>
          <code>0</code>
          <name>Senate</name>
        </sourceSystem>
        <text>Measure laid before Senate by unanimous consent. (consideration: CR S5681, S5694-5695)</text>
        <type>Floor</type>
      </item>
      <item>
        <actionDate>2019-09-25</actionDate>
        <committee />
        <links />
        <sourceSystem>
          <code>0</code>
          <name>Senate</name>
        </sourceSystem>
        <text>Submitted in the Senate.</text>
        <type>IntroReferral</type>
      </item>
      <item>
        <text>Introduced in Senate</text>
        <committee />
        <links />
        <type>IntroReferral</type>
        <actionCode>10000</actionCode>
        <actionDate>2019-09-25</actionDate>
        <sourceSystem>
          <code>9</code>
          <name>Library of Congress</name>
        </sourceSystem>
      </item>
      <actionByCounts>
        <senate>5</senate>
      </actionByCounts>
    </actions>
    <updateDate>2019-11-07T11:02:10Z</updateDate>
    <version>1.0.0</version>
    <committeeReports />
    <laws />
    <subjects>
      <billSubjects>
        <legislativeSubjects />
        <policyArea>
          <name>Congress</name>
        </policyArea>
      </billSubjects>
    </subjects>
    <sponsors>
      <item>
        <fullName>Sen. Ernst, Joni  [R-IA]</fullName>
        <lastName>Ernst</lastName>
        <middleName />
        <state>IA</state>
        <bioguideId>E000295</bioguideId>
        <identifiers>
          <lisID>2283</lisID>
          <bioguideId>E000295</bioguideId>
          <gpoId />
        </identifiers>
        <firstName>Joni</firstName>
        <byRequestType />
        <party>R</party>
      </item>
    </sponsors>
    <latestAction>
      <actionDate>2019-09-25</actionDate>
      <links />
      <text>Resolution agreed to in Senate without amendment by Yea-Nay Vote. 55 - 39. Record Vote Number: 307. (text: CR S5709)</text>
    </latestAction>
    <summaries>
      <billSummaries>
        <item>
          <text><![CDATA[<p>This resolution instructs Senate conferees on the conference committee for S. 1790 (National Defense Authorization Act for Fiscal Year 2020) to insist that members of the conference consider potential commonsense solutions regarding family and medical leave, including voluntary compensatory time programs and incentives through the tax code.</p>]]></text>
          <lastSummaryUpdateDate>2019-11-04T17:30:29Z</lastSummaryUpdateDate>
          <name>Introduced in Senate</name>
          <versionCode>00</versionCode>
          <actionDesc>Introduced in Senate</actionDesc>
          <updateDate>2019-09-25T04:00:00Z</updateDate>
          <actionDate>2019-09-25</actionDate>
        </item>
        <item>
          <text><![CDATA[<p>This resolution instructs Senate conferees on the conference committee for S. 1790 (National Defense Authorization Act for Fiscal Year 2020) to insist that members of the conference consider potential commonsense solutions regarding family and medical leave, including voluntary compensatory time programs and incentives through the tax code.</p>]]></text>
          <lastSummaryUpdateDate>2019-11-04T17:30:23Z</lastSummaryUpdateDate>
          <name>Passed Senate</name>
          <versionCode>55</versionCode>
          <actionDesc>Passed Senate</actionDesc>
          <updateDate>2019-09-25T18:27:58Z</updateDate>
          <actionDate>2019-09-25</actionDate>
        </item>
      </billSummaries>
    </summaries>
    <cosponsors />
    <textVersions>
      <item>
        <type>Agreed to Senate</type>
        <date>2019-09-25T04:00:00Z</date>
        <formats>
          <item>
            <url>https://www.govinfo.gov/content/pkg/BILLS-116sres336ats/xml/BILLS-116sres336ats.xml</url>
          </item>
        </formats>
      </item>
    </textVersions>
    <titles>
      <item>
        <parentTitleType />
        <title>A resolution instructing the managers on the part of the Senate on the bill S. 1790 (116th Congress) to insist upon the members of the conference to consider potential commonsense solutions regarding family and medical leave, including voluntary compensatory time programs and incentives through the tax code.</title>
        <titleType>Official Title as Introduced</titleType>
        <chamberCode />
        <chamberName />
      </item>
      <item>
        <parentTitleType />
        <title>A resolution instructing the managers on the part of the Senate on the bill S. 1790 (116th Congress) to insist upon the members of the conference to consider potential commonsense solutions regarding family and medical leave, including voluntary compensatory time programs and incentives through the tax code.</title>
        <titleType>Display Title</titleType>
        <chamberCode />
        <chamberName />
      </item>
    </titles>
  </bill>
  <dublinCore xmlns:dc="http://purl.org/dc/elements/1.1/">
    <dc:format>text/xml</dc:format>
    <dc:language>EN</dc:language>
    <dc:rights>Pursuant to Title 17 Section 105 of the United States Code, this file is not subject to copyright protection and is in the public domain.</dc:rights>
    <dc:contributor>Congressional Research Service, Library of Congress</dc:contributor>
    <dc:description>This file contains bill summaries and statuses for federal legislation. A bill summary describes the most significant provisions of a piece of legislation and details the effects the legislative text may have on current law and federal programs. Bill summaries are authored by the Congressional Research Service (CRS) of the Library of Congress. As stated in Public Law 91-510 (2 USC 166 (d)(6)), one of the duties of CRS is "to prepare summaries and digests of bills and resolutions of a public general nature introduced in the Senate or House of Representatives". For more information, refer to the User Guide that accompanies this file.</dc:description>
  </dublinCore>
</billStatus>

