<?xml version="1.0" encoding="UTF-8"?>
<billStatus>
  <bill>
    <createDate>2019-01-04T13:32:58Z</createDate>
    <introducedDate>2019-01-03</introducedDate>
    <originChamber>Senate</originChamber>
    <textVersions>
      <item>
        <type>Agreed to Senate</type>
        <formats>
          <item>
            <url>https://www.govinfo.gov/content/pkg/BILLS-116sres6ats/xml/BILLS-116sres6ats.xml</url>
          </item>
        </formats>
        <date>2019-01-03T05:00:00Z</date>
      </item>
    </textVersions>
    <committees>
      <billCommittees />
    </committees>
    <subjects>
      <billSubjects>
        <policyArea>
          <name>Congress</name>
        </policyArea>
        <legislativeSubjects>
          <item>
            <name>Congressional operations and organization</name>
          </item>
          <item>
            <name>Legislative rules and procedure</name>
          </item>
          <item>
            <name>Senate</name>
          </item>
        </legislativeSubjects>
      </billSubjects>
    </subjects>
    <cosponsors />
    <notes />
    <sponsors>
      <item>
        <firstName>MITCH</firstName>
        <byRequestType />
        <middleName />
        <fullName>Sen. McConnell, Mitch [R-KY]</fullName>
        <state>KY</state>
        <party>R</party>
        <bioguideId>M000355</bioguideId>
        <identifiers>
          <bioguideId>M000355</bioguideId>
          <lisID>1395</lisID>
          <gpoId>8254</gpoId>
        </identifiers>
        <lastName>MCCONNELL</lastName>
      </item>
    </sponsors>
    <policyArea>
      <name>Congress</name>
    </policyArea>
    <laws />
    <latestAction>
      <links />
      <actionDate>2019-01-03</actionDate>
      <text>Submitted in the Senate, considered, and agreed to without amendment by Unanimous Consent. (consideration: CR S6; text: CR S6)</text>
    </latestAction>
    <actions>
      <actionByCounts>
        <senate>3</senate>
      </actionByCounts>
      <item>
        <actionDate>2019-01-03</actionDate>
        <committee />
        <links>
          <link>
            <url>https://www.congress.gov/congressional-record/volume-165/senate-section/page/S6</url>
            <name>S6</name>
          </link>
        </links>
        <sourceSystem>
          <code>0</code>
          <name>Senate</name>
        </sourceSystem>
        <text>Submitted in the Senate, considered, and agreed to without amendment by Unanimous Consent. (consideration: CR S6; text: CR S6)</text>
        <type>Floor</type>
      </item>
      <item>
        <actionDate>2019-01-03</actionDate>
        <actionCode>17000</actionCode>
        <text>Passed/agreed to in Senate: Submitted in the Senate, considered, and agreed to without amendment by Unanimous Consent.(consideration: CR S6; text: CR S6)</text>
        <type>Floor</type>
        <committee />
        <links>
          <link>
            <url>https://www.congress.gov/congressional-record/volume-165/senate-section/page/S6</url>
            <name>S6</name>
          </link>
        </links>
        <sourceSystem>
          <code>9</code>
          <name>Library of Congress</name>
        </sourceSystem>
      </item>
      <item>
        <actionDate>2019-01-03</actionDate>
        <actionCode>10000</actionCode>
        <text>Introduced in Senate</text>
        <type>IntroReferral</type>
        <committee />
        <links />
        <sourceSystem>
          <code>9</code>
          <name>Library of Congress</name>
        </sourceSystem>
      </item>
      <actionTypeCounts>
        <passedOrAgreedToInSenateDayOf>1</passedOrAgreedToInSenateDayOf>
        <introducedInSenate>1</introducedInSenate>
        <passedAgreedToInSenate>1</passedAgreedToInSenate>
      </actionTypeCounts>
    </actions>
    <summaries>
      <billSummaries>
        <item>
          <text><![CDATA[<p>This resolution sets the daily meeting of the Senate at noon unless otherwise ordered.</p>]]></text>
          <name>Introduced in Senate</name>
          <actionDesc>Introduced in Senate</actionDesc>
          <versionCode>00</versionCode>
          <lastSummaryUpdateDate>2019-01-08T17:16:01Z</lastSummaryUpdateDate>
          <updateDate>2019-01-03T05:00:00Z</updateDate>
          <actionDate>2019-01-03</actionDate>
        </item>
        <item>
          <text><![CDATA[<p>This resolution sets the daily meeting of the Senate at noon unless otherwise ordered.</p>]]></text>
          <name>Passed Senate</name>
          <actionDesc>Passed Senate</actionDesc>
          <versionCode>55</versionCode>
          <lastSummaryUpdateDate>2019-01-08T17:16:09Z</lastSummaryUpdateDate>
          <updateDate>2019-01-03T18:50:50Z</updateDate>
          <actionDate>2019-01-03</actionDate>
        </item>
      </billSummaries>
    </summaries>
    <amendments />
    <titles>
      <item>
        <parentTitleType />
        <title>A resolution fixing the hour of daily meeting of the Senate.</title>
        <titleType>Official Title as Introduced</titleType>
        <chamberCode />
        <chamberName />
      </item>
      <item>
        <parentTitleType />
        <title>A resolution fixing the hour of daily meeting of the Senate.</title>
        <titleType>Display Title</titleType>
        <chamberCode />
        <chamberName />
      </item>
    </titles>
    <version>1.0.0</version>
    <recordedVotes />
    <committeeReports />
    <title>A resolution fixing the hour of daily meeting of the Senate.</title>
    <congress>116</congress>
    <updateDate>2019-04-02T17:41:08Z</updateDate>
    <billNumber>6</billNumber>
    <relatedBills>
      <item>
        <number>9</number>
        <type>SRES</type>
        <latestTitle>A resolution fixing the hour of daily meeting of the Senate.</latestTitle>
        <latestAction>
          <text>Submitted in the Senate. Placed on Senate Legislative Calendar under Over, Under the Rule.</text>
          <actionDate>2019-01-03</actionDate>
        </latestAction>
        <relationshipDetails>
          <item>
            <type>Related bill</type>
            <identifiedBy>CRS</identifiedBy>
          </item>
        </relationshipDetails>
        <congress>116</congress>
      </item>
    </relatedBills>
    <billType>SRES</billType>
    <calendarNumbers />
    <cboCostEstimates />
  </bill>
  <dublinCore xmlns:dc="http://purl.org/dc/elements/1.1/">
    <dc:format>text/xml</dc:format>
    <dc:language>EN</dc:language>
    <dc:rights>Pursuant to Title 17 Section 105 of the United States Code, this file is not subject to copyright protection and is in the public domain.</dc:rights>
    <dc:contributor>Congressional Research Service, Library of Congress</dc:contributor>
    <dc:description>This file contains bill summaries and statuses for federal legislation. A bill summary describes the most significant provisions of a piece of legislation and details the effects the legislative text may have on current law and federal programs. Bill summaries are authored by the Congressional Research Service (CRS) of the Library of Congress. As stated in Public Law 91-510 (2 USC 166 (d)(6)), one of the duties of CRS is "to prepare summaries and digests of bills and resolutions of a public general nature introduced in the Senate or House of Representatives". For more information, refer to the User Guide that accompanies this file.</dc:description>
  </dublinCore>
</billStatus>

