<?xml version="1.0" encoding="UTF-8"?>
<billStatus>
  <bill>
    <committeeReports />
    <billType>SRES</billType>
    <amendments />
    <cosponsors />
    <cboCostEstimates />
    <textVersions>
      <item>
        <type>Introduced in Senate</type>
        <date>2019-10-31T04:00:00Z</date>
        <formats>
          <item>
            <url>https://www.govinfo.gov/content/pkg/BILLS-116sres405is/xml/BILLS-116sres405is.xml</url>
          </item>
        </formats>
      </item>
    </textVersions>
    <relatedBills />
    <summaries>
      <billSummaries />
    </summaries>
    <latestAction>
      <links />
      <text>Referred to the Committee on Health, Education, Labor, and Pensions. (text: CR S6346)</text>
      <actionDate>2019-10-31</actionDate>
    </latestAction>
    <actions>
      <actionTypeCounts>
        <introducedInSenate>1</introducedInSenate>
        <referredToCommittee>1</referredToCommittee>
      </actionTypeCounts>
      <actionByCounts>
        <senate>2</senate>
      </actionByCounts>
      <item>
        <actionDate>2019-10-31</actionDate>
        <committee>
          <name>Health, Education, Labor, and Pensions Committee</name>
          <systemCode>sshr00</systemCode>
        </committee>
        <links>
          <link>
            <url>https://www.congress.gov/congressional-record/volume-165/senate-section/page/S6346</url>
            <name>S6346</name>
          </link>
        </links>
        <sourceSystem>
          <name>Senate</name>
          <code>0</code>
        </sourceSystem>
        <text>Referred to the Committee on Health, Education, Labor, and Pensions. (text: CR S6346)</text>
        <type>IntroReferral</type>
      </item>
      <item>
        <links />
        <actionDate>2019-10-31</actionDate>
        <sourceSystem>
          <name>Library of Congress</name>
          <code>9</code>
        </sourceSystem>
        <actionCode>10000</actionCode>
        <type>IntroReferral</type>
        <committee />
        <text>Introduced in Senate</text>
      </item>
    </actions>
    <version>1.0.0</version>
    <policyArea>
      <name>Health</name>
    </policyArea>
    <congress>116</congress>
    <billNumber>405</billNumber>
    <updateDate>2019-11-27T05:42:51Z</updateDate>
    <committees>
      <billCommittees>
        <item>
          <subcommittees />
          <chamber>Senate</chamber>
          <activities>
            <item>
              <name>Referred to</name>
              <date>2019-10-31T21:32:54Z</date>
            </item>
          </activities>
          <systemCode>sshr00</systemCode>
          <name>Health, Education, Labor, and Pensions Committee</name>
          <type>Standing</type>
        </item>
      </billCommittees>
    </committees>
    <title>A resolution expressing support for the designation of October as "Brain Health Awareness Month".</title>
    <subjects>
      <billSubjects>
        <policyArea>
          <name>Health</name>
        </policyArea>
        <legislativeSubjects />
      </billSubjects>
    </subjects>
    <calendarNumbers />
    <recordedVotes />
    <introducedDate>2019-10-31</introducedDate>
    <createDate>2019-11-01T04:57:37Z</createDate>
    <originChamber>Senate</originChamber>
    <sponsors>
      <item>
        <firstName>CHARLES</firstName>
        <party>R</party>
        <fullName>Sen. Grassley, Chuck [R-IA]</fullName>
        <identifiers>
          <gpoId>8316</gpoId>
          <lisID>457</lisID>
          <bioguideId>G000386</bioguideId>
        </identifiers>
        <byRequestType />
        <bioguideId>G000386</bioguideId>
        <state>IA</state>
        <middleName>ERNEST</middleName>
        <lastName>GRASSLEY</lastName>
      </item>
    </sponsors>
    <laws />
    <notes />
    <titles>
      <item>
        <title>A resolution expressing support for the designation of October as "Brain Health Awareness Month".</title>
        <parentTitleType />
        <chamberName />
        <titleType>Official Title as Introduced</titleType>
        <chamberCode />
      </item>
      <item>
        <title>A resolution expressing support for the designation of October as "Brain Health Awareness Month".</title>
        <parentTitleType />
        <chamberName />
        <titleType>Display Title</titleType>
        <chamberCode />
      </item>
    </titles>
  </bill>
  <dublinCore xmlns:dc="http://purl.org/dc/elements/1.1/">
    <dc:format>text/xml</dc:format>
    <dc:language>EN</dc:language>
    <dc:rights>Pursuant to Title 17 Section 105 of the United States Code, this file is not subject to copyright protection and is in the public domain.</dc:rights>
    <dc:contributor>Congressional Research Service, Library of Congress</dc:contributor>
    <dc:description>This file contains bill summaries and statuses for federal legislation. A bill summary describes the most significant provisions of a piece of legislation and details the effects the legislative text may have on current law and federal programs. Bill summaries are authored by the Congressional Research Service (CRS) of the Library of Congress. As stated in Public Law 91-510 (2 USC 166 (d)(6)), one of the duties of CRS is "to prepare summaries and digests of bills and resolutions of a public general nature introduced in the Senate or House of Representatives". For more information, refer to the User Guide that accompanies this file.</dc:description>
  </dublinCore>
</billStatus>

