<?xml version="1.0" encoding="UTF-8"?>
<billStatus>
  <bill>
    <committees>
      <billCommittees />
    </committees>
    <billType>SRES</billType>
    <recordedVotes />
    <billNumber>326</billNumber>
    <policyArea>
      <name>Labor and Employment</name>
    </policyArea>
    <updateDate>2019-11-15T05:58:54Z</updateDate>
    <originChamber>Senate</originChamber>
    <titles>
      <item>
        <parentTitleType />
        <title>A resolution recognizing the 25th anniversary of AmeriCorps.</title>
        <chamberName />
        <titleType>Official Title as Introduced</titleType>
        <chamberCode />
      </item>
      <item>
        <parentTitleType />
        <title>A resolution recognizing the 25th anniversary of AmeriCorps.</title>
        <chamberName />
        <titleType>Display Title</titleType>
        <chamberCode />
      </item>
    </titles>
    <laws />
    <latestAction>
      <text>Submitted in the Senate, considered, and agreed to without amendment and with a preamble by Voice Vote. (consideration: CR S5669-5670; text: CR S5666)</text>
      <actionDate>2019-09-24</actionDate>
      <links />
    </latestAction>
    <amendments />
    <congress>116</congress>
    <title>A resolution recognizing the 25th anniversary of AmeriCorps.</title>
    <relatedBills>
      <item>
        <type>HCONRES</type>
        <relationshipDetails>
          <item>
            <type>Identical bill</type>
            <identifiedBy>CRS</identifiedBy>
          </item>
        </relationshipDetails>
        <congress>116</congress>
        <number>64</number>
        <latestAction>
          <actionDate>2019-09-18</actionDate>
          <text>Referred to the House Committee on Education and Labor.</text>
        </latestAction>
        <latestTitle>Recognizing the 25th anniversary of AmeriCorps.</latestTitle>
      </item>
    </relatedBills>
    <notes />
    <introducedDate>2019-09-24</introducedDate>
    <subjects>
      <billSubjects>
        <policyArea>
          <name>Labor and Employment</name>
        </policyArea>
        <legislativeSubjects>
          <item>
            <name>Commemorative events and holidays</name>
          </item>
          <item>
            <name>Congressional tributes</name>
          </item>
          <item>
            <name>National and community service</name>
          </item>
          <item>
            <name>Social work, volunteer service, charitable organizations</name>
          </item>
        </legislativeSubjects>
      </billSubjects>
    </subjects>
    <calendarNumbers />
    <summaries>
      <billSummaries>
        <item>
          <text><![CDATA[<p>This resolution acknowledges the significant impact and value of AmeriCorps members, alumni, and community partners over the past 25 years.</p>]]></text>
          <versionCode>00</versionCode>
          <lastSummaryUpdateDate>2019-10-10T17:06:14Z</lastSummaryUpdateDate>
          <actionDesc>Introduced in Senate</actionDesc>
          <actionDate>2019-09-24</actionDate>
          <name>Introduced in Senate</name>
          <updateDate>2019-09-24T04:00:00Z</updateDate>
        </item>
        <item>
          <text><![CDATA[<p>This resolution acknowledges the significant impact and value of AmeriCorps members, alumni, and community partners over the past 25 years.</p>]]></text>
          <versionCode>55</versionCode>
          <lastSummaryUpdateDate>2019-10-10T17:06:25Z</lastSummaryUpdateDate>
          <actionDesc>Passed Senate</actionDesc>
          <actionDate>2019-09-24</actionDate>
          <name>Passed Senate</name>
          <updateDate>2019-09-24T17:41:22Z</updateDate>
        </item>
      </billSummaries>
    </summaries>
    <actions>
      <item>
        <actionDate>2019-09-24</actionDate>
        <committee />
        <links>
          <link>
            <url>https://www.congress.gov/congressional-record/volume-165/senate-section/page/S5666</url>
            <name>S5666</name>
          </link>
          <link>
            <url>https://www.congress.gov/congressional-record/volume-165/senate-section/page/S5669-5670</url>
            <name>S5669-5670</name>
          </link>
        </links>
        <sourceSystem>
          <code>0</code>
          <name>Senate</name>
        </sourceSystem>
        <text>Submitted in the Senate, considered, and agreed to without amendment and with a preamble by Voice Vote. (consideration: CR S5669-5670; text: CR S5666)</text>
        <type>Floor</type>
      </item>
      <item>
        <type>Floor</type>
        <committee />
        <actionCode>17000</actionCode>
        <actionDate>2019-09-24</actionDate>
        <links>
          <link>
            <url>https://www.congress.gov/congressional-record/volume-165/senate-section/page/S5666</url>
            <name>S5666</name>
          </link>
          <link>
            <url>https://www.congress.gov/congressional-record/volume-165/senate-section/page/S5669-5670</url>
            <name>S5669-5670</name>
          </link>
        </links>
        <sourceSystem>
          <code>9</code>
          <name>Library of Congress</name>
        </sourceSystem>
        <text>Passed/agreed to in Senate: Submitted in the Senate, considered, and agreed to without amendment and with a preamble by Voice Vote.(consideration: CR S5669-5670; text: CR S5666)</text>
      </item>
      <item>
        <type>IntroReferral</type>
        <committee />
        <actionCode>10000</actionCode>
        <actionDate>2019-09-24</actionDate>
        <links />
        <sourceSystem>
          <code>9</code>
          <name>Library of Congress</name>
        </sourceSystem>
        <text>Introduced in Senate</text>
      </item>
      <actionTypeCounts>
        <passedOrAgreedToInSenateDayOf>1</passedOrAgreedToInSenateDayOf>
        <introducedInSenate>1</introducedInSenate>
        <passedAgreedToInSenate>1</passedAgreedToInSenate>
      </actionTypeCounts>
      <actionByCounts>
        <senate>3</senate>
      </actionByCounts>
    </actions>
    <committeeReports />
    <version>1.0.0</version>
    <sponsors>
      <item>
        <fullName>Sen. Coons, Christopher A. [D-DE]</fullName>
        <party>D</party>
        <identifiers>
          <lisID>1984</lisID>
          <gpoId>8297</gpoId>
          <bioguideId>C001088</bioguideId>
        </identifiers>
        <bioguideId>C001088</bioguideId>
        <lastName>Coons</lastName>
        <firstName>Christopher</firstName>
        <middleName>A.</middleName>
        <byRequestType />
        <state>DE</state>
      </item>
    </sponsors>
    <textVersions>
      <item>
        <type>Agreed to Senate</type>
        <date>2019-09-24T04:00:00Z</date>
        <formats>
          <item>
            <url>https://www.govinfo.gov/content/pkg/BILLS-116sres326ats/xml/BILLS-116sres326ats.xml</url>
          </item>
        </formats>
      </item>
    </textVersions>
    <cosponsors>
      <item>
        <middleName />
        <bioguideId>C001075</bioguideId>
        <firstName>Bill</firstName>
        <party>R</party>
        <fullName>Sen. Cassidy, Bill [R-LA]</fullName>
        <identifiers>
          <lisID>1925</lisID>
          <gpoId>7964</gpoId>
          <bioguideId>C001075</bioguideId>
        </identifiers>
        <isOriginalCosponsor>True</isOriginalCosponsor>
        <lastName>Cassidy</lastName>
        <sponsorshipDate>2019-09-24</sponsorshipDate>
        <sponsorshipWithdrawnDate />
        <state>LA</state>
      </item>
      <item>
        <middleName />
        <bioguideId>J000300</bioguideId>
        <firstName>Doug</firstName>
        <party>D</party>
        <fullName>Sen. Jones, Doug  [D-AL]</fullName>
        <identifiers>
          <lisID>2364</lisID>
          <bioguideId>J000300</bioguideId>
          <gpoId />
        </identifiers>
        <isOriginalCosponsor>True</isOriginalCosponsor>
        <lastName>Jones</lastName>
        <sponsorshipDate>2019-09-24</sponsorshipDate>
        <sponsorshipWithdrawnDate />
        <state>AL</state>
      </item>
      <item>
        <middleName>J.</middleName>
        <bioguideId>M000133</bioguideId>
        <firstName>EDWARD</firstName>
        <party>D</party>
        <fullName>Sen. Markey, Edward J. [D-MA]</fullName>
        <identifiers>
          <lisID>735</lisID>
          <gpoId>7972</gpoId>
          <bioguideId>M000133</bioguideId>
        </identifiers>
        <isOriginalCosponsor>True</isOriginalCosponsor>
        <lastName>MARKEY</lastName>
        <sponsorshipDate>2019-09-24</sponsorshipDate>
        <sponsorshipWithdrawnDate />
        <state>MA</state>
      </item>
      <item>
        <middleName />
        <bioguideId>K000367</bioguideId>
        <firstName>Amy</firstName>
        <party>D</party>
        <fullName>Sen. Klobuchar, Amy [D-MN]</fullName>
        <identifiers>
          <lisID>1826</lisID>
          <bioguideId>K000367</bioguideId>
          <gpoId>8249</gpoId>
        </identifiers>
        <isOriginalCosponsor>True</isOriginalCosponsor>
        <lastName>Klobuchar</lastName>
        <sponsorshipDate>2019-09-24</sponsorshipDate>
        <sponsorshipWithdrawnDate />
        <state>MN</state>
      </item>
      <item>
        <middleName />
        <bioguideId>W000802</bioguideId>
        <firstName>Sheldon</firstName>
        <party>D</party>
        <fullName>Sen. Whitehouse, Sheldon [D-RI]</fullName>
        <identifiers>
          <lisID>1823</lisID>
          <gpoId>8264</gpoId>
          <bioguideId>W000802</bioguideId>
        </identifiers>
        <isOriginalCosponsor>True</isOriginalCosponsor>
        <lastName>Whitehouse</lastName>
        <sponsorshipDate>2019-09-24</sponsorshipDate>
        <sponsorshipWithdrawnDate />
        <state>RI</state>
      </item>
      <item>
        <middleName>R.</middleName>
        <bioguideId>C000174</bioguideId>
        <firstName>THOMAS</firstName>
        <party>D</party>
        <fullName>Sen. Carper, Thomas R. [D-DE]</fullName>
        <identifiers>
          <lisID>179</lisID>
          <bioguideId>C000174</bioguideId>
          <gpoId>8283</gpoId>
        </identifiers>
        <isOriginalCosponsor>True</isOriginalCosponsor>
        <lastName>CARPER</lastName>
        <sponsorshipDate>2019-09-24</sponsorshipDate>
        <sponsorshipWithdrawnDate />
        <state>DE</state>
      </item>
      <item>
        <middleName />
        <bioguideId>B001236</bioguideId>
        <firstName>John</firstName>
        <party>R</party>
        <fullName>Sen. Boozman, John [R-AR]</fullName>
        <identifiers>
          <lisID>1687</lisID>
          <gpoId>8247</gpoId>
          <bioguideId>B001236</bioguideId>
        </identifiers>
        <isOriginalCosponsor>True</isOriginalCosponsor>
        <lastName>Boozman</lastName>
        <sponsorshipDate>2019-09-24</sponsorshipDate>
        <sponsorshipWithdrawnDate />
        <state>AR</state>
      </item>
      <item>
        <middleName />
        <bioguideId>C001070</bioguideId>
        <firstName>Bob</firstName>
        <party>D</party>
        <fullName>Sen. Casey, Robert P., Jr. [D-PA]</fullName>
        <identifiers>
          <gpoId>8282</gpoId>
          <bioguideId>C001070</bioguideId>
          <lisID>1828</lisID>
        </identifiers>
        <isOriginalCosponsor>True</isOriginalCosponsor>
        <lastName>Casey</lastName>
        <sponsorshipDate>2019-09-24</sponsorshipDate>
        <sponsorshipWithdrawnDate />
        <state>PA</state>
      </item>
      <item>
        <middleName>L.</middleName>
        <bioguideId>C000141</bioguideId>
        <firstName>BENJAMIN</firstName>
        <party>D</party>
        <fullName>Sen. Cardin, Benjamin L. [D-MD]</fullName>
        <identifiers>
          <lisID>174</lisID>
          <gpoId>8287</gpoId>
          <bioguideId>C000141</bioguideId>
        </identifiers>
        <isOriginalCosponsor>True</isOriginalCosponsor>
        <lastName>CARDIN</lastName>
        <sponsorshipDate>2019-09-24</sponsorshipDate>
        <sponsorshipWithdrawnDate />
        <state>MD</state>
      </item>
      <item>
        <middleName>F.</middleName>
        <bioguideId>W000437</bioguideId>
        <firstName>ROGER</firstName>
        <party>R</party>
        <fullName>Sen. Wicker, Roger F. [R-MS]</fullName>
        <identifiers>
          <gpoId>8263</gpoId>
          <bioguideId>W000437</bioguideId>
          <lisID>1226</lisID>
        </identifiers>
        <isOriginalCosponsor>True</isOriginalCosponsor>
        <lastName>WICKER</lastName>
        <sponsorshipDate>2019-09-24</sponsorshipDate>
        <sponsorshipWithdrawnDate />
        <state>MS</state>
      </item>
      <item>
        <middleName>MARGARET</middleName>
        <bioguideId>C001035</bioguideId>
        <firstName>SUSAN</firstName>
        <party>R</party>
        <fullName>Sen. Collins, Susan M. [R-ME]</fullName>
        <identifiers>
          <lisID>1541</lisID>
          <bioguideId>C001035</bioguideId>
          <gpoId>8291</gpoId>
        </identifiers>
        <isOriginalCosponsor>True</isOriginalCosponsor>
        <lastName>COLLINS</lastName>
        <sponsorshipDate>2019-09-24</sponsorshipDate>
        <sponsorshipWithdrawnDate />
        <state>ME</state>
      </item>
      <item>
        <middleName />
        <bioguideId>B000944</bioguideId>
        <firstName>Sherrod</firstName>
        <party>D</party>
        <fullName>Sen. Brown, Sherrod [D-OH]</fullName>
        <identifiers>
          <lisID>136</lisID>
          <gpoId>8309</gpoId>
          <bioguideId>B000944</bioguideId>
        </identifiers>
        <isOriginalCosponsor>True</isOriginalCosponsor>
        <lastName>Brown</lastName>
        <sponsorshipDate>2019-09-24</sponsorshipDate>
        <sponsorshipWithdrawnDate />
        <state>OH</state>
      </item>
      <item>
        <middleName />
        <bioguideId>S001181</bioguideId>
        <firstName>Jeanne</firstName>
        <party>D</party>
        <fullName>Sen. Shaheen, Jeanne [D-NH]</fullName>
        <identifiers>
          <lisID>1901</lisID>
          <bioguideId>S001181</bioguideId>
          <gpoId>8276</gpoId>
        </identifiers>
        <isOriginalCosponsor>True</isOriginalCosponsor>
        <lastName>Shaheen</lastName>
        <sponsorshipDate>2019-09-24</sponsorshipDate>
        <sponsorshipWithdrawnDate />
        <state>NH</state>
      </item>
      <item>
        <middleName />
        <bioguideId>V000128</bioguideId>
        <firstName>Chris</firstName>
        <party>D</party>
        <fullName>Sen. Van Hollen, Chris [D-MD]</fullName>
        <identifiers>
          <gpoId>7983</gpoId>
          <bioguideId>V000128</bioguideId>
          <lisID>1729</lisID>
        </identifiers>
        <isOriginalCosponsor>True</isOriginalCosponsor>
        <lastName>Van Hollen</lastName>
        <sponsorshipDate>2019-09-24</sponsorshipDate>
        <sponsorshipWithdrawnDate />
        <state>MD</state>
      </item>
      <item>
        <middleName />
        <bioguideId>D000622</bioguideId>
        <firstName>Tammy</firstName>
        <party>D</party>
        <fullName>Sen. Duckworth, Tammy [D-IL]</fullName>
        <identifiers>
          <lisID>2123</lisID>
          <bioguideId>D000622</bioguideId>
          <gpoId />
        </identifiers>
        <isOriginalCosponsor>True</isOriginalCosponsor>
        <lastName>Duckworth</lastName>
        <sponsorshipDate>2019-09-24</sponsorshipDate>
        <sponsorshipWithdrawnDate />
        <state>IL</state>
      </item>
      <item>
        <middleName>F.</middleName>
        <bioguideId>R000122</bioguideId>
        <firstName>JOHN</firstName>
        <party>D</party>
        <fullName>Sen. Reed, Jack [D-RI]</fullName>
        <identifiers>
          <lisID>949</lisID>
          <gpoId>8272</gpoId>
          <bioguideId>R000122</bioguideId>
        </identifiers>
        <isOriginalCosponsor>True</isOriginalCosponsor>
        <lastName>REED</lastName>
        <sponsorshipDate>2019-09-24</sponsorshipDate>
        <sponsorshipWithdrawnDate />
        <state>RI</state>
      </item>
      <item>
        <middleName />
        <bioguideId>K000383</bioguideId>
        <firstName>Angus</firstName>
        <party>I</party>
        <fullName>Sen. King, Angus S., Jr. [I-ME]</fullName>
        <identifiers>
          <gpoId />
          <bioguideId>K000383</bioguideId>
          <lisID>2185</lisID>
        </identifiers>
        <isOriginalCosponsor>True</isOriginalCosponsor>
        <lastName>King</lastName>
        <sponsorshipDate>2019-09-24</sponsorshipDate>
        <sponsorshipWithdrawnDate />
        <state>ME</state>
      </item>
      <item>
        <middleName />
        <bioguideId>M001183</bioguideId>
        <firstName>Joe</firstName>
        <party>D</party>
        <fullName>Sen. Manchin, Joe, III [D-WV]</fullName>
        <identifiers>
          <lisID>1983</lisID>
          <gpoId>8256</gpoId>
          <bioguideId>M001183</bioguideId>
        </identifiers>
        <isOriginalCosponsor>True</isOriginalCosponsor>
        <lastName>Manchin</lastName>
        <sponsorshipDate>2019-09-24</sponsorshipDate>
        <sponsorshipWithdrawnDate />
        <state>WV</state>
      </item>
      <item>
        <middleName>A.</middleName>
        <bioguideId>B001288</bioguideId>
        <firstName>Cory</firstName>
        <party>D</party>
        <fullName>Sen. Booker, Cory A. [D-NJ]</fullName>
        <identifiers>
          <gpoId />
          <bioguideId>B001288</bioguideId>
          <lisID>2194</lisID>
        </identifiers>
        <isOriginalCosponsor>True</isOriginalCosponsor>
        <lastName>Booker</lastName>
        <sponsorshipDate>2019-09-24</sponsorshipDate>
        <sponsorshipWithdrawnDate />
        <state>NJ</state>
      </item>
      <item>
        <middleName />
        <bioguideId>B001230</bioguideId>
        <firstName>Tammy</firstName>
        <party>D</party>
        <fullName>Sen. Baldwin, Tammy [D-WI]</fullName>
        <identifiers>
          <lisID>1558</lisID>
          <gpoId>8215</gpoId>
          <bioguideId>B001230</bioguideId>
        </identifiers>
        <isOriginalCosponsor>True</isOriginalCosponsor>
        <lastName>Baldwin</lastName>
        <sponsorshipDate>2019-09-24</sponsorshipDate>
        <sponsorshipWithdrawnDate />
        <state>WI</state>
      </item>
      <item>
        <middleName />
        <bioguideId>H001046</bioguideId>
        <firstName>Martin</firstName>
        <party>D</party>
        <fullName>Sen. Heinrich, Martin [D-NM]</fullName>
        <identifiers>
          <lisID>1937</lisID>
          <bioguideId>H001046</bioguideId>
          <gpoId>8056</gpoId>
        </identifiers>
        <isOriginalCosponsor>True</isOriginalCosponsor>
        <lastName>Heinrich</lastName>
        <sponsorshipDate>2019-09-24</sponsorshipDate>
        <sponsorshipWithdrawnDate />
        <state>NM</state>
      </item>
      <item>
        <middleName />
        <bioguideId>S000033</bioguideId>
        <firstName>Bernard</firstName>
        <party>I</party>
        <fullName>Sen. Sanders, Bernard [I-VT]</fullName>
        <identifiers>
          <lisID>1010</lisID>
          <gpoId>8270</gpoId>
          <bioguideId>S000033</bioguideId>
        </identifiers>
        <isOriginalCosponsor>True</isOriginalCosponsor>
        <lastName>Sanders</lastName>
        <sponsorshipDate>2019-09-24</sponsorshipDate>
        <sponsorshipWithdrawnDate />
        <state>VT</state>
      </item>
      <item>
        <middleName />
        <bioguideId>T000464</bioguideId>
        <firstName>Jon</firstName>
        <party>D</party>
        <fullName>Sen. Tester, Jon [D-MT]</fullName>
        <identifiers>
          <lisID>1829</lisID>
          <gpoId>8258</gpoId>
          <bioguideId>T000464</bioguideId>
        </identifiers>
        <isOriginalCosponsor>True</isOriginalCosponsor>
        <lastName>Tester</lastName>
        <sponsorshipDate>2019-09-24</sponsorshipDate>
        <sponsorshipWithdrawnDate />
        <state>MT</state>
      </item>
      <item>
        <middleName />
        <bioguideId>K000384</bioguideId>
        <firstName>Timothy</firstName>
        <party>D</party>
        <fullName>Sen. Kaine, Tim [D-VA]</fullName>
        <identifiers>
          <gpoId />
          <bioguideId>K000384</bioguideId>
          <lisID>2176</lisID>
        </identifiers>
        <isOriginalCosponsor>True</isOriginalCosponsor>
        <lastName>Kaine</lastName>
        <sponsorshipDate>2019-09-24</sponsorshipDate>
        <sponsorshipWithdrawnDate />
        <state>VA</state>
      </item>
      <item>
        <middleName>Wood</middleName>
        <bioguideId>H001076</bioguideId>
        <firstName>Margaret</firstName>
        <party>D</party>
        <fullName>Sen. Hassan, Margaret Wood [D-NH]</fullName>
        <identifiers>
          <lisID>2302</lisID>
          <bioguideId>H001076</bioguideId>
          <gpoId />
        </identifiers>
        <isOriginalCosponsor>True</isOriginalCosponsor>
        <lastName>Hassan</lastName>
        <sponsorshipDate>2019-09-24</sponsorshipDate>
        <sponsorshipWithdrawnDate />
        <state>NH</state>
      </item>
      <item>
        <middleName>C.</middleName>
        <bioguideId>P000595</bioguideId>
        <firstName>Gary</firstName>
        <party>D</party>
        <fullName>Sen. Peters, Gary C. [D-MI]</fullName>
        <identifiers>
          <gpoId>7994</gpoId>
          <bioguideId>P000595</bioguideId>
          <lisID>1929</lisID>
        </identifiers>
        <isOriginalCosponsor>True</isOriginalCosponsor>
        <lastName>Peters</lastName>
        <sponsorshipDate>2019-09-24</sponsorshipDate>
        <sponsorshipWithdrawnDate />
        <state>MI</state>
      </item>
      <item>
        <middleName>F.</middleName>
        <bioguideId>B001267</bioguideId>
        <firstName>Michael</firstName>
        <party>D</party>
        <fullName>Sen. Bennet, Michael F. [D-CO]</fullName>
        <identifiers>
          <lisID>1965</lisID>
          <gpoId>8302</gpoId>
          <bioguideId>B001267</bioguideId>
        </identifiers>
        <isOriginalCosponsor>True</isOriginalCosponsor>
        <lastName>Bennet</lastName>
        <sponsorshipDate>2019-09-24</sponsorshipDate>
        <sponsorshipWithdrawnDate />
        <state>CO</state>
      </item>
      <item>
        <middleName />
        <bioguideId>B001277</bioguideId>
        <firstName>Richard</firstName>
        <party>D</party>
        <fullName>Sen. Blumenthal, Richard [D-CT]</fullName>
        <identifiers>
          <gpoId>8332</gpoId>
          <bioguideId>B001277</bioguideId>
          <lisID>2076</lisID>
        </identifiers>
        <isOriginalCosponsor>True</isOriginalCosponsor>
        <lastName>Blumenthal</lastName>
        <sponsorshipDate>2019-09-24</sponsorshipDate>
        <sponsorshipWithdrawnDate />
        <state>CT</state>
      </item>
      <item>
        <middleName>D.</middleName>
        <bioguideId>H001075</bioguideId>
        <firstName>Kamala</firstName>
        <party>D</party>
        <fullName>Sen. Harris, Kamala D. [D-CA]</fullName>
        <identifiers>
          <lisID>2301</lisID>
          <gpoId />
          <bioguideId>H001075</bioguideId>
        </identifiers>
        <isOriginalCosponsor>True</isOriginalCosponsor>
        <lastName>Harris</lastName>
        <sponsorshipDate>2019-09-24</sponsorshipDate>
        <sponsorshipWithdrawnDate />
        <state>CA</state>
      </item>
      <item>
        <middleName>K.</middleName>
        <bioguideId>H001042</bioguideId>
        <firstName>Mazie</firstName>
        <party>D</party>
        <fullName>Sen. Hirono, Mazie K. [D-HI]</fullName>
        <identifiers>
          <gpoId>7913</gpoId>
          <bioguideId>H001042</bioguideId>
          <lisID>1844</lisID>
        </identifiers>
        <isOriginalCosponsor>True</isOriginalCosponsor>
        <lastName>Hirono</lastName>
        <sponsorshipDate>2019-09-24</sponsorshipDate>
        <sponsorshipWithdrawnDate />
        <state>HI</state>
      </item>
      <item>
        <middleName />
        <bioguideId>S001203</bioguideId>
        <firstName>Tina</firstName>
        <party>D</party>
        <fullName>Sen. Smith, Tina  [D-MN]</fullName>
        <identifiers>
          <lisID>2365</lisID>
          <gpoId />
          <bioguideId>S001203</bioguideId>
        </identifiers>
        <isOriginalCosponsor>True</isOriginalCosponsor>
        <lastName>Smith</lastName>
        <sponsorshipDate>2019-09-24</sponsorshipDate>
        <sponsorshipWithdrawnDate />
        <state>MN</state>
      </item>
    </cosponsors>
    <cboCostEstimates />
    <createDate>2019-09-25T04:27:23Z</createDate>
  </bill>
  <dublinCore xmlns:dc="http://purl.org/dc/elements/1.1/">
    <dc:format>text/xml</dc:format>
    <dc:language>EN</dc:language>
    <dc:rights>Pursuant to Title 17 Section 105 of the United States Code, this file is not subject to copyright protection and is in the public domain.</dc:rights>
    <dc:contributor>Congressional Research Service, Library of Congress</dc:contributor>
    <dc:description>This file contains bill summaries and statuses for federal legislation. A bill summary describes the most significant provisions of a piece of legislation and details the effects the legislative text may have on current law and federal programs. Bill summaries are authored by the Congressional Research Service (CRS) of the Library of Congress. As stated in Public Law 91-510 (2 USC 166 (d)(6)), one of the duties of CRS is "to prepare summaries and digests of bills and resolutions of a public general nature introduced in the Senate or House of Representatives". For more information, refer to the User Guide that accompanies this file.</dc:description>
  </dublinCore>
</billStatus>

