<?xml version="1.0" encoding="UTF-8"?>
<billStatus>
  <bill>
    <committees>
      <billCommittees>
        <item>
          <chamber>Senate</chamber>
          <subcommittees />
          <activities>
            <item>
              <date>2019-09-24T22:18:06Z</date>
              <name>Discharged from</name>
            </item>
            <item>
              <date>2019-09-17T20:02:55Z</date>
              <name>Referred to</name>
            </item>
          </activities>
          <type>Standing</type>
          <name>Judiciary Committee</name>
          <systemCode>ssju00</systemCode>
        </item>
      </billCommittees>
    </committees>
    <titles>
      <item>
        <title>A resolution designating the week of September 22 through September 28, 2019, as "Gold Star Families Remembrance Week".</title>
        <chamberName />
        <chamberCode />
        <parentTitleType />
        <titleType>Official Title as Introduced</titleType>
      </item>
      <item>
        <title>A resolution designating the week of September 22 through September 28, 2019, as "Gold Star Families Remembrance Week".</title>
        <chamberName />
        <chamberCode />
        <parentTitleType />
        <titleType>Display Title</titleType>
      </item>
    </titles>
    <recordedVotes />
    <policyArea>
      <name>Armed Forces and National Security</name>
    </policyArea>
    <billType>SRES</billType>
    <actions>
      <actionTypeCounts>
        <introducedInSenate>1</introducedInSenate>
        <agreedToInSenate>1</agreedToInSenate>
        <passedAgreedToInSenate>1</passedAgreedToInSenate>
        <committeeDischarged>1</committeeDischarged>
        <referredToCommittee>1</referredToCommittee>
        <senateCommitteeDischarged>1</senateCommitteeDischarged>
      </actionTypeCounts>
      <actionByCounts>
        <senate>6</senate>
      </actionByCounts>
      <item>
        <actionDate>2019-09-24</actionDate>
        <committee />
        <links>
          <link>
            <url>https://www.congress.gov/congressional-record/volume-165/senate-section/page/S5542</url>
            <name>CR 9/17/2019 S5542</name>
          </link>
        </links>
        <sourceSystem>
          <name>Senate</name>
          <code>0</code>
        </sourceSystem>
        <text>Resolution agreed to in Senate without amendment and with a preamble by Unanimous Consent. (text: CR 9/17/2019 S5542)</text>
        <type>Floor</type>
      </item>
      <item>
        <sourceSystem>
          <name>Library of Congress</name>
          <code>9</code>
        </sourceSystem>
        <text>Passed/agreed to in Senate: Resolution agreed to in Senate without amendment and with a preamble by Unanimous Consent.(text: CR 9/17/2019 S5542)</text>
        <links>
          <link>
            <url>https://www.congress.gov/congressional-record/volume-165/senate-section/page/S5542</url>
            <name>CR 9/17/2019 S5542</name>
          </link>
        </links>
        <actionCode>17000</actionCode>
        <type>Floor</type>
        <committee />
        <actionDate>2019-09-24</actionDate>
      </item>
      <item>
        <actionDate>2019-09-24</actionDate>
        <committee>
          <name>Judiciary Committee</name>
          <systemCode>ssju00</systemCode>
        </committee>
        <links>
          <link>
            <url>https://www.congress.gov/congressional-record/volume-165/senate-section/page/S5669</url>
            <name>S5669</name>
          </link>
        </links>
        <sourceSystem>
          <name>Senate</name>
          <code>0</code>
        </sourceSystem>
        <text>Senate Committee on the Judiciary discharged by Unanimous Consent. (consideration: CR S5669)</text>
        <type>Discharge</type>
      </item>
      <item>
        <sourceSystem>
          <name>Library of Congress</name>
          <code>9</code>
        </sourceSystem>
        <text>Senate Committee on the Judiciary discharged by Unanimous Consent.(consideration: CR S5669)</text>
        <links>
          <link>
            <url>https://www.congress.gov/congressional-record/volume-165/senate-section/page/S5669</url>
            <name>S5669</name>
          </link>
        </links>
        <actionCode>14500</actionCode>
        <type>Committee</type>
        <committee>
          <name>Judiciary Committee</name>
          <systemCode>ssju00</systemCode>
        </committee>
        <actionDate>2019-09-24</actionDate>
      </item>
      <item>
        <actionDate>2019-09-17</actionDate>
        <committee>
          <name>Judiciary Committee</name>
          <systemCode>ssju00</systemCode>
        </committee>
        <links />
        <sourceSystem>
          <name>Senate</name>
          <code>0</code>
        </sourceSystem>
        <text>Referred to the Committee on the Judiciary.</text>
        <type>IntroReferral</type>
      </item>
      <item>
        <sourceSystem>
          <name>Library of Congress</name>
          <code>9</code>
        </sourceSystem>
        <text>Introduced in Senate</text>
        <links />
        <actionCode>10000</actionCode>
        <type>IntroReferral</type>
        <committee />
        <actionDate>2019-09-17</actionDate>
      </item>
    </actions>
    <subjects>
      <billSubjects>
        <legislativeSubjects>
          <item>
            <name>Commemorative events and holidays</name>
          </item>
          <item>
            <name>Congressional tributes</name>
          </item>
          <item>
            <name>Military personnel and dependents</name>
          </item>
          <item>
            <name>Veterans' organizations and recognition</name>
          </item>
        </legislativeSubjects>
        <policyArea>
          <name>Armed Forces and National Security</name>
        </policyArea>
      </billSubjects>
    </subjects>
    <congress>116</congress>
    <calendarNumbers />
    <originChamber>Senate</originChamber>
    <title>A resolution designating the week of September 22 through September 28, 2019, as "Gold Star Families Remembrance Week".</title>
    <version>1.0.0</version>
    <introducedDate>2019-09-17</introducedDate>
    <laws />
    <latestAction>
      <text>Resolution agreed to in Senate without amendment and with a preamble by Unanimous Consent. (text: CR 9/17/2019 S5542)</text>
      <actionDate>2019-09-24</actionDate>
      <links />
    </latestAction>
    <sponsors>
      <item>
        <fullName>Sen. Hyde-Smith, Cindy [R-MS]</fullName>
        <party>R</party>
        <firstName>Cindy</firstName>
        <bioguideId>H001079</bioguideId>
        <byRequestType />
        <state>MS</state>
        <lastName>Hyde-Smith</lastName>
        <middleName />
        <identifiers>
          <lisID>2366</lisID>
          <bioguideId>H001079</bioguideId>
          <gpoId />
        </identifiers>
      </item>
    </sponsors>
    <cosponsors>
      <item>
        <firstName>Doug</firstName>
        <middleName />
        <sponsorshipDate>2019-09-17</sponsorshipDate>
        <lastName>Jones</lastName>
        <state>AL</state>
        <fullName>Sen. Jones, Doug  [D-AL]</fullName>
        <party>D</party>
        <sponsorshipWithdrawnDate />
        <isOriginalCosponsor>True</isOriginalCosponsor>
        <bioguideId>J000300</bioguideId>
        <identifiers>
          <lisID>2364</lisID>
          <gpoId />
          <bioguideId>J000300</bioguideId>
        </identifiers>
      </item>
      <item>
        <firstName>Todd</firstName>
        <middleName />
        <sponsorshipDate>2019-09-17</sponsorshipDate>
        <lastName>Young</lastName>
        <state>IN</state>
        <fullName>Sen. Young, Todd [R-IN]</fullName>
        <party>R</party>
        <sponsorshipWithdrawnDate />
        <isOriginalCosponsor>True</isOriginalCosponsor>
        <bioguideId>Y000064</bioguideId>
        <identifiers>
          <gpoId>7948</gpoId>
          <bioguideId>Y000064</bioguideId>
          <lisID>2019</lisID>
        </identifiers>
      </item>
      <item>
        <firstName>Thomas</firstName>
        <middleName>Roland</middleName>
        <sponsorshipDate>2019-09-17</sponsorshipDate>
        <lastName>Tillis</lastName>
        <state>NC</state>
        <fullName>Sen. Tillis, Thom [R-NC]</fullName>
        <party>R</party>
        <sponsorshipWithdrawnDate />
        <isOriginalCosponsor>True</isOriginalCosponsor>
        <bioguideId>T000476</bioguideId>
        <identifiers>
          <lisID>2291</lisID>
          <gpoId />
          <bioguideId>T000476</bioguideId>
        </identifiers>
      </item>
      <item>
        <firstName>SUSAN</firstName>
        <middleName>MARGARET</middleName>
        <sponsorshipDate>2019-09-17</sponsorshipDate>
        <lastName>COLLINS</lastName>
        <state>ME</state>
        <fullName>Sen. Collins, Susan M. [R-ME]</fullName>
        <party>R</party>
        <sponsorshipWithdrawnDate />
        <isOriginalCosponsor>True</isOriginalCosponsor>
        <bioguideId>C001035</bioguideId>
        <identifiers>
          <lisID>1541</lisID>
          <bioguideId>C001035</bioguideId>
          <gpoId>8291</gpoId>
        </identifiers>
      </item>
      <item>
        <firstName>Chris</firstName>
        <middleName />
        <sponsorshipDate>2019-09-17</sponsorshipDate>
        <lastName>Van Hollen</lastName>
        <state>MD</state>
        <fullName>Sen. Van Hollen, Chris [D-MD]</fullName>
        <party>D</party>
        <sponsorshipWithdrawnDate />
        <isOriginalCosponsor>True</isOriginalCosponsor>
        <bioguideId>V000128</bioguideId>
        <identifiers>
          <gpoId>7983</gpoId>
          <lisID>1729</lisID>
          <bioguideId>V000128</bioguideId>
        </identifiers>
      </item>
      <item>
        <firstName>Mike</firstName>
        <middleName />
        <sponsorshipDate>2019-09-17</sponsorshipDate>
        <lastName>Braun</lastName>
        <state>IN</state>
        <fullName>Sen. Braun, Mike  [R-IN]</fullName>
        <party>R</party>
        <sponsorshipWithdrawnDate />
        <isOriginalCosponsor>True</isOriginalCosponsor>
        <bioguideId>B001310</bioguideId>
        <identifiers>
          <gpoId />
          <lisID>2462</lisID>
          <bioguideId>B001310</bioguideId>
        </identifiers>
      </item>
      <item>
        <firstName>Joni</firstName>
        <middleName />
        <sponsorshipDate>2019-09-17</sponsorshipDate>
        <lastName>Ernst</lastName>
        <state>IA</state>
        <fullName>Sen. Ernst, Joni  [R-IA]</fullName>
        <party>R</party>
        <sponsorshipWithdrawnDate />
        <isOriginalCosponsor>True</isOriginalCosponsor>
        <bioguideId>E000295</bioguideId>
        <identifiers>
          <lisID>2283</lisID>
          <bioguideId>E000295</bioguideId>
          <gpoId />
        </identifiers>
      </item>
      <item>
        <firstName>John</firstName>
        <middleName />
        <sponsorshipDate>2019-09-17</sponsorshipDate>
        <lastName>Hoeven</lastName>
        <state>ND</state>
        <fullName>Sen. Hoeven, John [R-ND]</fullName>
        <party>R</party>
        <sponsorshipWithdrawnDate />
        <isOriginalCosponsor>True</isOriginalCosponsor>
        <bioguideId>H001061</bioguideId>
        <identifiers>
          <lisID>2079</lisID>
          <bioguideId>H001061</bioguideId>
          <gpoId>8331</gpoId>
        </identifiers>
      </item>
      <item>
        <firstName>MARIA</firstName>
        <middleName />
        <sponsorshipDate>2019-09-17</sponsorshipDate>
        <lastName>CANTWELL</lastName>
        <state>WA</state>
        <fullName>Sen. Cantwell, Maria [D-WA]</fullName>
        <party>D</party>
        <sponsorshipWithdrawnDate />
        <isOriginalCosponsor>True</isOriginalCosponsor>
        <bioguideId>C000127</bioguideId>
        <identifiers>
          <gpoId>8288</gpoId>
          <bioguideId>C000127</bioguideId>
          <lisID>172</lisID>
        </identifiers>
      </item>
      <item>
        <firstName>Kyrsten</firstName>
        <middleName />
        <sponsorshipDate>2019-09-17</sponsorshipDate>
        <lastName>Sinema</lastName>
        <state>AZ</state>
        <fullName>Sen. Sinema, Kyrsten [D-AZ]</fullName>
        <party>D</party>
        <sponsorshipWithdrawnDate />
        <isOriginalCosponsor>True</isOriginalCosponsor>
        <bioguideId>S001191</bioguideId>
        <identifiers>
          <gpoId />
          <bioguideId>S001191</bioguideId>
          <lisID>2099</lisID>
        </identifiers>
      </item>
      <item>
        <firstName>Lisa</firstName>
        <middleName />
        <sponsorshipDate>2019-09-17</sponsorshipDate>
        <lastName>Murkowski</lastName>
        <state>AK</state>
        <fullName>Sen. Murkowski, Lisa [R-AK]</fullName>
        <party>R</party>
        <sponsorshipWithdrawnDate />
        <isOriginalCosponsor>True</isOriginalCosponsor>
        <bioguideId>M001153</bioguideId>
        <identifiers>
          <lisID>1694</lisID>
          <bioguideId>M001153</bioguideId>
          <gpoId>8234</gpoId>
        </identifiers>
      </item>
      <item>
        <firstName>Jacklyn</firstName>
        <middleName />
        <sponsorshipDate>2019-09-19</sponsorshipDate>
        <lastName>Rosen</lastName>
        <state>NV</state>
        <fullName>Sen. Rosen, Jacky [D-NV]</fullName>
        <party>D</party>
        <sponsorshipWithdrawnDate />
        <isOriginalCosponsor>False</isOriginalCosponsor>
        <bioguideId>R000608</bioguideId>
        <identifiers>
          <gpoId />
          <lisID>2339</lisID>
          <bioguideId>R000608</bioguideId>
        </identifiers>
      </item>
      <item>
        <firstName>Elizabeth</firstName>
        <middleName>A.</middleName>
        <sponsorshipDate>2019-09-23</sponsorshipDate>
        <lastName>Warren</lastName>
        <state>MA</state>
        <fullName>Sen. Warren, Elizabeth [D-MA]</fullName>
        <party>D</party>
        <sponsorshipWithdrawnDate />
        <isOriginalCosponsor>False</isOriginalCosponsor>
        <bioguideId>W000817</bioguideId>
        <identifiers>
          <gpoId />
          <lisID>2182</lisID>
          <bioguideId>W000817</bioguideId>
        </identifiers>
      </item>
      <item>
        <firstName>Ted</firstName>
        <middleName />
        <sponsorshipDate>2019-09-23</sponsorshipDate>
        <lastName>Cruz</lastName>
        <state>TX</state>
        <fullName>Sen. Cruz, Ted [R-TX]</fullName>
        <party>R</party>
        <sponsorshipWithdrawnDate />
        <isOriginalCosponsor>False</isOriginalCosponsor>
        <bioguideId>C001098</bioguideId>
        <identifiers>
          <lisID>2175</lisID>
          <gpoId />
          <bioguideId>C001098</bioguideId>
        </identifiers>
      </item>
      <item>
        <firstName>Pat</firstName>
        <middleName />
        <sponsorshipDate>2019-09-25</sponsorshipDate>
        <lastName>Toomey</lastName>
        <state>PA</state>
        <fullName>Sen. Toomey, Pat [R-PA]</fullName>
        <party>R</party>
        <sponsorshipWithdrawnDate />
        <isOriginalCosponsor>False</isOriginalCosponsor>
        <bioguideId>T000461</bioguideId>
        <identifiers>
          <lisID>1594</lisID>
          <gpoId />
          <bioguideId>T000461</bioguideId>
        </identifiers>
      </item>
      <item>
        <firstName>Rick</firstName>
        <middleName />
        <sponsorshipDate>2019-09-25</sponsorshipDate>
        <lastName>Scott</lastName>
        <state>FL</state>
        <fullName>Sen. Scott, Rick  [R-FL]</fullName>
        <party>R</party>
        <sponsorshipWithdrawnDate />
        <isOriginalCosponsor>False</isOriginalCosponsor>
        <bioguideId>S001217</bioguideId>
        <identifiers>
          <lisID>2470</lisID>
          <bioguideId>S001217</bioguideId>
          <gpoId />
        </identifiers>
      </item>
    </cosponsors>
    <cboCostEstimates />
    <committeeReports />
    <textVersions>
      <item>
        <formats>
          <item>
            <url>https://www.govinfo.gov/content/pkg/BILLS-116sres313ats/xml/BILLS-116sres313ats.xml</url>
          </item>
        </formats>
        <type>Agreed to Senate</type>
        <date>2019-09-24T04:00:00Z</date>
      </item>
      <item>
        <formats>
          <item>
            <url>https://www.govinfo.gov/content/pkg/BILLS-116sres313is/xml/BILLS-116sres313is.xml</url>
          </item>
        </formats>
        <type>Introduced in Senate</type>
        <date>2019-09-17T04:00:00Z</date>
      </item>
    </textVersions>
    <summaries>
      <billSummaries>
        <item>
          <versionCode>00</versionCode>
          <actionDesc>Introduced in Senate</actionDesc>
          <name>Introduced in Senate</name>
          <lastSummaryUpdateDate>2019-10-24T21:31:40Z</lastSummaryUpdateDate>
          <text><![CDATA[<p>This resolution designates the week of September 22-September 28, 2019, as Gold Star Families Remembrance Week and recognizes the sacrifices made by veterans and by the families of Armed Forces members who made the ultimate sacrifice in order to defend freedom and protect the United States.</p>]]></text>
          <updateDate>2019-09-17T04:00:00Z</updateDate>
          <actionDate>2019-09-17</actionDate>
        </item>
        <item>
          <versionCode>55</versionCode>
          <actionDesc>Passed Senate</actionDesc>
          <name>Passed Senate</name>
          <lastSummaryUpdateDate>2019-10-24T21:30:35Z</lastSummaryUpdateDate>
          <text><![CDATA[<p>This resolution designates the week of September 22-September 28, 2019, as Gold Star Families Remembrance Week and recognizes the sacrifices made by veterans and by the families of Armed Forces members who made the ultimate sacrifice in order to defend freedom and protect the United States.</p>]]></text>
          <updateDate>2019-09-24T16:10:41Z</updateDate>
          <actionDate>2019-09-24</actionDate>
        </item>
      </billSummaries>
    </summaries>
    <billNumber>313</billNumber>
    <relatedBills />
    <notes />
    <updateDate>2019-10-29T04:42:48Z</updateDate>
    <createDate>2019-09-18T04:57:15Z</createDate>
    <amendments />
  </bill>
  <dublinCore xmlns:dc="http://purl.org/dc/elements/1.1/">
    <dc:format>text/xml</dc:format>
    <dc:language>EN</dc:language>
    <dc:rights>Pursuant to Title 17 Section 105 of the United States Code, this file is not subject to copyright protection and is in the public domain.</dc:rights>
    <dc:contributor>Congressional Research Service, Library of Congress</dc:contributor>
    <dc:description>This file contains bill summaries and statuses for federal legislation. A bill summary describes the most significant provisions of a piece of legislation and details the effects the legislative text may have on current law and federal programs. Bill summaries are authored by the Congressional Research Service (CRS) of the Library of Congress. As stated in Public Law 91-510 (2 USC 166 (d)(6)), one of the duties of CRS is "to prepare summaries and digests of bills and resolutions of a public general nature introduced in the Senate or House of Representatives". For more information, refer to the User Guide that accompanies this file.</dc:description>
  </dublinCore>
</billStatus>

