<?xml version="1.0" encoding="UTF-8"?>
<billStatus>
  <bill>
    <policyArea>
      <name>Animals</name>
    </policyArea>
    <version>1.0.0</version>
    <recordedVotes />
    <amendments />
    <relatedBills />
    <billNumber>399</billNumber>
    <subjects>
      <billSubjects>
        <legislativeSubjects>
          <item>
            <name>Commemorative events and holidays</name>
          </item>
          <item>
            <name>Mammals</name>
          </item>
        </legislativeSubjects>
        <policyArea>
          <name>Animals</name>
        </policyArea>
      </billSubjects>
    </subjects>
    <textVersions>
      <item>
        <type>Agreed to Senate</type>
        <formats>
          <item>
            <url>https://www.govinfo.gov/content/pkg/BILLS-116sres399ats/xml/BILLS-116sres399ats.xml</url>
          </item>
        </formats>
        <date>2019-10-31T04:00:00Z</date>
      </item>
    </textVersions>
    <summaries>
      <billSummaries>
        <item>
          <updateDate>2019-10-31T04:00:00Z</updateDate>
          <name>Introduced in Senate</name>
          <versionCode>00</versionCode>
          <text><![CDATA[<p>This resolution designates November 2, 2019, as National Bison Day.</p>]]></text>
          <actionDesc>Introduced in Senate</actionDesc>
          <actionDate>2019-10-31</actionDate>
          <lastSummaryUpdateDate>2019-11-06T19:28:10Z</lastSummaryUpdateDate>
        </item>
        <item>
          <updateDate>2019-10-31T14:21:20Z</updateDate>
          <name>Passed Senate</name>
          <versionCode>55</versionCode>
          <text><![CDATA[<p>This resolution designates November 2, 2019, as National Bison Day.</p>]]></text>
          <actionDesc>Passed Senate</actionDesc>
          <actionDate>2019-10-31</actionDate>
          <lastSummaryUpdateDate>2019-11-06T23:15:20Z</lastSummaryUpdateDate>
        </item>
      </billSummaries>
    </summaries>
    <billType>SRES</billType>
    <createDate>2019-11-01T04:57:37Z</createDate>
    <cosponsors>
      <item>
        <lastName>Heinrich</lastName>
        <fullName>Sen. Heinrich, Martin [D-NM]</fullName>
        <party>D</party>
        <isOriginalCosponsor>True</isOriginalCosponsor>
        <identifiers>
          <lisID>1937</lisID>
          <bioguideId>H001046</bioguideId>
          <gpoId>8056</gpoId>
        </identifiers>
        <firstName>Martin</firstName>
        <state>NM</state>
        <sponsorshipDate>2019-10-31</sponsorshipDate>
        <sponsorshipWithdrawnDate />
        <bioguideId>H001046</bioguideId>
        <middleName />
      </item>
      <item>
        <lastName>PORTMAN</lastName>
        <fullName>Sen. Portman, Rob [R-OH]</fullName>
        <party>R</party>
        <isOriginalCosponsor>True</isOriginalCosponsor>
        <identifiers>
          <lisID>924</lisID>
          <bioguideId>P000449</bioguideId>
          <gpoId>8266</gpoId>
        </identifiers>
        <firstName>ROB</firstName>
        <state>OH</state>
        <sponsorshipDate>2019-10-31</sponsorshipDate>
        <sponsorshipWithdrawnDate />
        <bioguideId>P000449</bioguideId>
        <middleName />
      </item>
      <item>
        <lastName>Tester</lastName>
        <fullName>Sen. Tester, Jon [D-MT]</fullName>
        <party>D</party>
        <isOriginalCosponsor>True</isOriginalCosponsor>
        <identifiers>
          <lisID>1829</lisID>
          <gpoId>8258</gpoId>
          <bioguideId>T000464</bioguideId>
        </identifiers>
        <firstName>Jon</firstName>
        <state>MT</state>
        <sponsorshipDate>2019-10-31</sponsorshipDate>
        <sponsorshipWithdrawnDate />
        <bioguideId>T000464</bioguideId>
        <middleName />
      </item>
      <item>
        <lastName>Cornyn</lastName>
        <fullName>Sen. Cornyn, John [R-TX]</fullName>
        <party>R</party>
        <isOriginalCosponsor>True</isOriginalCosponsor>
        <identifiers>
          <bioguideId>C001056</bioguideId>
          <lisID>1692</lisID>
          <gpoId>8295</gpoId>
        </identifiers>
        <firstName>John</firstName>
        <state>TX</state>
        <sponsorshipDate>2019-10-31</sponsorshipDate>
        <sponsorshipWithdrawnDate />
        <bioguideId>C001056</bioguideId>
        <middleName />
      </item>
      <item>
        <lastName>Warren</lastName>
        <fullName>Sen. Warren, Elizabeth [D-MA]</fullName>
        <party>D</party>
        <isOriginalCosponsor>True</isOriginalCosponsor>
        <identifiers>
          <lisID>2182</lisID>
          <bioguideId>W000817</bioguideId>
          <gpoId />
        </identifiers>
        <firstName>Elizabeth</firstName>
        <state>MA</state>
        <sponsorshipDate>2019-10-31</sponsorshipDate>
        <sponsorshipWithdrawnDate />
        <bioguideId>W000817</bioguideId>
        <middleName>A.</middleName>
      </item>
      <item>
        <lastName>ROBERTS</lastName>
        <fullName>Sen. Roberts, Pat [R-KS]</fullName>
        <party>R</party>
        <isOriginalCosponsor>True</isOriginalCosponsor>
        <identifiers>
          <lisID>968</lisID>
          <bioguideId>R000307</bioguideId>
          <gpoId>8275</gpoId>
        </identifiers>
        <firstName>PAT</firstName>
        <state>KS</state>
        <sponsorshipDate>2019-10-31</sponsorshipDate>
        <sponsorshipWithdrawnDate />
        <bioguideId>R000307</bioguideId>
        <middleName />
      </item>
      <item>
        <lastName>MARKEY</lastName>
        <fullName>Sen. Markey, Edward J. [D-MA]</fullName>
        <party>D</party>
        <isOriginalCosponsor>True</isOriginalCosponsor>
        <identifiers>
          <lisID>735</lisID>
          <bioguideId>M000133</bioguideId>
          <gpoId>7972</gpoId>
        </identifiers>
        <firstName>EDWARD</firstName>
        <state>MA</state>
        <sponsorshipDate>2019-10-31</sponsorshipDate>
        <sponsorshipWithdrawnDate />
        <bioguideId>M000133</bioguideId>
        <middleName>J.</middleName>
      </item>
      <item>
        <lastName>ENZI</lastName>
        <fullName>Sen. Enzi, Michael B. [R-WY]</fullName>
        <party>R</party>
        <isOriginalCosponsor>True</isOriginalCosponsor>
        <identifiers>
          <lisID>1542</lisID>
          <gpoId>8328</gpoId>
          <bioguideId>E000285</bioguideId>
        </identifiers>
        <firstName>MICHAEL</firstName>
        <state>WY</state>
        <sponsorshipDate>2019-10-31</sponsorshipDate>
        <sponsorshipWithdrawnDate />
        <bioguideId>E000285</bioguideId>
        <middleName>B.</middleName>
      </item>
      <item>
        <lastName>UDALL</lastName>
        <fullName>Sen. Udall, Tom [D-NM]</fullName>
        <party>D</party>
        <isOriginalCosponsor>True</isOriginalCosponsor>
        <identifiers>
          <lisID>1567</lisID>
          <bioguideId>U000039</bioguideId>
          <gpoId>8260</gpoId>
        </identifiers>
        <firstName>TOM</firstName>
        <state>NM</state>
        <sponsorshipDate>2019-10-31</sponsorshipDate>
        <sponsorshipWithdrawnDate />
        <bioguideId>U000039</bioguideId>
        <middleName />
      </item>
      <item>
        <lastName>Cramer</lastName>
        <fullName>Sen. Cramer, Kevin [R-ND]</fullName>
        <party>R</party>
        <isOriginalCosponsor>True</isOriginalCosponsor>
        <identifiers>
          <bioguideId>C001096</bioguideId>
          <lisID>2144</lisID>
          <gpoId />
        </identifiers>
        <firstName>Kevin</firstName>
        <state>ND</state>
        <sponsorshipDate>2019-10-31</sponsorshipDate>
        <sponsorshipWithdrawnDate />
        <bioguideId>C001096</bioguideId>
        <middleName />
      </item>
      <item>
        <lastName>MURRAY</lastName>
        <fullName>Sen. Murray, Patty [D-WA]</fullName>
        <party>D</party>
        <isOriginalCosponsor>True</isOriginalCosponsor>
        <identifiers>
          <lisID>1409</lisID>
          <bioguideId>M001111</bioguideId>
          <gpoId>8237</gpoId>
        </identifiers>
        <firstName>PATTY</firstName>
        <state>WA</state>
        <sponsorshipDate>2019-10-31</sponsorshipDate>
        <sponsorshipWithdrawnDate />
        <bioguideId>M001111</bioguideId>
        <middleName />
      </item>
      <item>
        <lastName>Moran</lastName>
        <fullName>Sen. Moran, Jerry [R-KS]</fullName>
        <party>R</party>
        <isOriginalCosponsor>True</isOriginalCosponsor>
        <identifiers>
          <bioguideId>M000934</bioguideId>
          <lisID>1507</lisID>
          <gpoId>8307</gpoId>
        </identifiers>
        <firstName>Jerry</firstName>
        <state>KS</state>
        <sponsorshipDate>2019-10-31</sponsorshipDate>
        <sponsorshipWithdrawnDate />
        <bioguideId>M000934</bioguideId>
        <middleName />
      </item>
      <item>
        <lastName>SCHUMER</lastName>
        <fullName>Sen. Schumer, Charles E. [D-NY]</fullName>
        <party>D</party>
        <isOriginalCosponsor>True</isOriginalCosponsor>
        <identifiers>
          <lisID>1036</lisID>
          <bioguideId>S000148</bioguideId>
          <gpoId>8279</gpoId>
        </identifiers>
        <firstName>CHARLES</firstName>
        <state>NY</state>
        <sponsorshipDate>2019-10-31</sponsorshipDate>
        <sponsorshipWithdrawnDate />
        <bioguideId>S000148</bioguideId>
        <middleName>E.</middleName>
      </item>
      <item>
        <lastName>Rounds</lastName>
        <fullName>Sen. Rounds, Mike  [R-SD]</fullName>
        <party>R</party>
        <isOriginalCosponsor>True</isOriginalCosponsor>
        <identifiers>
          <lisID>2288</lisID>
          <bioguideId>R000605</bioguideId>
          <gpoId />
        </identifiers>
        <firstName>Mike</firstName>
        <state>SD</state>
        <sponsorshipDate>2019-10-31</sponsorshipDate>
        <sponsorshipWithdrawnDate />
        <bioguideId>R000605</bioguideId>
        <middleName />
      </item>
      <item>
        <lastName>Baldwin</lastName>
        <fullName>Sen. Baldwin, Tammy [D-WI]</fullName>
        <party>D</party>
        <isOriginalCosponsor>True</isOriginalCosponsor>
        <identifiers>
          <lisID>1558</lisID>
          <bioguideId>B001230</bioguideId>
          <gpoId>8215</gpoId>
        </identifiers>
        <firstName>Tammy</firstName>
        <state>WI</state>
        <sponsorshipDate>2019-10-31</sponsorshipDate>
        <sponsorshipWithdrawnDate />
        <bioguideId>B001230</bioguideId>
        <middleName />
      </item>
      <item>
        <lastName>THUNE</lastName>
        <fullName>Sen. Thune, John [R-SD]</fullName>
        <party>R</party>
        <isOriginalCosponsor>True</isOriginalCosponsor>
        <identifiers>
          <bioguideId>T000250</bioguideId>
          <lisID>1534</lisID>
          <gpoId>8257</gpoId>
        </identifiers>
        <firstName>JOHN</firstName>
        <state>SD</state>
        <sponsorshipDate>2019-10-31</sponsorshipDate>
        <sponsorshipWithdrawnDate />
        <bioguideId>T000250</bioguideId>
        <middleName>R.</middleName>
      </item>
      <item>
        <lastName>Bennet</lastName>
        <fullName>Sen. Bennet, Michael F. [D-CO]</fullName>
        <party>D</party>
        <isOriginalCosponsor>True</isOriginalCosponsor>
        <identifiers>
          <bioguideId>B001267</bioguideId>
          <lisID>1965</lisID>
          <gpoId>8302</gpoId>
        </identifiers>
        <firstName>Michael</firstName>
        <state>CO</state>
        <sponsorshipDate>2019-10-31</sponsorshipDate>
        <sponsorshipWithdrawnDate />
        <bioguideId>B001267</bioguideId>
        <middleName>F.</middleName>
      </item>
      <item>
        <lastName>Braun</lastName>
        <fullName>Sen. Braun, Mike  [R-IN]</fullName>
        <party>R</party>
        <isOriginalCosponsor>True</isOriginalCosponsor>
        <identifiers>
          <lisID>2462</lisID>
          <gpoId />
          <bioguideId>B001310</bioguideId>
        </identifiers>
        <firstName>Mike</firstName>
        <state>IN</state>
        <sponsorshipDate>2019-10-31</sponsorshipDate>
        <sponsorshipWithdrawnDate />
        <bioguideId>B001310</bioguideId>
        <middleName />
      </item>
      <item>
        <lastName>Boozman</lastName>
        <fullName>Sen. Boozman, John [R-AR]</fullName>
        <party>R</party>
        <isOriginalCosponsor>True</isOriginalCosponsor>
        <identifiers>
          <lisID>1687</lisID>
          <bioguideId>B001236</bioguideId>
          <gpoId>8247</gpoId>
        </identifiers>
        <firstName>John</firstName>
        <state>AR</state>
        <sponsorshipDate>2019-10-31</sponsorshipDate>
        <sponsorshipWithdrawnDate />
        <bioguideId>B001236</bioguideId>
        <middleName />
      </item>
      <item>
        <lastName>INHOFE</lastName>
        <fullName>Sen. Inhofe, James M. [R-OK]</fullName>
        <party>R</party>
        <isOriginalCosponsor>True</isOriginalCosponsor>
        <identifiers>
          <bioguideId>I000024</bioguideId>
          <lisID>583</lisID>
          <gpoId>8322</gpoId>
        </identifiers>
        <firstName>JIM</firstName>
        <state>OK</state>
        <sponsorshipDate>2019-10-31</sponsorshipDate>
        <sponsorshipWithdrawnDate />
        <bioguideId>I000024</bioguideId>
        <middleName />
      </item>
      <item>
        <lastName>Hyde-Smith</lastName>
        <fullName>Sen. Hyde-Smith, Cindy [R-MS]</fullName>
        <party>R</party>
        <isOriginalCosponsor>True</isOriginalCosponsor>
        <identifiers>
          <lisID>2366</lisID>
          <gpoId />
          <bioguideId>H001079</bioguideId>
        </identifiers>
        <firstName>Cindy</firstName>
        <state>MS</state>
        <sponsorshipDate>2019-10-31</sponsorshipDate>
        <sponsorshipWithdrawnDate />
        <bioguideId>H001079</bioguideId>
        <middleName />
      </item>
      <item>
        <lastName>Whitehouse</lastName>
        <fullName>Sen. Whitehouse, Sheldon [D-RI]</fullName>
        <party>D</party>
        <isOriginalCosponsor>True</isOriginalCosponsor>
        <identifiers>
          <lisID>1823</lisID>
          <bioguideId>W000802</bioguideId>
          <gpoId>8264</gpoId>
        </identifiers>
        <firstName>Sheldon</firstName>
        <state>RI</state>
        <sponsorshipDate>2019-10-31</sponsorshipDate>
        <sponsorshipWithdrawnDate />
        <bioguideId>W000802</bioguideId>
        <middleName />
      </item>
      <item>
        <lastName>Smith</lastName>
        <fullName>Sen. Smith, Tina  [D-MN]</fullName>
        <party>D</party>
        <isOriginalCosponsor>True</isOriginalCosponsor>
        <identifiers>
          <bioguideId>S001203</bioguideId>
          <lisID>2365</lisID>
          <gpoId />
        </identifiers>
        <firstName>Tina</firstName>
        <state>MN</state>
        <sponsorshipDate>2019-10-31</sponsorshipDate>
        <sponsorshipWithdrawnDate />
        <bioguideId>S001203</bioguideId>
        <middleName />
      </item>
    </cosponsors>
    <sponsors>
      <item>
        <bioguideId>H001061</bioguideId>
        <firstName>John</firstName>
        <middleName />
        <identifiers>
          <lisID>2079</lisID>
          <bioguideId>H001061</bioguideId>
          <gpoId>8331</gpoId>
        </identifiers>
        <lastName>Hoeven</lastName>
        <byRequestType />
        <party>R</party>
        <state>ND</state>
        <fullName>Sen. Hoeven, John [R-ND]</fullName>
      </item>
    </sponsors>
    <titles>
      <item>
        <titleType>Official Title as Introduced</titleType>
        <parentTitleType />
        <chamberName />
        <title>A resolution designating November 2, 2019, as "National Bison Day".</title>
        <chamberCode />
      </item>
      <item>
        <titleType>Display Title</titleType>
        <parentTitleType />
        <chamberName />
        <title>A resolution designating November 2, 2019, as "National Bison Day".</title>
        <chamberCode />
      </item>
    </titles>
    <title>A resolution designating November 2, 2019, as "National Bison Day".</title>
    <committeeReports />
    <updateDate>2019-11-09T05:27:48Z</updateDate>
    <cboCostEstimates />
    <laws />
    <notes />
    <introducedDate>2019-10-31</introducedDate>
    <congress>116</congress>
    <originChamber>Senate</originChamber>
    <latestAction>
      <actionDate>2019-10-31</actionDate>
      <links />
      <text>Submitted in the Senate, considered, and agreed to without amendment and with a preamble by Unanimous Consent. (consideration: CR S6357; text: CR S341-6342)</text>
    </latestAction>
    <actions>
      <actionTypeCounts>
        <passedOrAgreedToInSenateDayOf>1</passedOrAgreedToInSenateDayOf>
        <introducedInSenate>1</introducedInSenate>
        <passedAgreedToInSenate>1</passedAgreedToInSenate>
      </actionTypeCounts>
      <actionByCounts>
        <senate>3</senate>
      </actionByCounts>
      <item>
        <actionDate>2019-10-31</actionDate>
        <committee />
        <links>
          <link>
            <url>https://www.congress.gov/congressional-record/volume-165/senate-section/page/S341-6342</url>
            <name>S341-6342</name>
          </link>
          <link>
            <url>https://www.congress.gov/congressional-record/volume-165/senate-section/page/S6357</url>
            <name>S6357</name>
          </link>
        </links>
        <sourceSystem>
          <code>0</code>
          <name>Senate</name>
        </sourceSystem>
        <text>Submitted in the Senate, considered, and agreed to without amendment and with a preamble by Unanimous Consent. (consideration: CR S6357; text: CR S341-6342)</text>
        <type>Floor</type>
      </item>
      <item>
        <actionCode>17000</actionCode>
        <text>Passed/agreed to in Senate: Submitted in the Senate, considered, and agreed to without amendment and with a preamble by Unanimous Consent.(consideration: CR S6357; text: CR S341-6342)</text>
        <links>
          <link>
            <url>https://www.congress.gov/congressional-record/volume-165/senate-section/page/S341-6342</url>
            <name>S341-6342</name>
          </link>
          <link>
            <url>https://www.congress.gov/congressional-record/volume-165/senate-section/page/S6357</url>
            <name>S6357</name>
          </link>
        </links>
        <committee />
        <type>Floor</type>
        <sourceSystem>
          <code>9</code>
          <name>Library of Congress</name>
        </sourceSystem>
        <actionDate>2019-10-31</actionDate>
      </item>
      <item>
        <actionCode>10000</actionCode>
        <text>Introduced in Senate</text>
        <links />
        <committee />
        <type>IntroReferral</type>
        <sourceSystem>
          <code>9</code>
          <name>Library of Congress</name>
        </sourceSystem>
        <actionDate>2019-10-31</actionDate>
      </item>
    </actions>
    <committees>
      <billCommittees />
    </committees>
    <calendarNumbers />
  </bill>
  <dublinCore xmlns:dc="http://purl.org/dc/elements/1.1/">
    <dc:format>text/xml</dc:format>
    <dc:language>EN</dc:language>
    <dc:rights>Pursuant to Title 17 Section 105 of the United States Code, this file is not subject to copyright protection and is in the public domain.</dc:rights>
    <dc:contributor>Congressional Research Service, Library of Congress</dc:contributor>
    <dc:description>This file contains bill summaries and statuses for federal legislation. A bill summary describes the most significant provisions of a piece of legislation and details the effects the legislative text may have on current law and federal programs. Bill summaries are authored by the Congressional Research Service (CRS) of the Library of Congress. As stated in Public Law 91-510 (2 USC 166 (d)(6)), one of the duties of CRS is "to prepare summaries and digests of bills and resolutions of a public general nature introduced in the Senate or House of Representatives". For more information, refer to the User Guide that accompanies this file.</dc:description>
  </dublinCore>
</billStatus>

