<?xml version="1.0" encoding="UTF-8"?>
<billStatus>
  <bill>
    <policyArea>
      <name>Social Welfare</name>
    </policyArea>
    <relatedBills>
      <item>
        <relationshipDetails>
          <item>
            <identifiedBy>CRS</identifiedBy>
            <type>Related bill</type>
          </item>
        </relationshipDetails>
        <latestTitle>Supporting the goals and ideals of Social Work Month and World Social Work Day on March 19, 2019.</latestTitle>
        <type>HRES</type>
        <number>176</number>
        <latestAction>
          <text>Referred to the House Committee on Education and Labor.</text>
          <actionDate>2019-03-05</actionDate>
        </latestAction>
        <congress>116</congress>
      </item>
    </relatedBills>
    <introducedDate>2019-03-14</introducedDate>
    <committeeReports />
    <amendments />
    <textVersions>
      <item>
        <date>2019-03-14T04:00:00Z</date>
        <type>Introduced in Senate</type>
        <formats>
          <item>
            <url>https://www.govinfo.gov/content/pkg/BILLS-116sres116is/xml/BILLS-116sres116is.xml</url>
          </item>
        </formats>
      </item>
    </textVersions>
    <cboCostEstimates />
    <subjects>
      <billSubjects>
        <policyArea>
          <name>Social Welfare</name>
        </policyArea>
        <legislativeSubjects>
          <item>
            <name>Commemorative events and holidays</name>
          </item>
          <item>
            <name>Congressional tributes</name>
          </item>
          <item>
            <name>Social work, volunteer service, charitable organizations</name>
          </item>
        </legislativeSubjects>
      </billSubjects>
    </subjects>
    <laws />
    <calendarNumbers />
    <notes />
    <actions>
      <actionByCounts>
        <senate>2</senate>
      </actionByCounts>
      <actionTypeCounts>
        <introducedInSenate>1</introducedInSenate>
        <referredToCommittee>1</referredToCommittee>
      </actionTypeCounts>
      <item>
        <actionDate>2019-03-14</actionDate>
        <committee>
          <name>HELP Committee</name>
          <systemCode>sshr00</systemCode>
        </committee>
        <links>
          <link>
            <name>S1908</name>
            <url>https://www.congress.gov/congressional-record/volume-165/senate-section/page/S1908</url>
          </link>
        </links>
        <sourceSystem>
          <code>0</code>
          <name>Senate</name>
        </sourceSystem>
        <text>Referred to the Committee on Health, Education, Labor, and Pensions. (text: CR S1908)</text>
        <type>IntroReferral</type>
      </item>
      <item>
        <type>IntroReferral</type>
        <actionDate>2019-03-14</actionDate>
        <actionCode>10000</actionCode>
        <text>Introduced in Senate</text>
        <links />
        <sourceSystem>
          <code>9</code>
          <name>Library of Congress</name>
        </sourceSystem>
        <committee />
      </item>
    </actions>
    <originChamber>Senate</originChamber>
    <committees>
      <billCommittees>
        <item>
          <subcommittees />
          <type>Standing</type>
          <systemCode>sshr00</systemCode>
          <chamber>Senate</chamber>
          <name>HELP Committee</name>
          <activities>
            <item>
              <date>2019-03-14T20:52:33Z</date>
              <name>Referred to</name>
            </item>
          </activities>
        </item>
      </billCommittees>
    </committees>
    <titles>
      <item>
        <parentTitleType />
        <chamberCode />
        <title>A resolution supporting the goals and ideals of Social Work Month and World Social Work Day on March 19, 2019.</title>
        <titleType>Official Title as Introduced</titleType>
        <chamberName />
      </item>
      <item>
        <parentTitleType />
        <chamberCode />
        <title>A resolution supporting the goals and ideals of Social Work Month and World Social Work Day on March 19, 2019.</title>
        <titleType>Display Title</titleType>
        <chamberName />
      </item>
    </titles>
    <summaries>
      <billSummaries>
        <item>
          <versionCode>00</versionCode>
          <text><![CDATA[<p>This resolution supports the goals and ideals of Social Work Month and World Social Work Day on March 19, 2019.</p>]]></text>
          <actionDate>2019-03-14</actionDate>
          <lastSummaryUpdateDate>2019-10-30T18:06:37Z</lastSummaryUpdateDate>
          <actionDesc>Introduced in Senate</actionDesc>
          <updateDate>2019-03-14T04:00:00Z</updateDate>
          <name>Introduced in Senate</name>
        </item>
      </billSummaries>
    </summaries>
    <recordedVotes />
    <title>A resolution supporting the goals and ideals of Social Work Month and World Social Work Day on March 19, 2019.</title>
    <sponsors>
      <item>
        <party>D</party>
        <state>MI</state>
        <identifiers>
          <lisID>1531</lisID>
          <gpoId>8261</gpoId>
          <bioguideId>S000770</bioguideId>
        </identifiers>
        <middleName>ANN</middleName>
        <byRequestType />
        <bioguideId>S000770</bioguideId>
        <firstName>DEBORAH</firstName>
        <fullName>Sen. Stabenow, Debbie [D-MI]</fullName>
        <lastName>STABENOW</lastName>
      </item>
    </sponsors>
    <cosponsors />
    <billNumber>116</billNumber>
    <congress>116</congress>
    <latestAction>
      <links />
      <actionDate>2019-03-14</actionDate>
      <text>Referred to the Committee on Health, Education, Labor, and Pensions. (text: CR S1908)</text>
    </latestAction>
    <billType>SRES</billType>
    <updateDate>2019-11-15T22:00:40Z</updateDate>
    <createDate>2019-03-15T04:42:06Z</createDate>
    <version>1.0.0</version>
  </bill>
  <dublinCore xmlns:dc="http://purl.org/dc/elements/1.1/">
    <dc:format>text/xml</dc:format>
    <dc:language>EN</dc:language>
    <dc:rights>Pursuant to Title 17 Section 105 of the United States Code, this file is not subject to copyright protection and is in the public domain.</dc:rights>
    <dc:contributor>Congressional Research Service, Library of Congress</dc:contributor>
    <dc:description>This file contains bill summaries and statuses for federal legislation. A bill summary describes the most significant provisions of a piece of legislation and details the effects the legislative text may have on current law and federal programs. Bill summaries are authored by the Congressional Research Service (CRS) of the Library of Congress. As stated in Public Law 91-510 (2 USC 166 (d)(6)), one of the duties of CRS is "to prepare summaries and digests of bills and resolutions of a public general nature introduced in the Senate or House of Representatives". For more information, refer to the User Guide that accompanies this file.</dc:description>
  </dublinCore>
</billStatus>

