<?xml version="1.0" encoding="UTF-8"?>
<billStatus>
  <bill>
    <introducedDate>2019-04-11</introducedDate>
    <policyArea>
      <name>Public Lands and Natural Resources</name>
    </policyArea>
    <amendments />
    <cosponsors>
      <item>
        <state>ME</state>
        <fullName>Sen. King, Angus S., Jr. [I-ME]</fullName>
        <party>I</party>
        <bioguideId>K000383</bioguideId>
        <sponsorshipWithdrawnDate />
        <isOriginalCosponsor>True</isOriginalCosponsor>
        <firstName>Angus</firstName>
        <middleName />
        <sponsorshipDate>2019-04-11</sponsorshipDate>
        <lastName>King</lastName>
        <identifiers>
          <gpoId />
          <bioguideId>K000383</bioguideId>
          <lisID>2185</lisID>
        </identifiers>
      </item>
      <item>
        <state>ND</state>
        <fullName>Sen. Cramer, Kevin [R-ND]</fullName>
        <party>R</party>
        <bioguideId>C001096</bioguideId>
        <sponsorshipWithdrawnDate />
        <isOriginalCosponsor>True</isOriginalCosponsor>
        <firstName>Kevin</firstName>
        <middleName />
        <sponsorshipDate>2019-04-11</sponsorshipDate>
        <lastName>Cramer</lastName>
        <identifiers>
          <bioguideId>C001096</bioguideId>
          <lisID>2144</lisID>
          <gpoId />
        </identifiers>
      </item>
      <item>
        <state>CO</state>
        <fullName>Sen. Bennet, Michael F. [D-CO]</fullName>
        <party>D</party>
        <bioguideId>B001267</bioguideId>
        <sponsorshipWithdrawnDate />
        <isOriginalCosponsor>True</isOriginalCosponsor>
        <firstName>Michael</firstName>
        <middleName>F.</middleName>
        <sponsorshipDate>2019-04-11</sponsorshipDate>
        <lastName>Bennet</lastName>
        <identifiers>
          <lisID>1965</lisID>
          <gpoId>8302</gpoId>
          <bioguideId>B001267</bioguideId>
        </identifiers>
      </item>
      <item>
        <state>OH</state>
        <fullName>Sen. Portman, Rob [R-OH]</fullName>
        <party>R</party>
        <bioguideId>P000449</bioguideId>
        <sponsorshipWithdrawnDate />
        <isOriginalCosponsor>True</isOriginalCosponsor>
        <firstName>ROB</firstName>
        <middleName />
        <sponsorshipDate>2019-04-11</sponsorshipDate>
        <lastName>PORTMAN</lastName>
        <identifiers>
          <lisID>924</lisID>
          <bioguideId>P000449</bioguideId>
          <gpoId>8266</gpoId>
        </identifiers>
      </item>
      <item>
        <state>NV</state>
        <fullName>Sen. Cortez Masto, Catherine  [D-NV]</fullName>
        <party>D</party>
        <bioguideId>C001113</bioguideId>
        <sponsorshipWithdrawnDate />
        <isOriginalCosponsor>True</isOriginalCosponsor>
        <firstName>Catherine</firstName>
        <middleName />
        <sponsorshipDate>2019-04-11</sponsorshipDate>
        <lastName>Cortez Masto</lastName>
        <identifiers>
          <lisID>2299</lisID>
          <gpoId />
          <bioguideId>C001113</bioguideId>
        </identifiers>
      </item>
      <item>
        <state>CO</state>
        <fullName>Sen. Gardner, Cory [R-CO]</fullName>
        <party>R</party>
        <bioguideId>G000562</bioguideId>
        <sponsorshipWithdrawnDate />
        <isOriginalCosponsor>True</isOriginalCosponsor>
        <firstName>Cory</firstName>
        <middleName />
        <sponsorshipDate>2019-04-11</sponsorshipDate>
        <lastName>Gardner</lastName>
        <identifiers>
          <gpoId>7862</gpoId>
          <lisID>1998</lisID>
          <bioguideId>G000562</bioguideId>
        </identifiers>
      </item>
      <item>
        <state>CA</state>
        <fullName>Sen. Feinstein, Dianne [D-CA]</fullName>
        <party>D</party>
        <bioguideId>F000062</bioguideId>
        <sponsorshipWithdrawnDate />
        <isOriginalCosponsor>True</isOriginalCosponsor>
        <firstName>DIANNE</firstName>
        <middleName />
        <sponsorshipDate>2019-04-11</sponsorshipDate>
        <lastName>FEINSTEIN</lastName>
        <identifiers>
          <lisID>1332</lisID>
          <gpoId>8338</gpoId>
          <bioguideId>F000062</bioguideId>
        </identifiers>
      </item>
      <item>
        <state>TN</state>
        <fullName>Sen. Alexander, Lamar [R-TN]</fullName>
        <party>R</party>
        <bioguideId>A000360</bioguideId>
        <sponsorshipWithdrawnDate />
        <isOriginalCosponsor>True</isOriginalCosponsor>
        <firstName>Lamar</firstName>
        <middleName />
        <sponsorshipDate>2019-04-11</sponsorshipDate>
        <lastName>Alexander</lastName>
        <identifiers>
          <gpoId>8304</gpoId>
          <lisID>1695</lisID>
          <bioguideId>A000360</bioguideId>
        </identifiers>
      </item>
      <item>
        <state>NM</state>
        <fullName>Sen. Heinrich, Martin [D-NM]</fullName>
        <party>D</party>
        <bioguideId>H001046</bioguideId>
        <sponsorshipWithdrawnDate />
        <isOriginalCosponsor>True</isOriginalCosponsor>
        <firstName>Martin</firstName>
        <middleName />
        <sponsorshipDate>2019-04-11</sponsorshipDate>
        <lastName>Heinrich</lastName>
        <identifiers>
          <bioguideId>H001046</bioguideId>
          <gpoId>8056</gpoId>
          <lisID>1937</lisID>
        </identifiers>
      </item>
      <item>
        <state>MO</state>
        <fullName>Sen. Blunt, Roy [R-MO]</fullName>
        <party>R</party>
        <bioguideId>B000575</bioguideId>
        <sponsorshipWithdrawnDate />
        <isOriginalCosponsor>True</isOriginalCosponsor>
        <firstName>Roy</firstName>
        <middleName />
        <sponsorshipDate>2019-04-11</sponsorshipDate>
        <lastName>Blunt</lastName>
        <identifiers>
          <lisID>1464</lisID>
          <gpoId>8313</gpoId>
          <bioguideId>B000575</bioguideId>
        </identifiers>
      </item>
      <item>
        <state>HI</state>
        <fullName>Sen. Hirono, Mazie K. [D-HI]</fullName>
        <party>D</party>
        <bioguideId>H001042</bioguideId>
        <sponsorshipWithdrawnDate />
        <isOriginalCosponsor>True</isOriginalCosponsor>
        <firstName>Mazie</firstName>
        <middleName>K.</middleName>
        <sponsorshipDate>2019-04-11</sponsorshipDate>
        <lastName>Hirono</lastName>
        <identifiers>
          <lisID>1844</lisID>
          <gpoId>7913</gpoId>
          <bioguideId>H001042</bioguideId>
        </identifiers>
      </item>
      <item>
        <state>LA</state>
        <fullName>Sen. Cassidy, Bill [R-LA]</fullName>
        <party>R</party>
        <bioguideId>C001075</bioguideId>
        <sponsorshipWithdrawnDate />
        <isOriginalCosponsor>True</isOriginalCosponsor>
        <firstName>Bill</firstName>
        <middleName />
        <sponsorshipDate>2019-04-11</sponsorshipDate>
        <lastName>Cassidy</lastName>
        <identifiers>
          <lisID>1925</lisID>
          <bioguideId>C001075</bioguideId>
          <gpoId>7964</gpoId>
        </identifiers>
      </item>
      <item>
        <state>WV</state>
        <fullName>Sen. Manchin, Joe, III [D-WV]</fullName>
        <party>D</party>
        <bioguideId>M001183</bioguideId>
        <sponsorshipWithdrawnDate />
        <isOriginalCosponsor>True</isOriginalCosponsor>
        <firstName>Joe</firstName>
        <middleName />
        <sponsorshipDate>2019-04-11</sponsorshipDate>
        <lastName>Manchin</lastName>
        <identifiers>
          <lisID>1983</lisID>
          <bioguideId>M001183</bioguideId>
          <gpoId>8256</gpoId>
        </identifiers>
      </item>
      <item>
        <state>FL</state>
        <fullName>Sen. Rubio, Marco [R-FL]</fullName>
        <party>R</party>
        <bioguideId>R000595</bioguideId>
        <sponsorshipWithdrawnDate />
        <isOriginalCosponsor>True</isOriginalCosponsor>
        <firstName>Marco</firstName>
        <middleName />
        <sponsorshipDate>2019-04-11</sponsorshipDate>
        <lastName>Rubio</lastName>
        <identifiers>
          <lisID>2084</lisID>
          <gpoId>8242</gpoId>
          <bioguideId>R000595</bioguideId>
        </identifiers>
      </item>
      <item>
        <state>RI</state>
        <fullName>Sen. Reed, Jack [D-RI]</fullName>
        <party>D</party>
        <bioguideId>R000122</bioguideId>
        <sponsorshipWithdrawnDate />
        <isOriginalCosponsor>True</isOriginalCosponsor>
        <firstName>JOHN</firstName>
        <middleName>F.</middleName>
        <sponsorshipDate>2019-04-11</sponsorshipDate>
        <lastName>REED</lastName>
        <identifiers>
          <lisID>949</lisID>
          <bioguideId>R000122</bioguideId>
          <gpoId>8272</gpoId>
        </identifiers>
      </item>
      <item>
        <state>ND</state>
        <fullName>Sen. Hoeven, John [R-ND]</fullName>
        <party>R</party>
        <bioguideId>H001061</bioguideId>
        <sponsorshipWithdrawnDate />
        <isOriginalCosponsor>True</isOriginalCosponsor>
        <firstName>John</firstName>
        <middleName />
        <sponsorshipDate>2019-04-11</sponsorshipDate>
        <lastName>Hoeven</lastName>
        <identifiers>
          <lisID>2079</lisID>
          <gpoId>8331</gpoId>
          <bioguideId>H001061</bioguideId>
        </identifiers>
      </item>
      <item>
        <state>MI</state>
        <fullName>Sen. Stabenow, Debbie [D-MI]</fullName>
        <party>D</party>
        <bioguideId>S000770</bioguideId>
        <sponsorshipWithdrawnDate />
        <isOriginalCosponsor>True</isOriginalCosponsor>
        <firstName>DEBORAH</firstName>
        <middleName>ANN</middleName>
        <sponsorshipDate>2019-04-11</sponsorshipDate>
        <lastName>STABENOW</lastName>
        <identifiers>
          <lisID>1531</lisID>
          <bioguideId>S000770</bioguideId>
          <gpoId>8261</gpoId>
        </identifiers>
      </item>
      <item>
        <state>WV</state>
        <fullName>Sen. Capito, Shelley Moore [R-WV]</fullName>
        <party>R</party>
        <bioguideId>C001047</bioguideId>
        <sponsorshipWithdrawnDate />
        <isOriginalCosponsor>True</isOriginalCosponsor>
        <firstName>SHELLEY</firstName>
        <middleName>MOORE</middleName>
        <sponsorshipDate>2019-04-11</sponsorshipDate>
        <lastName>CAPITO</lastName>
        <identifiers>
          <gpoId>8223</gpoId>
          <bioguideId>C001047</bioguideId>
          <lisID>1676</lisID>
        </identifiers>
      </item>
      <item>
        <state>NM</state>
        <fullName>Sen. Udall, Tom [D-NM]</fullName>
        <party>D</party>
        <bioguideId>U000039</bioguideId>
        <sponsorshipWithdrawnDate />
        <isOriginalCosponsor>True</isOriginalCosponsor>
        <firstName>TOM</firstName>
        <middleName />
        <sponsorshipDate>2019-04-11</sponsorshipDate>
        <lastName>UDALL</lastName>
        <identifiers>
          <lisID>1567</lisID>
          <gpoId>8260</gpoId>
          <bioguideId>U000039</bioguideId>
        </identifiers>
      </item>
      <item>
        <state>AZ</state>
        <fullName>Sen. McSally, Martha [R-AZ]</fullName>
        <party>R</party>
        <bioguideId>M001197</bioguideId>
        <sponsorshipWithdrawnDate />
        <isOriginalCosponsor>True</isOriginalCosponsor>
        <firstName>Martha</firstName>
        <middleName />
        <sponsorshipDate>2019-04-11</sponsorshipDate>
        <lastName>McSally</lastName>
        <identifiers>
          <lisID>2225</lisID>
          <bioguideId>M001197</bioguideId>
          <gpoId />
        </identifiers>
      </item>
      <item>
        <state>RI</state>
        <fullName>Sen. Whitehouse, Sheldon [D-RI]</fullName>
        <party>D</party>
        <bioguideId>W000802</bioguideId>
        <sponsorshipWithdrawnDate />
        <isOriginalCosponsor>True</isOriginalCosponsor>
        <firstName>Sheldon</firstName>
        <middleName />
        <sponsorshipDate>2019-04-11</sponsorshipDate>
        <lastName>Whitehouse</lastName>
        <identifiers>
          <gpoId>8264</gpoId>
          <bioguideId>W000802</bioguideId>
          <lisID>1823</lisID>
        </identifiers>
      </item>
      <item>
        <state>WY</state>
        <fullName>Sen. Barrasso, John [R-WY]</fullName>
        <party>R</party>
        <bioguideId>B001261</bioguideId>
        <sponsorshipWithdrawnDate />
        <isOriginalCosponsor>True</isOriginalCosponsor>
        <firstName>John</firstName>
        <middleName />
        <sponsorshipDate>2019-04-11</sponsorshipDate>
        <lastName>Barrasso</lastName>
        <identifiers>
          <lisID>1881</lisID>
          <gpoId>8300</gpoId>
          <bioguideId>B001261</bioguideId>
        </identifiers>
      </item>
      <item>
        <state>VA</state>
        <fullName>Sen. Warner, Mark R. [D-VA]</fullName>
        <party>D</party>
        <bioguideId>W000805</bioguideId>
        <sponsorshipWithdrawnDate />
        <isOriginalCosponsor>True</isOriginalCosponsor>
        <firstName>Mark</firstName>
        <middleName>R.</middleName>
        <sponsorshipDate>2019-04-11</sponsorshipDate>
        <lastName>Warner</lastName>
        <identifiers>
          <lisID>1897</lisID>
          <bioguideId>W000805</bioguideId>
          <gpoId>8269</gpoId>
        </identifiers>
      </item>
      <item>
        <state>WY</state>
        <fullName>Sen. Enzi, Michael B. [R-WY]</fullName>
        <party>R</party>
        <bioguideId>E000285</bioguideId>
        <sponsorshipWithdrawnDate />
        <isOriginalCosponsor>True</isOriginalCosponsor>
        <firstName>MICHAEL</firstName>
        <middleName>B.</middleName>
        <sponsorshipDate>2019-04-11</sponsorshipDate>
        <lastName>ENZI</lastName>
        <identifiers>
          <bioguideId>E000285</bioguideId>
          <lisID>1542</lisID>
          <gpoId>8328</gpoId>
        </identifiers>
      </item>
      <item>
        <state>OR</state>
        <fullName>Sen. Wyden, Ron [D-OR]</fullName>
        <party>D</party>
        <bioguideId>W000779</bioguideId>
        <sponsorshipWithdrawnDate />
        <isOriginalCosponsor>True</isOriginalCosponsor>
        <firstName>RON</firstName>
        <middleName />
        <sponsorshipDate>2019-04-11</sponsorshipDate>
        <lastName>WYDEN</lastName>
        <identifiers>
          <lisID>1247</lisID>
          <gpoId>8265</gpoId>
          <bioguideId>W000779</bioguideId>
        </identifiers>
      </item>
      <item>
        <state>AR</state>
        <fullName>Sen. Boozman, John [R-AR]</fullName>
        <party>R</party>
        <bioguideId>B001236</bioguideId>
        <sponsorshipWithdrawnDate />
        <isOriginalCosponsor>True</isOriginalCosponsor>
        <firstName>John</firstName>
        <middleName />
        <sponsorshipDate>2019-04-11</sponsorshipDate>
        <lastName>Boozman</lastName>
        <identifiers>
          <bioguideId>B001236</bioguideId>
          <gpoId>8247</gpoId>
          <lisID>1687</lisID>
        </identifiers>
      </item>
      <item>
        <state>ME</state>
        <fullName>Sen. Collins, Susan M. [R-ME]</fullName>
        <party>R</party>
        <bioguideId>C001035</bioguideId>
        <sponsorshipWithdrawnDate />
        <isOriginalCosponsor>True</isOriginalCosponsor>
        <firstName>SUSAN</firstName>
        <middleName>MARGARET</middleName>
        <sponsorshipDate>2019-04-11</sponsorshipDate>
        <lastName>COLLINS</lastName>
        <identifiers>
          <lisID>1541</lisID>
          <bioguideId>C001035</bioguideId>
          <gpoId>8291</gpoId>
        </identifiers>
      </item>
      <item>
        <state>MS</state>
        <fullName>Sen. Hyde-Smith, Cindy [R-MS]</fullName>
        <party>R</party>
        <bioguideId>H001079</bioguideId>
        <sponsorshipWithdrawnDate />
        <isOriginalCosponsor>True</isOriginalCosponsor>
        <firstName>Cindy</firstName>
        <middleName />
        <sponsorshipDate>2019-04-11</sponsorshipDate>
        <lastName>Hyde-Smith</lastName>
        <identifiers>
          <lisID>2366</lisID>
          <bioguideId>H001079</bioguideId>
          <gpoId />
        </identifiers>
      </item>
      <item>
        <state>NC</state>
        <fullName>Sen. Tillis, Thom [R-NC]</fullName>
        <party>R</party>
        <bioguideId>T000476</bioguideId>
        <sponsorshipWithdrawnDate />
        <isOriginalCosponsor>True</isOriginalCosponsor>
        <firstName>Thomas</firstName>
        <middleName>Roland</middleName>
        <sponsorshipDate>2019-04-11</sponsorshipDate>
        <lastName>Tillis</lastName>
        <identifiers>
          <gpoId />
          <bioguideId>T000476</bioguideId>
          <lisID>2291</lisID>
        </identifiers>
      </item>
      <item>
        <state>WA</state>
        <fullName>Sen. Cantwell, Maria [D-WA]</fullName>
        <party>D</party>
        <bioguideId>C000127</bioguideId>
        <sponsorshipWithdrawnDate />
        <isOriginalCosponsor>True</isOriginalCosponsor>
        <firstName>MARIA</firstName>
        <middleName />
        <sponsorshipDate>2019-04-11</sponsorshipDate>
        <lastName>CANTWELL</lastName>
        <identifiers>
          <bioguideId>C000127</bioguideId>
          <gpoId>8288</gpoId>
          <lisID>172</lisID>
        </identifiers>
      </item>
      <item>
        <state>MD</state>
        <fullName>Sen. Cardin, Benjamin L. [D-MD]</fullName>
        <party>D</party>
        <bioguideId>C000141</bioguideId>
        <sponsorshipWithdrawnDate />
        <isOriginalCosponsor>True</isOriginalCosponsor>
        <firstName>BENJAMIN</firstName>
        <middleName>L.</middleName>
        <sponsorshipDate>2019-04-11</sponsorshipDate>
        <lastName>CARDIN</lastName>
        <identifiers>
          <bioguideId>C000141</bioguideId>
          <gpoId>8287</gpoId>
          <lisID>174</lisID>
        </identifiers>
      </item>
      <item>
        <state>NH</state>
        <fullName>Sen. Hassan, Margaret Wood [D-NH]</fullName>
        <party>D</party>
        <bioguideId>H001076</bioguideId>
        <sponsorshipWithdrawnDate />
        <isOriginalCosponsor>True</isOriginalCosponsor>
        <firstName>Margaret</firstName>
        <middleName>Wood</middleName>
        <sponsorshipDate>2019-04-11</sponsorshipDate>
        <lastName>Hassan</lastName>
        <identifiers>
          <lisID>2302</lisID>
          <gpoId />
          <bioguideId>H001076</bioguideId>
        </identifiers>
      </item>
      <item>
        <state>MI</state>
        <fullName>Sen. Peters, Gary C. [D-MI]</fullName>
        <party>D</party>
        <bioguideId>P000595</bioguideId>
        <sponsorshipWithdrawnDate />
        <isOriginalCosponsor>True</isOriginalCosponsor>
        <firstName>Gary</firstName>
        <middleName>C.</middleName>
        <sponsorshipDate>2019-04-11</sponsorshipDate>
        <lastName>Peters</lastName>
        <identifiers>
          <lisID>1929</lisID>
          <bioguideId>P000595</bioguideId>
          <gpoId>7994</gpoId>
        </identifiers>
      </item>
      <item>
        <state>CT</state>
        <fullName>Sen. Blumenthal, Richard [D-CT]</fullName>
        <party>D</party>
        <bioguideId>B001277</bioguideId>
        <sponsorshipWithdrawnDate />
        <isOriginalCosponsor>True</isOriginalCosponsor>
        <firstName>Richard</firstName>
        <middleName />
        <sponsorshipDate>2019-04-11</sponsorshipDate>
        <lastName>Blumenthal</lastName>
        <identifiers>
          <bioguideId>B001277</bioguideId>
          <lisID>2076</lisID>
          <gpoId>8332</gpoId>
        </identifiers>
      </item>
      <item>
        <state>MS</state>
        <fullName>Sen. Wicker, Roger F. [R-MS]</fullName>
        <party>R</party>
        <bioguideId>W000437</bioguideId>
        <sponsorshipWithdrawnDate />
        <isOriginalCosponsor>True</isOriginalCosponsor>
        <firstName>ROGER</firstName>
        <middleName>F.</middleName>
        <sponsorshipDate>2019-04-11</sponsorshipDate>
        <lastName>WICKER</lastName>
        <identifiers>
          <bioguideId>W000437</bioguideId>
          <lisID>1226</lisID>
          <gpoId>8263</gpoId>
        </identifiers>
      </item>
      <item>
        <state>OH</state>
        <fullName>Sen. Brown, Sherrod [D-OH]</fullName>
        <party>D</party>
        <bioguideId>B000944</bioguideId>
        <sponsorshipWithdrawnDate />
        <isOriginalCosponsor>True</isOriginalCosponsor>
        <firstName>Sherrod</firstName>
        <middleName />
        <sponsorshipDate>2019-04-11</sponsorshipDate>
        <lastName>Brown</lastName>
        <identifiers>
          <lisID>136</lisID>
          <gpoId>8309</gpoId>
          <bioguideId>B000944</bioguideId>
        </identifiers>
      </item>
    </cosponsors>
    <laws />
    <calendarNumbers />
    <billNumber>167</billNumber>
    <subjects>
      <billSubjects>
        <legislativeSubjects>
          <item>
            <name>Commemorative events and holidays</name>
          </item>
          <item>
            <name>Parks, recreation areas, trails</name>
          </item>
        </legislativeSubjects>
        <policyArea>
          <name>Public Lands and Natural Resources</name>
        </policyArea>
      </billSubjects>
    </subjects>
    <congress>116</congress>
    <recordedVotes />
    <actions>
      <item>
        <actionDate>2019-04-11</actionDate>
        <committee />
        <links>
          <link>
            <url>https://www.congress.gov/congressional-record/volume-165/senate-section/page/S2443</url>
            <name>S2443</name>
          </link>
          <link>
            <url>https://www.congress.gov/congressional-record/volume-165/senate-section/page/S2455</url>
            <name>S2455</name>
          </link>
        </links>
        <sourceSystem>
          <name>Senate</name>
          <code>0</code>
        </sourceSystem>
        <text>Submitted in the Senate, considered, and agreed to without amendment and with a preamble by Voice Vote. (consideration: CR S2455; text: CR S2443)</text>
        <type>Floor</type>
      </item>
      <item>
        <type>Floor</type>
        <committee />
        <actionDate>2019-04-11</actionDate>
        <actionCode>17000</actionCode>
        <links>
          <link>
            <url>https://www.congress.gov/congressional-record/volume-165/senate-section/page/S2443</url>
            <name>S2443</name>
          </link>
          <link>
            <url>https://www.congress.gov/congressional-record/volume-165/senate-section/page/S2455</url>
            <name>S2455</name>
          </link>
        </links>
        <text>Passed/agreed to in Senate: Submitted in the Senate, considered, and agreed to without amendment and with a preamble by Voice Vote.(consideration: CR S2455; text: CR S2443)</text>
        <sourceSystem>
          <name>Library of Congress</name>
          <code>9</code>
        </sourceSystem>
      </item>
      <item>
        <type>IntroReferral</type>
        <committee />
        <actionDate>2019-04-11</actionDate>
        <actionCode>10000</actionCode>
        <links />
        <text>Introduced in Senate</text>
        <sourceSystem>
          <name>Library of Congress</name>
          <code>9</code>
        </sourceSystem>
      </item>
      <actionByCounts>
        <senate>3</senate>
      </actionByCounts>
      <actionTypeCounts>
        <passedOrAgreedToInSenateDayOf>1</passedOrAgreedToInSenateDayOf>
        <introducedInSenate>1</introducedInSenate>
        <passedAgreedToInSenate>1</passedAgreedToInSenate>
      </actionTypeCounts>
    </actions>
    <textVersions>
      <item>
        <formats>
          <item>
            <url>https://www.govinfo.gov/content/pkg/BILLS-116sres167ats/xml/BILLS-116sres167ats.xml</url>
          </item>
        </formats>
        <type>Agreed to Senate</type>
        <date>2019-04-11T04:00:00Z</date>
      </item>
    </textVersions>
    <originChamber>Senate</originChamber>
    <billType>SRES</billType>
    <createDate>2019-04-12T04:57:08Z</createDate>
    <cboCostEstimates />
    <notes />
    <updateDate>2019-06-08T04:27:23Z</updateDate>
    <committees>
      <billCommittees />
    </committees>
    <summaries>
      <billSummaries>
        <item>
          <updateDate>2019-04-11T04:00:00Z</updateDate>
          <actionDate>2019-04-11</actionDate>
          <versionCode>00</versionCode>
          <text><![CDATA[<p>This resolution designates April 20-April 28, 2019, as National Park Week.</p> <p>The resolution also encourages the people of the United States and the world to visit U.S. national parks. </p>]]></text>
          <actionDesc>Introduced in Senate</actionDesc>
          <name>Introduced in Senate</name>
          <lastSummaryUpdateDate>2019-05-31T15:29:44Z</lastSummaryUpdateDate>
        </item>
        <item>
          <updateDate>2019-04-11T10:46:39Z</updateDate>
          <actionDate>2019-04-11</actionDate>
          <versionCode>55</versionCode>
          <text><![CDATA[<p>This resolution designates April 20-April 28, 2019, as National Park Week.</p> <p>The resolution also encourages the people of the United States and the world to visit U.S. national parks. </p>]]></text>
          <actionDesc>Passed Senate</actionDesc>
          <name>Passed Senate</name>
          <lastSummaryUpdateDate>2019-06-05T15:26:01Z</lastSummaryUpdateDate>
        </item>
      </billSummaries>
    </summaries>
    <relatedBills />
    <version>1.0.0</version>
    <sponsors>
      <item>
        <firstName>Steve</firstName>
        <fullName>Sen. Daines, Steve [R-MT]</fullName>
        <bioguideId>D000618</bioguideId>
        <state>MT</state>
        <middleName />
        <lastName>Daines</lastName>
        <identifiers>
          <gpoId />
          <bioguideId>D000618</bioguideId>
          <lisID>2138</lisID>
        </identifiers>
        <byRequestType />
        <party>R</party>
      </item>
    </sponsors>
    <titles>
      <item>
        <titleType>Official Title as Introduced</titleType>
        <parentTitleType />
        <chamberCode />
        <chamberName />
        <title>A resolution designating the week of April 20, 2019, through April 28, 2019, as "National Park Week".</title>
      </item>
      <item>
        <titleType>Display Title</titleType>
        <parentTitleType />
        <chamberCode />
        <chamberName />
        <title>A resolution designating the week of April 20, 2019, through April 28, 2019, as "National Park Week".</title>
      </item>
    </titles>
    <committeeReports />
    <latestAction>
      <links />
      <actionDate>2019-04-11</actionDate>
      <text>Submitted in the Senate, considered, and agreed to without amendment and with a preamble by Voice Vote. (consideration: CR S2455; text: CR S2443)</text>
    </latestAction>
    <title>A resolution designating the week of April 20, 2019, through April 28, 2019, as "National Park Week".</title>
  </bill>
  <dublinCore xmlns:dc="http://purl.org/dc/elements/1.1/">
    <dc:format>text/xml</dc:format>
    <dc:language>EN</dc:language>
    <dc:rights>Pursuant to Title 17 Section 105 of the United States Code, this file is not subject to copyright protection and is in the public domain.</dc:rights>
    <dc:contributor>Congressional Research Service, Library of Congress</dc:contributor>
    <dc:description>This file contains bill summaries and statuses for federal legislation. A bill summary describes the most significant provisions of a piece of legislation and details the effects the legislative text may have on current law and federal programs. Bill summaries are authored by the Congressional Research Service (CRS) of the Library of Congress. As stated in Public Law 91-510 (2 USC 166 (d)(6)), one of the duties of CRS is "to prepare summaries and digests of bills and resolutions of a public general nature introduced in the Senate or House of Representatives". For more information, refer to the User Guide that accompanies this file.</dc:description>
  </dublinCore>
</billStatus>

