<?xml version="1.0" encoding="UTF-8"?>
<billStatus>
  <bill>
    <laws />
    <policyArea>
      <name>Health</name>
    </policyArea>
    <recordedVotes />
    <congress>116</congress>
    <billNumber>300</billNumber>
    <relatedBills>
      <item>
        <latestAction>
          <actionDate>2019-04-01</actionDate>
          <text>Referred to the House Committee on Energy and Commerce.</text>
        </latestAction>
        <congress>116</congress>
        <type>HRES</type>
        <latestTitle>Supporting the goals and ideals of National Public Health Week.</latestTitle>
        <number>279</number>
        <relationshipDetails>
          <item>
            <type>Related bill</type>
            <identifiedBy>CRS</identifiedBy>
          </item>
        </relationshipDetails>
      </item>
    </relatedBills>
    <notes />
    <summaries>
      <billSummaries />
    </summaries>
    <version>1.0.0</version>
    <cboCostEstimates />
    <actions>
      <actionByCounts>
        <senate>3</senate>
      </actionByCounts>
      <item>
        <actionDate>2019-07-31</actionDate>
        <committee />
        <links>
          <link>
            <url>https://www.congress.gov/congressional-record/volume-165/senate-section/page/S5258</url>
            <name>S5258</name>
          </link>
          <link>
            <url>https://www.congress.gov/congressional-record/volume-165/senate-section/page/S5274</url>
            <name>S5274</name>
          </link>
        </links>
        <sourceSystem>
          <code>0</code>
          <name>Senate</name>
        </sourceSystem>
        <text>Submitted in the Senate, considered, and agreed to without amendment and with a preamble by Voice Vote. (consideration: CR S5274; text: CR S5258)</text>
        <type>Floor</type>
      </item>
      <item>
        <sourceSystem>
          <code>9</code>
          <name>Library of Congress</name>
        </sourceSystem>
        <actionCode>17000</actionCode>
        <links>
          <link>
            <url>https://www.congress.gov/congressional-record/volume-165/senate-section/page/S5258</url>
            <name>S5258</name>
          </link>
          <link>
            <url>https://www.congress.gov/congressional-record/volume-165/senate-section/page/S5274</url>
            <name>S5274</name>
          </link>
        </links>
        <type>Floor</type>
        <text>Passed/agreed to in Senate: Submitted in the Senate, considered, and agreed to without amendment and with a preamble by Voice Vote.(consideration: CR S5274; text: CR S5258)</text>
        <actionDate>2019-07-31</actionDate>
        <committee />
      </item>
      <item>
        <sourceSystem>
          <code>9</code>
          <name>Library of Congress</name>
        </sourceSystem>
        <actionCode>10000</actionCode>
        <links />
        <type>IntroReferral</type>
        <text>Introduced in Senate</text>
        <actionDate>2019-07-31</actionDate>
        <committee />
      </item>
      <actionTypeCounts>
        <introducedInSenate>1</introducedInSenate>
        <passedOrAgreedToInSenateDayOf>1</passedOrAgreedToInSenateDayOf>
        <passedAgreedToInSenate>1</passedAgreedToInSenate>
      </actionTypeCounts>
    </actions>
    <originChamber>Senate</originChamber>
    <sponsors>
      <item>
        <middleName />
        <bioguideId>U000039</bioguideId>
        <party>D</party>
        <fullName>Sen. Udall, Tom [D-NM]</fullName>
        <firstName>TOM</firstName>
        <state>NM</state>
        <lastName>UDALL</lastName>
        <byRequestType />
        <identifiers>
          <lisID>1567</lisID>
          <bioguideId>U000039</bioguideId>
          <gpoId>8260</gpoId>
        </identifiers>
      </item>
    </sponsors>
    <latestAction>
      <links />
      <text>Submitted in the Senate, considered, and agreed to without amendment and with a preamble by Voice Vote. (consideration: CR S5274; text: CR S5258)</text>
      <actionDate>2019-07-31</actionDate>
    </latestAction>
    <titles>
      <item>
        <chamberName />
        <title>A resolution supporting the goals and ideals of National Public Health Week.</title>
        <titleType>Official Title as Introduced</titleType>
        <chamberCode />
        <parentTitleType />
      </item>
      <item>
        <chamberName />
        <title>A resolution supporting the goals and ideals of National Public Health Week.</title>
        <titleType>Display Title</titleType>
        <chamberCode />
        <parentTitleType />
      </item>
    </titles>
    <calendarNumbers />
    <textVersions>
      <item>
        <type>Agreed to Senate</type>
        <formats>
          <item>
            <url>https://www.govinfo.gov/content/pkg/BILLS-116sres300ats/xml/BILLS-116sres300ats.xml</url>
          </item>
        </formats>
        <date>2019-07-31T04:00:00Z</date>
      </item>
    </textVersions>
    <title>A resolution supporting the goals and ideals of National Public Health Week.</title>
    <createDate>2019-08-01T07:42:15Z</createDate>
    <subjects>
      <billSubjects>
        <policyArea>
          <name>Health</name>
        </policyArea>
        <legislativeSubjects />
      </billSubjects>
    </subjects>
    <introducedDate>2019-07-31</introducedDate>
    <updateDate>2019-08-16T10:34:27Z</updateDate>
    <billType>SRES</billType>
    <cosponsors>
      <item>
        <firstName>PATTY</firstName>
        <party>D</party>
        <sponsorshipWithdrawnDate />
        <fullName>Sen. Murray, Patty [D-WA]</fullName>
        <state>WA</state>
        <isOriginalCosponsor>True</isOriginalCosponsor>
        <middleName />
        <identifiers>
          <gpoId>8237</gpoId>
          <bioguideId>M001111</bioguideId>
          <lisID>1409</lisID>
        </identifiers>
        <lastName>MURRAY</lastName>
        <bioguideId>M001111</bioguideId>
        <sponsorshipDate>2019-07-31</sponsorshipDate>
      </item>
      <item>
        <firstName>Martin</firstName>
        <party>D</party>
        <sponsorshipWithdrawnDate />
        <fullName>Sen. Heinrich, Martin [D-NM]</fullName>
        <state>NM</state>
        <isOriginalCosponsor>True</isOriginalCosponsor>
        <middleName />
        <identifiers>
          <bioguideId>H001046</bioguideId>
          <lisID>1937</lisID>
          <gpoId>8056</gpoId>
        </identifiers>
        <lastName>Heinrich</lastName>
        <bioguideId>H001046</bioguideId>
        <sponsorshipDate>2019-07-31</sponsorshipDate>
      </item>
      <item>
        <firstName>BENJAMIN</firstName>
        <party>D</party>
        <sponsorshipWithdrawnDate />
        <fullName>Sen. Cardin, Benjamin L. [D-MD]</fullName>
        <state>MD</state>
        <isOriginalCosponsor>True</isOriginalCosponsor>
        <middleName>L.</middleName>
        <identifiers>
          <bioguideId>C000141</bioguideId>
          <lisID>174</lisID>
          <gpoId>8287</gpoId>
        </identifiers>
        <lastName>CARDIN</lastName>
        <bioguideId>C000141</bioguideId>
        <sponsorshipDate>2019-07-31</sponsorshipDate>
      </item>
      <item>
        <firstName>Sherrod</firstName>
        <party>D</party>
        <sponsorshipWithdrawnDate />
        <fullName>Sen. Brown, Sherrod [D-OH]</fullName>
        <state>OH</state>
        <isOriginalCosponsor>True</isOriginalCosponsor>
        <middleName />
        <identifiers>
          <lisID>136</lisID>
          <gpoId>8309</gpoId>
          <bioguideId>B000944</bioguideId>
        </identifiers>
        <lastName>Brown</lastName>
        <bioguideId>B000944</bioguideId>
        <sponsorshipDate>2019-07-31</sponsorshipDate>
      </item>
      <item>
        <firstName>EDWARD</firstName>
        <party>D</party>
        <sponsorshipWithdrawnDate />
        <fullName>Sen. Markey, Edward J. [D-MA]</fullName>
        <state>MA</state>
        <isOriginalCosponsor>True</isOriginalCosponsor>
        <middleName>J.</middleName>
        <identifiers>
          <lisID>735</lisID>
          <gpoId>7972</gpoId>
          <bioguideId>M000133</bioguideId>
        </identifiers>
        <lastName>MARKEY</lastName>
        <bioguideId>M000133</bioguideId>
        <sponsorshipDate>2019-07-31</sponsorshipDate>
      </item>
      <item>
        <firstName>Sheldon</firstName>
        <party>D</party>
        <sponsorshipWithdrawnDate />
        <fullName>Sen. Whitehouse, Sheldon [D-RI]</fullName>
        <state>RI</state>
        <isOriginalCosponsor>True</isOriginalCosponsor>
        <middleName />
        <identifiers>
          <gpoId>8264</gpoId>
          <bioguideId>W000802</bioguideId>
          <lisID>1823</lisID>
        </identifiers>
        <lastName>Whitehouse</lastName>
        <bioguideId>W000802</bioguideId>
        <sponsorshipDate>2019-07-31</sponsorshipDate>
      </item>
      <item>
        <firstName>Angus</firstName>
        <party>I</party>
        <sponsorshipWithdrawnDate />
        <fullName>Sen. King, Angus S., Jr. [I-ME]</fullName>
        <state>ME</state>
        <isOriginalCosponsor>True</isOriginalCosponsor>
        <middleName />
        <identifiers>
          <lisID>2185</lisID>
          <bioguideId>K000383</bioguideId>
          <gpoId />
        </identifiers>
        <lastName>King</lastName>
        <bioguideId>K000383</bioguideId>
        <sponsorshipDate>2019-07-31</sponsorshipDate>
      </item>
      <item>
        <firstName>Richard</firstName>
        <party>D</party>
        <sponsorshipWithdrawnDate />
        <fullName>Sen. Blumenthal, Richard [D-CT]</fullName>
        <state>CT</state>
        <isOriginalCosponsor>True</isOriginalCosponsor>
        <middleName />
        <identifiers>
          <lisID>2076</lisID>
          <bioguideId>B001277</bioguideId>
          <gpoId>8332</gpoId>
        </identifiers>
        <lastName>Blumenthal</lastName>
        <bioguideId>B001277</bioguideId>
        <sponsorshipDate>2019-07-31</sponsorshipDate>
      </item>
      <item>
        <firstName>Margaret</firstName>
        <party>D</party>
        <sponsorshipWithdrawnDate />
        <fullName>Sen. Hassan, Margaret Wood [D-NH]</fullName>
        <state>NH</state>
        <isOriginalCosponsor>True</isOriginalCosponsor>
        <middleName>Wood</middleName>
        <identifiers>
          <gpoId />
          <bioguideId>H001076</bioguideId>
          <lisID>2302</lisID>
        </identifiers>
        <lastName>Hassan</lastName>
        <bioguideId>H001076</bioguideId>
        <sponsorshipDate>2019-07-31</sponsorshipDate>
      </item>
      <item>
        <firstName>Jeanne</firstName>
        <party>D</party>
        <sponsorshipWithdrawnDate />
        <fullName>Sen. Shaheen, Jeanne [D-NH]</fullName>
        <state>NH</state>
        <isOriginalCosponsor>True</isOriginalCosponsor>
        <middleName />
        <identifiers>
          <gpoId>8276</gpoId>
          <bioguideId>S001181</bioguideId>
          <lisID>1901</lisID>
        </identifiers>
        <lastName>Shaheen</lastName>
        <bioguideId>S001181</bioguideId>
        <sponsorshipDate>2019-07-31</sponsorshipDate>
      </item>
      <item>
        <firstName>Chris</firstName>
        <party>D</party>
        <sponsorshipWithdrawnDate />
        <fullName>Sen. Van Hollen, Chris [D-MD]</fullName>
        <state>MD</state>
        <isOriginalCosponsor>True</isOriginalCosponsor>
        <middleName />
        <identifiers>
          <gpoId>7983</gpoId>
          <lisID>1729</lisID>
          <bioguideId>V000128</bioguideId>
        </identifiers>
        <lastName>Van Hollen</lastName>
        <bioguideId>V000128</bioguideId>
        <sponsorshipDate>2019-07-31</sponsorshipDate>
      </item>
      <item>
        <firstName>Amy</firstName>
        <party>D</party>
        <sponsorshipWithdrawnDate />
        <fullName>Sen. Klobuchar, Amy [D-MN]</fullName>
        <state>MN</state>
        <isOriginalCosponsor>True</isOriginalCosponsor>
        <middleName />
        <identifiers>
          <gpoId>8249</gpoId>
          <bioguideId>K000367</bioguideId>
          <lisID>1826</lisID>
        </identifiers>
        <lastName>Klobuchar</lastName>
        <bioguideId>K000367</bioguideId>
        <sponsorshipDate>2019-07-31</sponsorshipDate>
      </item>
    </cosponsors>
    <committeeReports />
    <committees>
      <billCommittees />
    </committees>
    <amendments />
  </bill>
  <dublinCore xmlns:dc="http://purl.org/dc/elements/1.1/">
    <dc:format>text/xml</dc:format>
    <dc:language>EN</dc:language>
    <dc:rights>Pursuant to Title 17 Section 105 of the United States Code, this file is not subject to copyright protection and is in the public domain.</dc:rights>
    <dc:contributor>Congressional Research Service, Library of Congress</dc:contributor>
    <dc:description>This file contains bill summaries and statuses for federal legislation. A bill summary describes the most significant provisions of a piece of legislation and details the effects the legislative text may have on current law and federal programs. Bill summaries are authored by the Congressional Research Service (CRS) of the Library of Congress. As stated in Public Law 91-510 (2 USC 166 (d)(6)), one of the duties of CRS is "to prepare summaries and digests of bills and resolutions of a public general nature introduced in the Senate or House of Representatives". For more information, refer to the User Guide that accompanies this file.</dc:description>
  </dublinCore>
</billStatus>

