<?xml version="1.0" encoding="UTF-8"?>
<billStatus>
  <bill>
    <recordedVotes />
    <introducedDate>2019-10-21</introducedDate>
    <sponsors>
      <item>
        <middleName />
        <party>R</party>
        <fullName>Sen. McConnell, Mitch [R-KY]</fullName>
        <byRequestType />
        <bioguideId>M000355</bioguideId>
        <firstName>MITCH</firstName>
        <identifiers>
          <lisID>1395</lisID>
          <bioguideId>M000355</bioguideId>
          <gpoId>8254</gpoId>
        </identifiers>
        <lastName>MCCONNELL</lastName>
        <state>KY</state>
      </item>
    </sponsors>
    <actions>
      <actionByCounts>
        <senate>3</senate>
      </actionByCounts>
      <actionTypeCounts>
        <passedOrAgreedToInSenateDayOf>1</passedOrAgreedToInSenateDayOf>
        <passedAgreedToInSenate>1</passedAgreedToInSenate>
        <introducedInSenate>1</introducedInSenate>
      </actionTypeCounts>
      <item>
        <actionDate>2019-10-21</actionDate>
        <committee />
        <links>
          <link>
            <name>S5926</name>
            <url>https://www.congress.gov/congressional-record/volume-165/senate-section/page/S5926</url>
          </link>
          <link>
            <name>S5927</name>
            <url>https://www.congress.gov/congressional-record/volume-165/senate-section/page/S5927</url>
          </link>
        </links>
        <sourceSystem>
          <name>Senate</name>
          <code>0</code>
        </sourceSystem>
        <text>Submitted in the Senate, considered, and agreed to without amendment and with a preamble by Unanimous Consent. (Sponsor introductory remarks on measure: CR S5927; consideration: CR S5927; text: CR S5926)</text>
        <type>Floor</type>
      </item>
      <item>
        <links>
          <link>
            <name>S5926</name>
            <url>https://www.congress.gov/congressional-record/volume-165/senate-section/page/S5926</url>
          </link>
          <link>
            <name>S5927</name>
            <url>https://www.congress.gov/congressional-record/volume-165/senate-section/page/S5927</url>
          </link>
        </links>
        <text>Passed/agreed to in Senate: Submitted in the Senate, considered, and agreed to without amendment and with a preamble by Unanimous Consent.(Sponsor introductory remarks on measure: CR S5927; consideration: CR S5927; text: CR S5926)</text>
        <type>Floor</type>
        <sourceSystem>
          <name>Library of Congress</name>
          <code>9</code>
        </sourceSystem>
        <committee />
        <actionCode>17000</actionCode>
        <actionDate>2019-10-21</actionDate>
      </item>
      <item>
        <links />
        <text>Introduced in Senate</text>
        <type>IntroReferral</type>
        <sourceSystem>
          <name>Library of Congress</name>
          <code>9</code>
        </sourceSystem>
        <committee />
        <actionCode>10000</actionCode>
        <actionDate>2019-10-21</actionDate>
      </item>
    </actions>
    <amendments />
    <notes />
    <updateDate>2019-10-29T04:31:05Z</updateDate>
    <billNumber>368</billNumber>
    <calendarNumbers />
    <version>1.0.0</version>
    <committeeReports />
    <createDate>2019-10-22T04:27:27Z</createDate>
    <titles>
      <item>
        <chamberName />
        <titleType>Official Title as Introduced</titleType>
        <parentTitleType />
        <chamberCode />
        <title>A resolution to authorize the production of records by the Permanent Subcommittee on Investigations of the Committee on Homeland Security and Governmental Affairs.</title>
      </item>
      <item>
        <chamberName />
        <titleType>Display Title</titleType>
        <parentTitleType />
        <chamberCode />
        <title>A resolution to authorize the production of records by the Permanent Subcommittee on Investigations of the Committee on Homeland Security and Governmental Affairs.</title>
      </item>
    </titles>
    <laws />
    <subjects>
      <billSubjects>
        <legislativeSubjects>
          <item>
            <name>Computer security and identity theft</name>
          </item>
          <item>
            <name>Congressional committees</name>
          </item>
          <item>
            <name>Congressional oversight</name>
          </item>
          <item>
            <name>Consumer credit</name>
          </item>
          <item>
            <name>Criminal investigation, prosecution, interrogation</name>
          </item>
          <item>
            <name>Evidence and witnesses</name>
          </item>
          <item>
            <name>Government studies and investigations</name>
          </item>
          <item>
            <name>Senate Committee on Homeland Security and Governmental Affairs</name>
          </item>
        </legislativeSubjects>
        <policyArea>
          <name>Congress</name>
        </policyArea>
      </billSubjects>
    </subjects>
    <title>A resolution to authorize the production of records by the Permanent Subcommittee on Investigations of the Committee on Homeland Security and Governmental Affairs.</title>
    <originChamber>Senate</originChamber>
    <committees>
      <billCommittees />
    </committees>
    <billType>SRES</billType>
    <cosponsors>
      <item>
        <middleName>E.</middleName>
        <party>D</party>
        <lastName>SCHUMER</lastName>
        <fullName>Sen. Schumer, Charles E. [D-NY]</fullName>
        <sponsorshipDate>2019-10-21</sponsorshipDate>
        <bioguideId>S000148</bioguideId>
        <firstName>CHARLES</firstName>
        <identifiers>
          <lisID>1036</lisID>
          <bioguideId>S000148</bioguideId>
          <gpoId>8279</gpoId>
        </identifiers>
        <sponsorshipWithdrawnDate />
        <isOriginalCosponsor>True</isOriginalCosponsor>
        <state>NY</state>
      </item>
    </cosponsors>
    <relatedBills>
      <item>
        <latestAction>
          <text>Submitted in the Senate, considered, and agreed to without amendment and with a preamble by Unanimous Consent. (consideration: CR S2204; text: CR S2194)</text>
          <actionDate>2019-04-02</actionDate>
        </latestAction>
        <type>SRES</type>
        <congress>116</congress>
        <number>139</number>
        <latestTitle>A resolution to authorize the production of records by the Permanent Subcommittee on Investigations of the Committee on Homeland Security and Governmental Affairs.</latestTitle>
        <relationshipDetails>
          <item>
            <type>Related bill</type>
            <identifiedBy>CRS</identifiedBy>
          </item>
        </relationshipDetails>
      </item>
    </relatedBills>
    <textVersions>
      <item>
        <date>2019-10-21T04:00:00Z</date>
        <formats>
          <item>
            <url>https://www.govinfo.gov/content/pkg/BILLS-116sres368ats/xml/BILLS-116sres368ats.xml</url>
          </item>
        </formats>
        <type>Agreed to Senate</type>
      </item>
    </textVersions>
    <policyArea>
      <name>Congress</name>
    </policyArea>
    <congress>116</congress>
    <latestAction>
      <actionDate>2019-10-21</actionDate>
      <links />
      <text>Submitted in the Senate, considered, and agreed to without amendment and with a preamble by Unanimous Consent. (Sponsor introductory remarks on measure: CR S5927; consideration: CR S5927; text: CR S5926)</text>
    </latestAction>
    <cboCostEstimates />
    <summaries>
      <billSummaries>
        <item>
          <versionCode>00</versionCode>
          <actionDesc>Introduced in Senate</actionDesc>
          <name>Introduced in Senate</name>
          <lastSummaryUpdateDate>2019-10-24T21:17:29Z</lastSummaryUpdateDate>
          <text><![CDATA[<p>This resolution authorizes the chairman and ranking minority member of the Permanent Subcommittee on Investigations of the Committee on Homeland Security and Governmental Affairs to provide records of the subcommittee's investigation into China's impact on the U.S. education system to the U.S. Department of Education and other regulatory agencies, law enforcement officials, and entities or individuals duly authorized by federal or state governments.</p>]]></text>
          <updateDate>2019-10-21T04:00:00Z</updateDate>
          <actionDate>2019-10-21</actionDate>
        </item>
        <item>
          <versionCode>55</versionCode>
          <actionDesc>Passed Senate</actionDesc>
          <name>Passed Senate</name>
          <lastSummaryUpdateDate>2019-10-24T21:17:49Z</lastSummaryUpdateDate>
          <text><![CDATA[<p>This resolution authorizes the chairman and ranking minority member of the Permanent Subcommittee on Investigations of the Committee on Homeland Security and Governmental Affairs to provide records of the subcommittee's investigation into China's impact on the U.S. education system to the U.S. Department of Education and other regulatory agencies, law enforcement officials, and entities or individuals duly authorized by federal or state governments.</p>]]></text>
          <updateDate>2019-10-21T14:07:29Z</updateDate>
          <actionDate>2019-10-21</actionDate>
        </item>
      </billSummaries>
    </summaries>
  </bill>
  <dublinCore xmlns:dc="http://purl.org/dc/elements/1.1/">
    <dc:format>text/xml</dc:format>
    <dc:language>EN</dc:language>
    <dc:rights>Pursuant to Title 17 Section 105 of the United States Code, this file is not subject to copyright protection and is in the public domain.</dc:rights>
    <dc:contributor>Congressional Research Service, Library of Congress</dc:contributor>
    <dc:description>This file contains bill summaries and statuses for federal legislation. A bill summary describes the most significant provisions of a piece of legislation and details the effects the legislative text may have on current law and federal programs. Bill summaries are authored by the Congressional Research Service (CRS) of the Library of Congress. As stated in Public Law 91-510 (2 USC 166 (d)(6)), one of the duties of CRS is "to prepare summaries and digests of bills and resolutions of a public general nature introduced in the Senate or House of Representatives". For more information, refer to the User Guide that accompanies this file.</dc:description>
  </dublinCore>
</billStatus>

