<?xml version="1.0" encoding="UTF-8"?>
<billStatus>
  <bill>
    <version>1.0.0</version>
    <cboCostEstimates />
    <relatedBills>
      <item>
        <congress>116</congress>
        <latestAction>
          <actionDate>2019-11-14</actionDate>
          <text>Referred to the Subcommittee on General Farm Commodities and Risk Management.</text>
        </latestAction>
        <number>681</number>
        <type>HRES</type>
        <latestTitle>Recognizing the National Peanut Festival held annually in Dothan, Alabama, and the importance of the peanut industry in the State of Alabama and the United States.</latestTitle>
        <relationshipDetails>
          <item>
            <type>Related bill</type>
            <identifiedBy>CRS</identifiedBy>
          </item>
        </relationshipDetails>
      </item>
    </relatedBills>
    <amendments />
    <summaries>
      <billSummaries />
    </summaries>
    <policyArea>
      <name>Agriculture and Food</name>
    </policyArea>
    <sponsors>
      <item>
        <firstName>Doug</firstName>
        <middleName />
        <state>AL</state>
        <bioguideId>J000300</bioguideId>
        <identifiers>
          <lisID>2364</lisID>
          <gpoId />
          <bioguideId>J000300</bioguideId>
        </identifiers>
        <fullName>Sen. Jones, Doug  [D-AL]</fullName>
        <party>D</party>
        <lastName>Jones</lastName>
        <byRequestType />
      </item>
    </sponsors>
    <notes />
    <billNumber>398</billNumber>
    <updateDate>2019-11-15T21:47:33Z</updateDate>
    <titles>
      <item>
        <chamberName />
        <title>A resolution recognizing the National Peanut Festival held annually in Dothan, Alabama, and the importance of the peanut industry in the State of Alabama and the United States.</title>
        <parentTitleType />
        <titleType>Official Title as Introduced</titleType>
        <chamberCode />
      </item>
      <item>
        <chamberName />
        <title>A resolution recognizing the National Peanut Festival held annually in Dothan, Alabama, and the importance of the peanut industry in the State of Alabama and the United States.</title>
        <parentTitleType />
        <titleType>Display Title</titleType>
        <chamberCode />
      </item>
    </titles>
    <createDate>2019-11-01T04:57:37Z</createDate>
    <title>A resolution recognizing the National Peanut Festival held annually in Dothan, Alabama, and the importance of the peanut industry in the State of Alabama and the United States.</title>
    <textVersions>
      <item>
        <type>Introduced in Senate</type>
        <formats>
          <item>
            <url>https://www.govinfo.gov/content/pkg/BILLS-116sres398is/xml/BILLS-116sres398is.xml</url>
          </item>
        </formats>
        <date>2019-10-31T04:00:00Z</date>
      </item>
    </textVersions>
    <recordedVotes />
    <calendarNumbers />
    <committeeReports />
    <congress>116</congress>
    <latestAction>
      <actionDate>2019-10-31</actionDate>
      <links />
      <text>Referred to the Committee on Agriculture, Nutrition, and Forestry. (text: CR S6341)</text>
    </latestAction>
    <actions>
      <actionByCounts>
        <senate>2</senate>
      </actionByCounts>
      <item>
        <actionDate>2019-10-31</actionDate>
        <committee>
          <name>Agriculture, Nutrition, and Forestry Committee</name>
          <systemCode>ssaf00</systemCode>
        </committee>
        <links>
          <link>
            <url>https://www.congress.gov/congressional-record/volume-165/senate-section/page/S6341</url>
            <name>S6341</name>
          </link>
        </links>
        <sourceSystem>
          <code>0</code>
          <name>Senate</name>
        </sourceSystem>
        <text>Referred to the Committee on Agriculture, Nutrition, and Forestry. (text: CR S6341)</text>
        <type>IntroReferral</type>
      </item>
      <item>
        <actionDate>2019-10-31</actionDate>
        <committee />
        <type>IntroReferral</type>
        <actionCode>10000</actionCode>
        <links />
        <sourceSystem>
          <code>9</code>
          <name>Library of Congress</name>
        </sourceSystem>
        <text>Introduced in Senate</text>
      </item>
      <actionTypeCounts>
        <referredToCommittee>1</referredToCommittee>
        <introducedInSenate>1</introducedInSenate>
      </actionTypeCounts>
    </actions>
    <originChamber>Senate</originChamber>
    <committees>
      <billCommittees>
        <item>
          <type>Standing</type>
          <subcommittees />
          <systemCode>ssaf00</systemCode>
          <name>Agriculture, Nutrition, and Forestry Committee</name>
          <chamber>Senate</chamber>
          <activities>
            <item>
              <name>Referred to</name>
              <date>2019-10-31T20:09:08Z</date>
            </item>
          </activities>
        </item>
      </billCommittees>
    </committees>
    <introducedDate>2019-10-31</introducedDate>
    <subjects>
      <billSubjects>
        <legislativeSubjects />
        <policyArea>
          <name>Agriculture and Food</name>
        </policyArea>
      </billSubjects>
    </subjects>
    <cosponsors />
    <billType>SRES</billType>
    <laws />
  </bill>
  <dublinCore xmlns:dc="http://purl.org/dc/elements/1.1/">
    <dc:format>text/xml</dc:format>
    <dc:language>EN</dc:language>
    <dc:rights>Pursuant to Title 17 Section 105 of the United States Code, this file is not subject to copyright protection and is in the public domain.</dc:rights>
    <dc:contributor>Congressional Research Service, Library of Congress</dc:contributor>
    <dc:description>This file contains bill summaries and statuses for federal legislation. A bill summary describes the most significant provisions of a piece of legislation and details the effects the legislative text may have on current law and federal programs. Bill summaries are authored by the Congressional Research Service (CRS) of the Library of Congress. As stated in Public Law 91-510 (2 USC 166 (d)(6)), one of the duties of CRS is "to prepare summaries and digests of bills and resolutions of a public general nature introduced in the Senate or House of Representatives". For more information, refer to the User Guide that accompanies this file.</dc:description>
  </dublinCore>
</billStatus>

