<?xml version="1.0" encoding="UTF-8"?>
<billStatus>
  <bill>
    <titles>
      <item>
        <titleType>Official Title as Introduced</titleType>
        <parentTitleType />
        <chamberName />
        <title>A resolution designating the week beginning October 20, 2019, as "National Character Counts Week".</title>
        <chamberCode />
      </item>
      <item>
        <titleType>Display Title</titleType>
        <parentTitleType />
        <chamberName />
        <title>A resolution designating the week beginning October 20, 2019, as "National Character Counts Week".</title>
        <chamberCode />
      </item>
    </titles>
    <actions>
      <actionTypeCounts>
        <passedOrAgreedToInSenateDayOf>1</passedOrAgreedToInSenateDayOf>
        <passedAgreedToInSenate>1</passedAgreedToInSenate>
        <introducedInSenate>1</introducedInSenate>
      </actionTypeCounts>
      <item>
        <actionDate>2019-10-16</actionDate>
        <committee />
        <links>
          <link>
            <url>https://www.congress.gov/congressional-record/volume-165/senate-section/page/S5851</url>
            <name>S5851</name>
          </link>
          <link>
            <url>https://www.congress.gov/congressional-record/volume-165/senate-section/page/S5852</url>
            <name>S5852</name>
          </link>
        </links>
        <sourceSystem>
          <code>0</code>
          <name>Senate</name>
        </sourceSystem>
        <text>Submitted in the Senate, considered, and agreed to without amendment and with a preamble by Unanimous Consent. (consideration: CR S5852; text: CR S5851)</text>
        <type>Floor</type>
      </item>
      <item>
        <sourceSystem>
          <code>9</code>
          <name>Library of Congress</name>
        </sourceSystem>
        <links>
          <link>
            <url>https://www.congress.gov/congressional-record/volume-165/senate-section/page/S5851</url>
            <name>S5851</name>
          </link>
          <link>
            <url>https://www.congress.gov/congressional-record/volume-165/senate-section/page/S5852</url>
            <name>S5852</name>
          </link>
        </links>
        <text>Passed/agreed to in Senate: Submitted in the Senate, considered, and agreed to without amendment and with a preamble by Unanimous Consent.(consideration: CR S5852; text: CR S5851)</text>
        <actionDate>2019-10-16</actionDate>
        <actionCode>17000</actionCode>
        <type>Floor</type>
        <committee />
      </item>
      <item>
        <sourceSystem>
          <code>9</code>
          <name>Library of Congress</name>
        </sourceSystem>
        <links />
        <text>Introduced in Senate</text>
        <actionDate>2019-10-16</actionDate>
        <actionCode>10000</actionCode>
        <type>IntroReferral</type>
        <committee />
      </item>
      <actionByCounts>
        <senate>3</senate>
      </actionByCounts>
    </actions>
    <summaries>
      <billSummaries>
        <item>
          <name>Introduced in Senate</name>
          <lastSummaryUpdateDate>2019-11-06T19:38:32Z</lastSummaryUpdateDate>
          <actionDate>2019-10-16</actionDate>
          <actionDesc>Introduced in Senate</actionDesc>
          <versionCode>00</versionCode>
          <text><![CDATA[<p>This resolution designates the week beginning October 20, 2019, as National Character Counts Week.</p>]]></text>
          <updateDate>2019-10-16T04:00:00Z</updateDate>
        </item>
      </billSummaries>
    </summaries>
    <recordedVotes />
    <textVersions>
      <item>
        <date>2019-10-16T04:00:00Z</date>
        <formats>
          <item>
            <url>https://www.govinfo.gov/content/pkg/BILLS-116sres358ats/xml/BILLS-116sres358ats.xml</url>
          </item>
        </formats>
        <type>Agreed to Senate</type>
      </item>
    </textVersions>
    <cboCostEstimates />
    <congress>116</congress>
    <notes />
    <committeeReports />
    <billType>SRES</billType>
    <laws />
    <subjects>
      <billSubjects>
        <policyArea>
          <name>Government Operations and Politics</name>
        </policyArea>
        <legislativeSubjects />
      </billSubjects>
    </subjects>
    <committees>
      <billCommittees />
    </committees>
    <amendments />
    <originChamber>Senate</originChamber>
    <createDate>2019-10-17T04:57:33Z</createDate>
    <sponsors>
      <item>
        <fullName>Sen. Grassley, Chuck [R-IA]</fullName>
        <lastName>GRASSLEY</lastName>
        <bioguideId>G000386</bioguideId>
        <state>IA</state>
        <firstName>CHARLES</firstName>
        <byRequestType />
        <identifiers>
          <lisID>457</lisID>
          <bioguideId>G000386</bioguideId>
          <gpoId>8316</gpoId>
        </identifiers>
        <middleName>ERNEST</middleName>
        <party>R</party>
      </item>
    </sponsors>
    <introducedDate>2019-10-16</introducedDate>
    <title>A resolution designating the week beginning October 20, 2019, as "National Character Counts Week".</title>
    <policyArea>
      <name>Government Operations and Politics</name>
    </policyArea>
    <relatedBills />
    <calendarNumbers />
    <updateDate>2019-11-09T05:27:47Z</updateDate>
    <version>1.0.0</version>
    <billNumber>358</billNumber>
    <latestAction>
      <links />
      <actionDate>2019-10-16</actionDate>
      <text>Submitted in the Senate, considered, and agreed to without amendment and with a preamble by Unanimous Consent. (consideration: CR S5852; text: CR S5851)</text>
    </latestAction>
    <cosponsors>
      <item>
        <bioguideId>S000770</bioguideId>
        <firstName>DEBORAH</firstName>
        <middleName>ANN</middleName>
        <party>D</party>
        <lastName>STABENOW</lastName>
        <sponsorshipWithdrawnDate />
        <identifiers>
          <lisID>1531</lisID>
          <bioguideId>S000770</bioguideId>
          <gpoId>8261</gpoId>
        </identifiers>
        <sponsorshipDate>2019-10-16</sponsorshipDate>
        <isOriginalCosponsor>True</isOriginalCosponsor>
        <state>MI</state>
        <fullName>Sen. Stabenow, Debbie [D-MI]</fullName>
      </item>
      <item>
        <bioguideId>E000285</bioguideId>
        <firstName>MICHAEL</firstName>
        <middleName>B.</middleName>
        <party>R</party>
        <lastName>ENZI</lastName>
        <sponsorshipWithdrawnDate />
        <identifiers>
          <lisID>1542</lisID>
          <gpoId>8328</gpoId>
          <bioguideId>E000285</bioguideId>
        </identifiers>
        <sponsorshipDate>2019-10-16</sponsorshipDate>
        <isOriginalCosponsor>True</isOriginalCosponsor>
        <state>WY</state>
        <fullName>Sen. Enzi, Michael B. [R-WY]</fullName>
      </item>
      <item>
        <bioguideId>A000360</bioguideId>
        <firstName>Lamar</firstName>
        <middleName />
        <party>R</party>
        <lastName>Alexander</lastName>
        <sponsorshipWithdrawnDate />
        <identifiers>
          <lisID>1695</lisID>
          <bioguideId>A000360</bioguideId>
          <gpoId>8304</gpoId>
        </identifiers>
        <sponsorshipDate>2019-10-16</sponsorshipDate>
        <isOriginalCosponsor>True</isOriginalCosponsor>
        <state>TN</state>
        <fullName>Sen. Alexander, Lamar [R-TN]</fullName>
      </item>
      <item>
        <bioguideId>L000575</bioguideId>
        <firstName>James</firstName>
        <middleName />
        <party>R</party>
        <lastName>Lankford</lastName>
        <sponsorshipWithdrawnDate />
        <identifiers>
          <lisID>2050</lisID>
          <bioguideId>L000575</bioguideId>
          <gpoId>8113</gpoId>
        </identifiers>
        <sponsorshipDate>2019-10-16</sponsorshipDate>
        <isOriginalCosponsor>True</isOriginalCosponsor>
        <state>OK</state>
        <fullName>Sen. Lankford, James [R-OK]</fullName>
      </item>
      <item>
        <bioguideId>W000817</bioguideId>
        <firstName>Elizabeth</firstName>
        <middleName>A.</middleName>
        <party>D</party>
        <lastName>Warren</lastName>
        <sponsorshipWithdrawnDate />
        <identifiers>
          <lisID>2182</lisID>
          <bioguideId>W000817</bioguideId>
          <gpoId />
        </identifiers>
        <sponsorshipDate>2019-10-16</sponsorshipDate>
        <isOriginalCosponsor>True</isOriginalCosponsor>
        <state>MA</state>
        <fullName>Sen. Warren, Elizabeth [D-MA]</fullName>
      </item>
    </cosponsors>
  </bill>
  <dublinCore xmlns:dc="http://purl.org/dc/elements/1.1/">
    <dc:format>text/xml</dc:format>
    <dc:language>EN</dc:language>
    <dc:rights>Pursuant to Title 17 Section 105 of the United States Code, this file is not subject to copyright protection and is in the public domain.</dc:rights>
    <dc:contributor>Congressional Research Service, Library of Congress</dc:contributor>
    <dc:description>This file contains bill summaries and statuses for federal legislation. A bill summary describes the most significant provisions of a piece of legislation and details the effects the legislative text may have on current law and federal programs. Bill summaries are authored by the Congressional Research Service (CRS) of the Library of Congress. As stated in Public Law 91-510 (2 USC 166 (d)(6)), one of the duties of CRS is "to prepare summaries and digests of bills and resolutions of a public general nature introduced in the Senate or House of Representatives". For more information, refer to the User Guide that accompanies this file.</dc:description>
  </dublinCore>
</billStatus>

