<?xml version="1.0" encoding="UTF-8"?>
<billStatus>
  <bill>
    <relatedBills>
      <item>
        <type>HRES</type>
        <latestTitle>Expressing support for the recognition and celebration of the vital role of small businesses, along with the efforts of the Small Business Administration to help Americans start, build, and grow businesses.</latestTitle>
        <latestAction>
          <actionDate>2019-11-21</actionDate>
          <text>Referred to the House Committee on Small Business.</text>
        </latestAction>
        <congress>116</congress>
        <number>730</number>
        <relationshipDetails>
          <item>
            <type>Related bill</type>
            <identifiedBy>CRS</identifiedBy>
          </item>
        </relationshipDetails>
      </item>
    </relatedBills>
    <policyArea />
    <introducedDate>2019-11-21</introducedDate>
    <titles>
      <item>
        <title>A resolution recognizing and celebrating on November 30, 2019, the vital role of small businesses and the efforts of the Small Business Administration to help people in the United States start, build, and grow businesses.</title>
        <parentTitleType />
        <chamberName />
        <titleType>Official Title as Introduced</titleType>
        <chamberCode />
      </item>
      <item>
        <title>A resolution recognizing and celebrating on November 30, 2019, the vital role of small businesses and the efforts of the Small Business Administration to help people in the United States start, build, and grow businesses.</title>
        <parentTitleType />
        <chamberName />
        <titleType>Display Title</titleType>
        <chamberCode />
      </item>
    </titles>
    <laws />
    <subjects>
      <billSubjects>
        <legislativeSubjects />
      </billSubjects>
    </subjects>
    <recordedVotes />
    <notes />
    <actions>
      <actionTypeCounts>
        <referredToCommittee>1</referredToCommittee>
        <introducedInSenate>1</introducedInSenate>
      </actionTypeCounts>
      <item>
        <actionDate>2019-11-21</actionDate>
        <committee>
          <name>Small Business and Entrepreneurship Committee</name>
          <systemCode>sssb00</systemCode>
        </committee>
        <links>
          <link>
            <name>S6762</name>
            <url>https://www.congress.gov/congressional-record/volume-165/senate-section/page/S6762</url>
          </link>
        </links>
        <sourceSystem>
          <name>Senate</name>
          <code>0</code>
        </sourceSystem>
        <text>Referred to the Committee on Small Business and Entrepreneurship. (text: CR S6762)</text>
        <type>IntroReferral</type>
      </item>
      <item>
        <type>IntroReferral</type>
        <committee />
        <sourceSystem>
          <name>Library of Congress</name>
          <code>9</code>
        </sourceSystem>
        <actionCode>10000</actionCode>
        <actionDate>2019-11-21</actionDate>
        <links />
        <text>Introduced in Senate</text>
      </item>
      <actionByCounts>
        <senate>2</senate>
      </actionByCounts>
    </actions>
    <committeeReports />
    <sponsors>
      <item>
        <middleName />
        <bioguideId>R000595</bioguideId>
        <fullName>Sen. Rubio, Marco [R-FL]</fullName>
        <identifiers>
          <bioguideId>R000595</bioguideId>
          <gpoId>8242</gpoId>
          <lisID>2084</lisID>
        </identifiers>
        <firstName>Marco</firstName>
        <byRequestType />
        <state>FL</state>
        <party>R</party>
        <lastName>Rubio</lastName>
      </item>
    </sponsors>
    <title>A resolution recognizing and celebrating on November 30, 2019, the vital role of small businesses and the efforts of the Small Business Administration to help people in the United States start, build, and grow businesses.</title>
    <updateDate>2019-11-25T15:15:46Z</updateDate>
    <createDate>2019-11-22T05:42:33Z</createDate>
    <committees>
      <billCommittees>
        <item>
          <subcommittees />
          <type>Standing</type>
          <activities>
            <item>
              <date>2019-11-21T21:33:34Z</date>
              <name>Referred to</name>
            </item>
          </activities>
          <chamber>Senate</chamber>
          <name>Small Business and Entrepreneurship Committee</name>
          <systemCode>sssb00</systemCode>
        </item>
      </billCommittees>
    </committees>
    <originChamber>Senate</originChamber>
    <latestAction>
      <actionDate>2019-11-21</actionDate>
      <text>Referred to the Committee on Small Business and Entrepreneurship. (text: CR S6762)</text>
      <links />
    </latestAction>
    <cosponsors>
      <item>
        <firstName>BENJAMIN</firstName>
        <party>D</party>
        <fullName>Sen. Cardin, Benjamin L. [D-MD]</fullName>
        <identifiers>
          <gpoId>8287</gpoId>
          <lisID>174</lisID>
          <bioguideId>C000141</bioguideId>
        </identifiers>
        <bioguideId>C000141</bioguideId>
        <state>MD</state>
        <middleName>L.</middleName>
        <lastName>CARDIN</lastName>
        <sponsorshipDate>2019-11-21</sponsorshipDate>
        <sponsorshipWithdrawnDate />
        <isOriginalCosponsor>True</isOriginalCosponsor>
      </item>
      <item>
        <firstName>ROB</firstName>
        <party>R</party>
        <fullName>Sen. Portman, Rob [R-OH]</fullName>
        <identifiers>
          <lisID>924</lisID>
          <gpoId>8266</gpoId>
          <bioguideId>P000449</bioguideId>
        </identifiers>
        <bioguideId>P000449</bioguideId>
        <state>OH</state>
        <middleName />
        <lastName>PORTMAN</lastName>
        <sponsorshipDate>2019-11-21</sponsorshipDate>
        <sponsorshipWithdrawnDate />
        <isOriginalCosponsor>True</isOriginalCosponsor>
      </item>
      <item>
        <firstName>MARIA</firstName>
        <party>D</party>
        <fullName>Sen. Cantwell, Maria [D-WA]</fullName>
        <identifiers>
          <bioguideId>C000127</bioguideId>
          <gpoId>8288</gpoId>
          <lisID>172</lisID>
        </identifiers>
        <bioguideId>C000127</bioguideId>
        <state>WA</state>
        <middleName />
        <lastName>CANTWELL</lastName>
        <sponsorshipDate>2019-11-21</sponsorshipDate>
        <sponsorshipWithdrawnDate />
        <isOriginalCosponsor>True</isOriginalCosponsor>
      </item>
      <item>
        <firstName>James</firstName>
        <party>R</party>
        <fullName>Sen. Risch, James E. [R-ID]</fullName>
        <identifiers>
          <gpoId>8274</gpoId>
          <lisID>1896</lisID>
          <bioguideId>R000584</bioguideId>
        </identifiers>
        <bioguideId>R000584</bioguideId>
        <state>ID</state>
        <middleName>E.</middleName>
        <lastName>Risch</lastName>
        <sponsorshipDate>2019-11-21</sponsorshipDate>
        <sponsorshipWithdrawnDate />
        <isOriginalCosponsor>True</isOriginalCosponsor>
      </item>
      <item>
        <firstName>Jeanne</firstName>
        <party>D</party>
        <fullName>Sen. Shaheen, Jeanne [D-NH]</fullName>
        <identifiers>
          <lisID>1901</lisID>
          <gpoId>8276</gpoId>
          <bioguideId>S001181</bioguideId>
        </identifiers>
        <bioguideId>S001181</bioguideId>
        <state>NH</state>
        <middleName />
        <lastName>Shaheen</lastName>
        <sponsorshipDate>2019-11-21</sponsorshipDate>
        <sponsorshipWithdrawnDate />
        <isOriginalCosponsor>True</isOriginalCosponsor>
      </item>
      <item>
        <firstName>Thomas</firstName>
        <party>R</party>
        <fullName>Sen. Tillis, Thom [R-NC]</fullName>
        <identifiers>
          <gpoId />
          <lisID>2291</lisID>
          <bioguideId>T000476</bioguideId>
        </identifiers>
        <bioguideId>T000476</bioguideId>
        <state>NC</state>
        <middleName>Roland</middleName>
        <lastName>Tillis</lastName>
        <sponsorshipDate>2019-11-21</sponsorshipDate>
        <sponsorshipWithdrawnDate />
        <isOriginalCosponsor>True</isOriginalCosponsor>
      </item>
      <item>
        <firstName>Cory</firstName>
        <party>D</party>
        <fullName>Sen. Booker, Cory A. [D-NJ]</fullName>
        <identifiers>
          <gpoId />
          <lisID>2194</lisID>
          <bioguideId>B001288</bioguideId>
        </identifiers>
        <bioguideId>B001288</bioguideId>
        <state>NJ</state>
        <middleName>A.</middleName>
        <lastName>Booker</lastName>
        <sponsorshipDate>2019-11-21</sponsorshipDate>
        <sponsorshipWithdrawnDate />
        <isOriginalCosponsor>True</isOriginalCosponsor>
      </item>
      <item>
        <firstName>Mike</firstName>
        <party>R</party>
        <fullName>Sen. Braun, Mike  [R-IN]</fullName>
        <identifiers>
          <lisID>2462</lisID>
          <gpoId />
          <bioguideId>B001310</bioguideId>
        </identifiers>
        <bioguideId>B001310</bioguideId>
        <state>IN</state>
        <middleName />
        <lastName>Braun</lastName>
        <sponsorshipDate>2019-11-21</sponsorshipDate>
        <sponsorshipWithdrawnDate />
        <isOriginalCosponsor>True</isOriginalCosponsor>
      </item>
      <item>
        <firstName>Mazie</firstName>
        <party>D</party>
        <fullName>Sen. Hirono, Mazie K. [D-HI]</fullName>
        <identifiers>
          <bioguideId>H001042</bioguideId>
          <gpoId>7913</gpoId>
          <lisID>1844</lisID>
        </identifiers>
        <bioguideId>H001042</bioguideId>
        <state>HI</state>
        <middleName>K.</middleName>
        <lastName>Hirono</lastName>
        <sponsorshipDate>2019-11-21</sponsorshipDate>
        <sponsorshipWithdrawnDate />
        <isOriginalCosponsor>True</isOriginalCosponsor>
      </item>
      <item>
        <firstName>Lamar</firstName>
        <party>R</party>
        <fullName>Sen. Alexander, Lamar [R-TN]</fullName>
        <identifiers>
          <bioguideId>A000360</bioguideId>
          <gpoId>8304</gpoId>
          <lisID>1695</lisID>
        </identifiers>
        <bioguideId>A000360</bioguideId>
        <state>TN</state>
        <middleName />
        <lastName>Alexander</lastName>
        <sponsorshipDate>2019-11-21</sponsorshipDate>
        <sponsorshipWithdrawnDate />
        <isOriginalCosponsor>True</isOriginalCosponsor>
      </item>
      <item>
        <firstName>Tammy</firstName>
        <party>D</party>
        <fullName>Sen. Duckworth, Tammy [D-IL]</fullName>
        <identifiers>
          <bioguideId>D000622</bioguideId>
          <gpoId />
          <lisID>2123</lisID>
        </identifiers>
        <bioguideId>D000622</bioguideId>
        <state>IL</state>
        <middleName />
        <lastName>Duckworth</lastName>
        <sponsorshipDate>2019-11-21</sponsorshipDate>
        <sponsorshipWithdrawnDate />
        <isOriginalCosponsor>True</isOriginalCosponsor>
      </item>
      <item>
        <firstName>Johnny</firstName>
        <party>R</party>
        <fullName>Sen. Isakson, Johnny [R-GA]</fullName>
        <identifiers>
          <gpoId>8323</gpoId>
          <lisID>1608</lisID>
          <bioguideId>I000055</bioguideId>
        </identifiers>
        <bioguideId>I000055</bioguideId>
        <state>GA</state>
        <middleName />
        <lastName>Isakson</lastName>
        <sponsorshipDate>2019-11-21</sponsorshipDate>
        <sponsorshipWithdrawnDate />
        <isOriginalCosponsor>True</isOriginalCosponsor>
      </item>
      <item>
        <firstName>Jacklyn</firstName>
        <party>D</party>
        <fullName>Sen. Rosen, Jacky [D-NV]</fullName>
        <identifiers>
          <lisID>2339</lisID>
          <gpoId />
          <bioguideId>R000608</bioguideId>
        </identifiers>
        <bioguideId>R000608</bioguideId>
        <state>NV</state>
        <middleName />
        <lastName>Rosen</lastName>
        <sponsorshipDate>2019-11-21</sponsorshipDate>
        <sponsorshipWithdrawnDate />
        <isOriginalCosponsor>True</isOriginalCosponsor>
      </item>
      <item>
        <firstName>MICHAEL</firstName>
        <party>R</party>
        <fullName>Sen. Enzi, Michael B. [R-WY]</fullName>
        <identifiers>
          <lisID>1542</lisID>
          <gpoId>8328</gpoId>
          <bioguideId>E000285</bioguideId>
        </identifiers>
        <bioguideId>E000285</bioguideId>
        <state>WY</state>
        <middleName>B.</middleName>
        <lastName>ENZI</lastName>
        <sponsorshipDate>2019-11-21</sponsorshipDate>
        <sponsorshipWithdrawnDate />
        <isOriginalCosponsor>True</isOriginalCosponsor>
      </item>
      <item>
        <firstName>DIANNE</firstName>
        <party>D</party>
        <fullName>Sen. Feinstein, Dianne [D-CA]</fullName>
        <identifiers>
          <gpoId>8338</gpoId>
          <lisID>1332</lisID>
          <bioguideId>F000062</bioguideId>
        </identifiers>
        <bioguideId>F000062</bioguideId>
        <state>CA</state>
        <middleName />
        <lastName>FEINSTEIN</lastName>
        <sponsorshipDate>2019-11-21</sponsorshipDate>
        <sponsorshipWithdrawnDate />
        <isOriginalCosponsor>True</isOriginalCosponsor>
      </item>
      <item>
        <firstName>PAT</firstName>
        <party>R</party>
        <fullName>Sen. Roberts, Pat [R-KS]</fullName>
        <identifiers>
          <lisID>968</lisID>
          <gpoId>8275</gpoId>
          <bioguideId>R000307</bioguideId>
        </identifiers>
        <bioguideId>R000307</bioguideId>
        <state>KS</state>
        <middleName />
        <lastName>ROBERTS</lastName>
        <sponsorshipDate>2019-11-21</sponsorshipDate>
        <sponsorshipWithdrawnDate />
        <isOriginalCosponsor>True</isOriginalCosponsor>
      </item>
      <item>
        <firstName>RON</firstName>
        <party>D</party>
        <fullName>Sen. Wyden, Ron [D-OR]</fullName>
        <identifiers>
          <gpoId>8265</gpoId>
          <lisID>1247</lisID>
          <bioguideId>W000779</bioguideId>
        </identifiers>
        <bioguideId>W000779</bioguideId>
        <state>OR</state>
        <middleName />
        <lastName>WYDEN</lastName>
        <sponsorshipDate>2019-11-21</sponsorshipDate>
        <sponsorshipWithdrawnDate />
        <isOriginalCosponsor>True</isOriginalCosponsor>
      </item>
      <item>
        <firstName>John</firstName>
        <party>R</party>
        <fullName>Sen. Hoeven, John [R-ND]</fullName>
        <identifiers>
          <gpoId>8331</gpoId>
          <lisID>2079</lisID>
          <bioguideId>H001061</bioguideId>
        </identifiers>
        <bioguideId>H001061</bioguideId>
        <state>ND</state>
        <middleName />
        <lastName>Hoeven</lastName>
        <sponsorshipDate>2019-11-21</sponsorshipDate>
        <sponsorshipWithdrawnDate />
        <isOriginalCosponsor>True</isOriginalCosponsor>
      </item>
      <item>
        <firstName>THOMAS</firstName>
        <party>D</party>
        <fullName>Sen. Carper, Thomas R. [D-DE]</fullName>
        <identifiers>
          <gpoId>8283</gpoId>
          <lisID>179</lisID>
          <bioguideId>C000174</bioguideId>
        </identifiers>
        <bioguideId>C000174</bioguideId>
        <state>DE</state>
        <middleName>R.</middleName>
        <lastName>CARPER</lastName>
        <sponsorshipDate>2019-11-21</sponsorshipDate>
        <sponsorshipWithdrawnDate />
        <isOriginalCosponsor>True</isOriginalCosponsor>
      </item>
      <item>
        <firstName>John</firstName>
        <party>R</party>
        <fullName>Sen. Barrasso, John [R-WY]</fullName>
        <identifiers>
          <gpoId>8300</gpoId>
          <lisID>1881</lisID>
          <bioguideId>B001261</bioguideId>
        </identifiers>
        <bioguideId>B001261</bioguideId>
        <state>WY</state>
        <middleName />
        <lastName>Barrasso</lastName>
        <sponsorshipDate>2019-11-21</sponsorshipDate>
        <sponsorshipWithdrawnDate />
        <isOriginalCosponsor>True</isOriginalCosponsor>
      </item>
      <item>
        <firstName>Robert</firstName>
        <party>D</party>
        <fullName>Sen. Menendez, Robert [D-NJ]</fullName>
        <identifiers>
          <gpoId>8239</gpoId>
          <lisID>791</lisID>
          <bioguideId>M000639</bioguideId>
        </identifiers>
        <bioguideId>M000639</bioguideId>
        <state>NJ</state>
        <middleName />
        <lastName>Menendez</lastName>
        <sponsorshipDate>2019-11-21</sponsorshipDate>
        <sponsorshipWithdrawnDate />
        <isOriginalCosponsor>True</isOriginalCosponsor>
      </item>
      <item>
        <firstName>Todd</firstName>
        <party>R</party>
        <fullName>Sen. Young, Todd [R-IN]</fullName>
        <identifiers>
          <lisID>2019</lisID>
          <gpoId>7948</gpoId>
          <bioguideId>Y000064</bioguideId>
        </identifiers>
        <bioguideId>Y000064</bioguideId>
        <state>IN</state>
        <middleName />
        <lastName>Young</lastName>
        <sponsorshipDate>2019-11-21</sponsorshipDate>
        <sponsorshipWithdrawnDate />
        <isOriginalCosponsor>True</isOriginalCosponsor>
      </item>
      <item>
        <firstName>Amy</firstName>
        <party>D</party>
        <fullName>Sen. Klobuchar, Amy [D-MN]</fullName>
        <identifiers>
          <bioguideId>K000367</bioguideId>
          <gpoId>8249</gpoId>
          <lisID>1826</lisID>
        </identifiers>
        <bioguideId>K000367</bioguideId>
        <state>MN</state>
        <middleName />
        <lastName>Klobuchar</lastName>
        <sponsorshipDate>2019-11-21</sponsorshipDate>
        <sponsorshipWithdrawnDate />
        <isOriginalCosponsor>True</isOriginalCosponsor>
      </item>
      <item>
        <firstName>JOHN</firstName>
        <party>R</party>
        <fullName>Sen. Thune, John [R-SD]</fullName>
        <identifiers>
          <lisID>1534</lisID>
          <gpoId>8257</gpoId>
          <bioguideId>T000250</bioguideId>
        </identifiers>
        <bioguideId>T000250</bioguideId>
        <state>SD</state>
        <middleName>R.</middleName>
        <lastName>THUNE</lastName>
        <sponsorshipDate>2019-11-21</sponsorshipDate>
        <sponsorshipWithdrawnDate />
        <isOriginalCosponsor>True</isOriginalCosponsor>
      </item>
      <item>
        <firstName>Jon</firstName>
        <party>D</party>
        <fullName>Sen. Tester, Jon [D-MT]</fullName>
        <identifiers>
          <gpoId>8258</gpoId>
          <lisID>1829</lisID>
          <bioguideId>T000464</bioguideId>
        </identifiers>
        <bioguideId>T000464</bioguideId>
        <state>MT</state>
        <middleName />
        <lastName>Tester</lastName>
        <sponsorshipDate>2019-11-21</sponsorshipDate>
        <sponsorshipWithdrawnDate />
        <isOriginalCosponsor>True</isOriginalCosponsor>
      </item>
      <item>
        <firstName>Tim</firstName>
        <party>R</party>
        <fullName>Sen. Scott, Tim [R-SC]</fullName>
        <identifiers>
          <bioguideId>S001184</bioguideId>
          <gpoId>8141</gpoId>
          <lisID>2056</lisID>
        </identifiers>
        <bioguideId>S001184</bioguideId>
        <state>SC</state>
        <middleName />
        <lastName>Scott</lastName>
        <sponsorshipDate>2019-11-21</sponsorshipDate>
        <sponsorshipWithdrawnDate />
        <isOriginalCosponsor>True</isOriginalCosponsor>
      </item>
      <item>
        <firstName>Sheldon</firstName>
        <party>D</party>
        <fullName>Sen. Whitehouse, Sheldon [D-RI]</fullName>
        <identifiers>
          <lisID>1823</lisID>
          <gpoId>8264</gpoId>
          <bioguideId>W000802</bioguideId>
        </identifiers>
        <bioguideId>W000802</bioguideId>
        <state>RI</state>
        <middleName />
        <lastName>Whitehouse</lastName>
        <sponsorshipDate>2019-11-21</sponsorshipDate>
        <sponsorshipWithdrawnDate />
        <isOriginalCosponsor>True</isOriginalCosponsor>
      </item>
      <item>
        <firstName>Marsha</firstName>
        <party>R</party>
        <fullName>Sen. Blackburn, Marsha [R-TN]</fullName>
        <identifiers>
          <bioguideId>B001243</bioguideId>
          <gpoId>8154</gpoId>
          <lisID>1748</lisID>
        </identifiers>
        <bioguideId>B001243</bioguideId>
        <state>TN</state>
        <middleName />
        <lastName>Blackburn</lastName>
        <sponsorshipDate>2019-11-21</sponsorshipDate>
        <sponsorshipWithdrawnDate />
        <isOriginalCosponsor>True</isOriginalCosponsor>
      </item>
      <item>
        <firstName>TOM</firstName>
        <party>D</party>
        <fullName>Sen. Udall, Tom [D-NM]</fullName>
        <identifiers>
          <lisID>1567</lisID>
          <gpoId>8260</gpoId>
          <bioguideId>U000039</bioguideId>
        </identifiers>
        <bioguideId>U000039</bioguideId>
        <state>NM</state>
        <middleName />
        <lastName>UDALL</lastName>
        <sponsorshipDate>2019-11-21</sponsorshipDate>
        <sponsorshipWithdrawnDate />
        <isOriginalCosponsor>True</isOriginalCosponsor>
      </item>
      <item>
        <firstName>Mike</firstName>
        <party>R</party>
        <fullName>Sen. Rounds, Mike  [R-SD]</fullName>
        <identifiers>
          <bioguideId>R000605</bioguideId>
          <gpoId />
          <lisID>2288</lisID>
        </identifiers>
        <bioguideId>R000605</bioguideId>
        <state>SD</state>
        <middleName />
        <lastName>Rounds</lastName>
        <sponsorshipDate>2019-11-21</sponsorshipDate>
        <sponsorshipWithdrawnDate />
        <isOriginalCosponsor>True</isOriginalCosponsor>
      </item>
      <item>
        <firstName>Angus</firstName>
        <party>I</party>
        <fullName>Sen. King, Angus S., Jr. [I-ME]</fullName>
        <identifiers>
          <gpoId />
          <lisID>2185</lisID>
          <bioguideId>K000383</bioguideId>
        </identifiers>
        <bioguideId>K000383</bioguideId>
        <state>ME</state>
        <middleName />
        <lastName>King</lastName>
        <sponsorshipDate>2019-11-21</sponsorshipDate>
        <sponsorshipWithdrawnDate />
        <isOriginalCosponsor>True</isOriginalCosponsor>
      </item>
      <item>
        <firstName>John</firstName>
        <party>R</party>
        <fullName>Sen. Boozman, John [R-AR]</fullName>
        <identifiers>
          <lisID>1687</lisID>
          <gpoId>8247</gpoId>
          <bioguideId>B001236</bioguideId>
        </identifiers>
        <bioguideId>B001236</bioguideId>
        <state>AR</state>
        <middleName />
        <lastName>Boozman</lastName>
        <sponsorshipDate>2019-11-21</sponsorshipDate>
        <sponsorshipWithdrawnDate />
        <isOriginalCosponsor>True</isOriginalCosponsor>
      </item>
      <item>
        <firstName>Gary</firstName>
        <party>D</party>
        <fullName>Sen. Peters, Gary C. [D-MI]</fullName>
        <identifiers>
          <gpoId>7994</gpoId>
          <lisID>1929</lisID>
          <bioguideId>P000595</bioguideId>
        </identifiers>
        <bioguideId>P000595</bioguideId>
        <state>MI</state>
        <middleName>C.</middleName>
        <lastName>Peters</lastName>
        <sponsorshipDate>2019-11-21</sponsorshipDate>
        <sponsorshipWithdrawnDate />
        <isOriginalCosponsor>True</isOriginalCosponsor>
      </item>
      <item>
        <firstName>Joni</firstName>
        <party>R</party>
        <fullName>Sen. Ernst, Joni  [R-IA]</fullName>
        <identifiers>
          <lisID>2283</lisID>
          <gpoId />
          <bioguideId>E000295</bioguideId>
        </identifiers>
        <bioguideId>E000295</bioguideId>
        <state>IA</state>
        <middleName />
        <lastName>Ernst</lastName>
        <sponsorshipDate>2019-11-21</sponsorshipDate>
        <sponsorshipWithdrawnDate />
        <isOriginalCosponsor>True</isOriginalCosponsor>
      </item>
      <item>
        <firstName>Kamala</firstName>
        <party>D</party>
        <fullName>Sen. Harris, Kamala D. [D-CA]</fullName>
        <identifiers>
          <gpoId />
          <lisID>2301</lisID>
          <bioguideId>H001075</bioguideId>
        </identifiers>
        <bioguideId>H001075</bioguideId>
        <state>CA</state>
        <middleName>D.</middleName>
        <lastName>Harris</lastName>
        <sponsorshipDate>2019-11-21</sponsorshipDate>
        <sponsorshipWithdrawnDate />
        <isOriginalCosponsor>True</isOriginalCosponsor>
      </item>
      <item>
        <firstName>John</firstName>
        <party>R</party>
        <fullName>Sen. Kennedy, John [R-LA]</fullName>
        <identifiers>
          <gpoId />
          <lisID>2303</lisID>
          <bioguideId>K000393</bioguideId>
        </identifiers>
        <bioguideId>K000393</bioguideId>
        <state>LA</state>
        <middleName>Neely</middleName>
        <lastName>Kennedy</lastName>
        <sponsorshipDate>2019-11-21</sponsorshipDate>
        <sponsorshipWithdrawnDate />
        <isOriginalCosponsor>True</isOriginalCosponsor>
      </item>
      <item>
        <firstName>Margaret</firstName>
        <party>D</party>
        <fullName>Sen. Hassan, Margaret Wood [D-NH]</fullName>
        <identifiers>
          <lisID>2302</lisID>
          <gpoId />
          <bioguideId>H001076</bioguideId>
        </identifiers>
        <bioguideId>H001076</bioguideId>
        <state>NH</state>
        <middleName>Wood</middleName>
        <lastName>Hassan</lastName>
        <sponsorshipDate>2019-11-21</sponsorshipDate>
        <sponsorshipWithdrawnDate />
        <isOriginalCosponsor>True</isOriginalCosponsor>
      </item>
      <item>
        <firstName>David</firstName>
        <party>R</party>
        <fullName>Sen. Perdue, David [R-GA]</fullName>
        <identifiers>
          <lisID>2286</lisID>
          <gpoId />
          <bioguideId>P000612</bioguideId>
        </identifiers>
        <bioguideId>P000612</bioguideId>
        <state>GA</state>
        <middleName>Alfred</middleName>
        <lastName>Perdue</lastName>
        <sponsorshipDate>2019-11-21</sponsorshipDate>
        <sponsorshipWithdrawnDate />
        <isOriginalCosponsor>True</isOriginalCosponsor>
      </item>
      <item>
        <firstName>Steve</firstName>
        <party>R</party>
        <fullName>Sen. Daines, Steve [R-MT]</fullName>
        <identifiers>
          <lisID>2138</lisID>
          <gpoId />
          <bioguideId>D000618</bioguideId>
        </identifiers>
        <bioguideId>D000618</bioguideId>
        <state>MT</state>
        <middleName />
        <lastName>Daines</lastName>
        <sponsorshipDate>2019-11-21</sponsorshipDate>
        <sponsorshipWithdrawnDate />
        <isOriginalCosponsor>True</isOriginalCosponsor>
      </item>
      <item>
        <firstName>Richard</firstName>
        <party>D</party>
        <fullName>Sen. Blumenthal, Richard [D-CT]</fullName>
        <identifiers>
          <lisID>2076</lisID>
          <gpoId>8332</gpoId>
          <bioguideId>B001277</bioguideId>
        </identifiers>
        <bioguideId>B001277</bioguideId>
        <state>CT</state>
        <middleName />
        <lastName>Blumenthal</lastName>
        <sponsorshipDate>2019-11-21</sponsorshipDate>
        <sponsorshipWithdrawnDate />
        <isOriginalCosponsor>True</isOriginalCosponsor>
      </item>
    </cosponsors>
    <congress>116</congress>
    <cboCostEstimates />
    <calendarNumbers />
    <billType>SRES</billType>
    <textVersions>
      <item>
        <type>Introduced in Senate</type>
        <date>2019-11-21T05:00:00Z</date>
        <formats>
          <item>
            <url>https://www.govinfo.gov/content/pkg/BILLS-116sres443is/xml/BILLS-116sres443is.xml</url>
          </item>
        </formats>
      </item>
    </textVersions>
    <summaries>
      <billSummaries />
    </summaries>
    <billNumber>443</billNumber>
    <amendments />
    <version>1.0.0</version>
  </bill>
  <dublinCore xmlns:dc="http://purl.org/dc/elements/1.1/">
    <dc:format>text/xml</dc:format>
    <dc:language>EN</dc:language>
    <dc:rights>Pursuant to Title 17 Section 105 of the United States Code, this file is not subject to copyright protection and is in the public domain.</dc:rights>
    <dc:contributor>Congressional Research Service, Library of Congress</dc:contributor>
    <dc:description>This file contains bill summaries and statuses for federal legislation. A bill summary describes the most significant provisions of a piece of legislation and details the effects the legislative text may have on current law and federal programs. Bill summaries are authored by the Congressional Research Service (CRS) of the Library of Congress. As stated in Public Law 91-510 (2 USC 166 (d)(6)), one of the duties of CRS is "to prepare summaries and digests of bills and resolutions of a public general nature introduced in the Senate or House of Representatives". For more information, refer to the User Guide that accompanies this file.</dc:description>
  </dublinCore>
</billStatus>

