<?xml version="1.0" encoding="UTF-8"?>
<billStatus>
  <bill>
    <subjects>
      <billSubjects>
        <legislativeSubjects />
        <policyArea>
          <name>Health</name>
        </policyArea>
      </billSubjects>
    </subjects>
    <title>A resolution expressing support for the designation of September 2019 as "Sickle Cell Disease Awareness Month" in order to educate communities across the United States about sickle cell disease and the need for research, early detection methods, effective treatments, and preventative care programs with respect to complications from sickle cell disease and conditions related to sickle cell disease.</title>
    <laws />
    <introducedDate>2019-10-22</introducedDate>
    <latestAction>
      <links />
      <text>Submitted in the Senate, considered, and agreed to without amendment and with a preamble by Unanimous Consent. (consideration: CR S6047; text: CR S5977)</text>
      <actionDate>2019-10-22</actionDate>
    </latestAction>
    <titles>
      <item>
        <titleType>Official Title as Introduced</titleType>
        <chamberName />
        <parentTitleType />
        <chamberCode />
        <title>A resolution expressing support for the designation of September 2019 as "Sickle Cell Disease Awareness Month" in order to educate communities across the United States about sickle cell disease and the need for research, early detection methods, effective treatments, and preventative care programs with respect to complications from sickle cell disease and conditions related to sickle cell disease.</title>
      </item>
      <item>
        <titleType>Display Title</titleType>
        <chamberName />
        <parentTitleType />
        <chamberCode />
        <title>A resolution expressing support for the designation of September 2019 as "Sickle Cell Disease Awareness Month" in order to educate communities across the United States about sickle cell disease and the need for research, early detection methods, effective treatments, and preventative care programs with respect to complications from sickle cell disease and conditions related to sickle cell disease.</title>
      </item>
    </titles>
    <congress>116</congress>
    <cboCostEstimates />
    <sponsors>
      <item>
        <bioguideId>S001184</bioguideId>
        <lastName>Scott</lastName>
        <byRequestType />
        <fullName>Sen. Scott, Tim [R-SC]</fullName>
        <firstName>Tim</firstName>
        <identifiers>
          <gpoId>8141</gpoId>
          <lisID>2056</lisID>
          <bioguideId>S001184</bioguideId>
        </identifiers>
        <middleName />
        <state>SC</state>
        <party>R</party>
      </item>
    </sponsors>
    <billType>SRES</billType>
    <textVersions>
      <item>
        <date>2019-10-22T04:00:00Z</date>
        <type>Agreed to Senate</type>
        <formats>
          <item>
            <url>https://www.govinfo.gov/content/pkg/BILLS-116sres373ats/xml/BILLS-116sres373ats.xml</url>
          </item>
        </formats>
      </item>
    </textVersions>
    <actions>
      <actionTypeCounts>
        <passedAgreedToInSenate>1</passedAgreedToInSenate>
        <introducedInSenate>1</introducedInSenate>
        <passedOrAgreedToInSenateDayOf>1</passedOrAgreedToInSenateDayOf>
      </actionTypeCounts>
      <item>
        <actionDate>2019-10-22</actionDate>
        <committee />
        <links>
          <link>
            <url>https://www.congress.gov/congressional-record/volume-165/senate-section/page/S5977</url>
            <name>S5977</name>
          </link>
          <link>
            <url>https://www.congress.gov/congressional-record/volume-165/senate-section/page/S6047</url>
            <name>S6047</name>
          </link>
        </links>
        <sourceSystem>
          <code>0</code>
          <name>Senate</name>
        </sourceSystem>
        <text>Submitted in the Senate, considered, and agreed to without amendment and with a preamble by Unanimous Consent. (consideration: CR S6047; text: CR S5977)</text>
        <type>Floor</type>
      </item>
      <item>
        <links>
          <link>
            <url>https://www.congress.gov/congressional-record/volume-165/senate-section/page/S5977</url>
            <name>S5977</name>
          </link>
          <link>
            <url>https://www.congress.gov/congressional-record/volume-165/senate-section/page/S6047</url>
            <name>S6047</name>
          </link>
        </links>
        <actionDate>2019-10-22</actionDate>
        <text>Passed/agreed to in Senate: Submitted in the Senate, considered, and agreed to without amendment and with a preamble by Unanimous Consent.(consideration: CR S6047; text: CR S5977)</text>
        <type>Floor</type>
        <committee />
        <sourceSystem>
          <code>9</code>
          <name>Library of Congress</name>
        </sourceSystem>
        <actionCode>17000</actionCode>
      </item>
      <item>
        <links />
        <actionDate>2019-10-22</actionDate>
        <text>Introduced in Senate</text>
        <type>IntroReferral</type>
        <committee />
        <sourceSystem>
          <code>9</code>
          <name>Library of Congress</name>
        </sourceSystem>
        <actionCode>10000</actionCode>
      </item>
      <actionByCounts>
        <senate>3</senate>
      </actionByCounts>
    </actions>
    <policyArea>
      <name>Health</name>
    </policyArea>
    <calendarNumbers />
    <version>1.0.0</version>
    <summaries>
      <billSummaries />
    </summaries>
    <billNumber>373</billNumber>
    <recordedVotes />
    <cosponsors>
      <item>
        <identifiers>
          <bioguideId>B001288</bioguideId>
          <lisID>2194</lisID>
          <gpoId />
        </identifiers>
        <sponsorshipWithdrawnDate />
        <fullName>Sen. Booker, Cory A. [D-NJ]</fullName>
        <middleName>A.</middleName>
        <party>D</party>
        <sponsorshipDate>2019-10-22</sponsorshipDate>
        <bioguideId>B001288</bioguideId>
        <state>NJ</state>
        <isOriginalCosponsor>True</isOriginalCosponsor>
        <firstName>Cory</firstName>
        <lastName>Booker</lastName>
      </item>
      <item>
        <identifiers>
          <bioguideId>R000595</bioguideId>
          <gpoId>8242</gpoId>
          <lisID>2084</lisID>
        </identifiers>
        <sponsorshipWithdrawnDate />
        <fullName>Sen. Rubio, Marco [R-FL]</fullName>
        <middleName />
        <party>R</party>
        <sponsorshipDate>2019-10-22</sponsorshipDate>
        <bioguideId>R000595</bioguideId>
        <state>FL</state>
        <isOriginalCosponsor>True</isOriginalCosponsor>
        <firstName>Marco</firstName>
        <lastName>Rubio</lastName>
      </item>
      <item>
        <identifiers>
          <gpoId />
          <lisID>2182</lisID>
          <bioguideId>W000817</bioguideId>
        </identifiers>
        <sponsorshipWithdrawnDate />
        <fullName>Sen. Warren, Elizabeth [D-MA]</fullName>
        <middleName>A.</middleName>
        <party>D</party>
        <sponsorshipDate>2019-10-22</sponsorshipDate>
        <bioguideId>W000817</bioguideId>
        <state>MA</state>
        <isOriginalCosponsor>True</isOriginalCosponsor>
        <firstName>Elizabeth</firstName>
        <lastName>Warren</lastName>
      </item>
      <item>
        <identifiers>
          <bioguideId>B001310</bioguideId>
          <gpoId />
          <lisID>2462</lisID>
        </identifiers>
        <sponsorshipWithdrawnDate />
        <fullName>Sen. Braun, Mike  [R-IN]</fullName>
        <middleName />
        <party>R</party>
        <sponsorshipDate>2019-10-22</sponsorshipDate>
        <bioguideId>B001310</bioguideId>
        <state>IN</state>
        <isOriginalCosponsor>True</isOriginalCosponsor>
        <firstName>Mike</firstName>
        <lastName>Braun</lastName>
      </item>
      <item>
        <identifiers>
          <bioguideId>B000944</bioguideId>
          <gpoId>8309</gpoId>
          <lisID>136</lisID>
        </identifiers>
        <sponsorshipWithdrawnDate />
        <fullName>Sen. Brown, Sherrod [D-OH]</fullName>
        <middleName />
        <party>D</party>
        <sponsorshipDate>2019-10-22</sponsorshipDate>
        <bioguideId>B000944</bioguideId>
        <state>OH</state>
        <isOriginalCosponsor>True</isOriginalCosponsor>
        <firstName>Sherrod</firstName>
        <lastName>Brown</lastName>
      </item>
      <item>
        <identifiers>
          <bioguideId>I000055</bioguideId>
          <gpoId>8323</gpoId>
          <lisID>1608</lisID>
        </identifiers>
        <sponsorshipWithdrawnDate />
        <fullName>Sen. Isakson, Johnny [R-GA]</fullName>
        <middleName />
        <party>R</party>
        <sponsorshipDate>2019-10-22</sponsorshipDate>
        <bioguideId>I000055</bioguideId>
        <state>GA</state>
        <isOriginalCosponsor>True</isOriginalCosponsor>
        <firstName>Johnny</firstName>
        <lastName>Isakson</lastName>
      </item>
      <item>
        <identifiers>
          <bioguideId>C001088</bioguideId>
          <gpoId>8297</gpoId>
          <lisID>1984</lisID>
        </identifiers>
        <sponsorshipWithdrawnDate />
        <fullName>Sen. Coons, Christopher A. [D-DE]</fullName>
        <middleName>A.</middleName>
        <party>D</party>
        <sponsorshipDate>2019-10-22</sponsorshipDate>
        <bioguideId>C001088</bioguideId>
        <state>DE</state>
        <isOriginalCosponsor>True</isOriginalCosponsor>
        <firstName>Christopher</firstName>
        <lastName>Coons</lastName>
      </item>
      <item>
        <identifiers>
          <bioguideId>H001079</bioguideId>
          <lisID>2366</lisID>
          <gpoId />
        </identifiers>
        <sponsorshipWithdrawnDate />
        <fullName>Sen. Hyde-Smith, Cindy [R-MS]</fullName>
        <middleName />
        <party>R</party>
        <sponsorshipDate>2019-10-22</sponsorshipDate>
        <bioguideId>H001079</bioguideId>
        <state>MS</state>
        <isOriginalCosponsor>True</isOriginalCosponsor>
        <firstName>Cindy</firstName>
        <lastName>Hyde-Smith</lastName>
      </item>
      <item>
        <identifiers>
          <bioguideId>J000300</bioguideId>
          <gpoId />
          <lisID>2364</lisID>
        </identifiers>
        <sponsorshipWithdrawnDate />
        <fullName>Sen. Jones, Doug  [D-AL]</fullName>
        <middleName />
        <party>D</party>
        <sponsorshipDate>2019-10-22</sponsorshipDate>
        <bioguideId>J000300</bioguideId>
        <state>AL</state>
        <isOriginalCosponsor>True</isOriginalCosponsor>
        <firstName>Doug</firstName>
        <lastName>Jones</lastName>
      </item>
      <item>
        <identifiers>
          <bioguideId>Y000064</bioguideId>
          <gpoId>7948</gpoId>
          <lisID>2019</lisID>
        </identifiers>
        <sponsorshipWithdrawnDate />
        <fullName>Sen. Young, Todd [R-IN]</fullName>
        <middleName />
        <party>R</party>
        <sponsorshipDate>2019-10-22</sponsorshipDate>
        <bioguideId>Y000064</bioguideId>
        <state>IN</state>
        <isOriginalCosponsor>True</isOriginalCosponsor>
        <firstName>Todd</firstName>
        <lastName>Young</lastName>
      </item>
      <item>
        <identifiers>
          <bioguideId>L000575</bioguideId>
          <gpoId>8113</gpoId>
          <lisID>2050</lisID>
        </identifiers>
        <sponsorshipWithdrawnDate />
        <fullName>Sen. Lankford, James [R-OK]</fullName>
        <middleName />
        <party>R</party>
        <sponsorshipDate>2019-10-22</sponsorshipDate>
        <bioguideId>L000575</bioguideId>
        <state>OK</state>
        <isOriginalCosponsor>True</isOriginalCosponsor>
        <firstName>James</firstName>
        <lastName>Lankford</lastName>
      </item>
    </cosponsors>
    <committees>
      <billCommittees />
    </committees>
    <committeeReports />
    <amendments />
    <createDate>2019-10-23T04:45:34Z</createDate>
    <notes />
    <updateDate>2019-10-26T09:58:25Z</updateDate>
    <originChamber>Senate</originChamber>
    <relatedBills />
  </bill>
  <dublinCore xmlns:dc="http://purl.org/dc/elements/1.1/">
    <dc:format>text/xml</dc:format>
    <dc:language>EN</dc:language>
    <dc:rights>Pursuant to Title 17 Section 105 of the United States Code, this file is not subject to copyright protection and is in the public domain.</dc:rights>
    <dc:contributor>Congressional Research Service, Library of Congress</dc:contributor>
    <dc:description>This file contains bill summaries and statuses for federal legislation. A bill summary describes the most significant provisions of a piece of legislation and details the effects the legislative text may have on current law and federal programs. Bill summaries are authored by the Congressional Research Service (CRS) of the Library of Congress. As stated in Public Law 91-510 (2 USC 166 (d)(6)), one of the duties of CRS is "to prepare summaries and digests of bills and resolutions of a public general nature introduced in the Senate or House of Representatives". For more information, refer to the User Guide that accompanies this file.</dc:description>
  </dublinCore>
</billStatus>

