<?xml version="1.0" encoding="UTF-8"?>
<billStatus>
  <bill>
    <sponsors>
      <item>
        <lastName>MCCONNELL</lastName>
        <firstName>MITCH</firstName>
        <middleName />
        <bioguideId>M000355</bioguideId>
        <identifiers>
          <bioguideId>M000355</bioguideId>
          <lisID>1395</lisID>
          <gpoId>8254</gpoId>
        </identifiers>
        <byRequestType />
        <party>R</party>
        <fullName>Sen. McConnell, Mitch [R-KY]</fullName>
        <state>KY</state>
      </item>
    </sponsors>
    <createDate>2019-01-04T13:32:58Z</createDate>
    <textVersions>
      <item>
        <date>2019-01-03T05:00:00Z</date>
        <formats>
          <item>
            <url>https://www.govinfo.gov/content/pkg/BILLS-116sres7ats/xml/BILLS-116sres7ats.xml</url>
          </item>
        </formats>
        <type>Agreed to Senate</type>
      </item>
    </textVersions>
    <cosponsors>
      <item>
        <fullName>Sen. Schumer, Charles E. [D-NY]</fullName>
        <sponsorshipWithdrawnDate />
        <middleName>E.</middleName>
        <firstName>CHARLES</firstName>
        <identifiers>
          <gpoId>8279</gpoId>
          <lisID>1036</lisID>
          <bioguideId>S000148</bioguideId>
        </identifiers>
        <lastName>SCHUMER</lastName>
        <isOriginalCosponsor>True</isOriginalCosponsor>
        <bioguideId>S000148</bioguideId>
        <sponsorshipDate>2019-01-03</sponsorshipDate>
        <state>NY</state>
        <party>D</party>
      </item>
    </cosponsors>
    <policyArea>
      <name>Congress</name>
    </policyArea>
    <laws />
    <subjects>
      <billSubjects>
        <legislativeSubjects>
          <item>
            <name>Congressional officers and employees</name>
          </item>
          <item>
            <name>Lawyers and legal services</name>
          </item>
          <item>
            <name>Senate</name>
          </item>
        </legislativeSubjects>
        <policyArea>
          <name>Congress</name>
        </policyArea>
      </billSubjects>
    </subjects>
    <billNumber>7</billNumber>
    <titles>
      <item>
        <title>A resolution to make effective appointment of Senate Legal Counsel.</title>
        <parentTitleType />
        <chamberCode />
        <chamberName />
        <titleType>Official Title as Introduced</titleType>
      </item>
      <item>
        <title>A resolution to make effective appointment of Senate Legal Counsel.</title>
        <parentTitleType />
        <chamberCode />
        <chamberName />
        <titleType>Display Title</titleType>
      </item>
    </titles>
    <notes />
    <congress>116</congress>
    <summaries>
      <billSummaries>
        <item>
          <lastSummaryUpdateDate>2019-01-08T16:33:34Z</lastSummaryUpdateDate>
          <text><![CDATA[<p>This resolution makes the President pro tempore's appointment of Patricia Mack Bryan as Senate Legal Counsel effective January 3, 2019, for a term of service to expire at the end of the 117th Congress.</p>]]></text>
          <versionCode>00</versionCode>
          <actionDate>2019-01-03</actionDate>
          <updateDate>2019-01-03T05:00:00Z</updateDate>
          <name>Introduced in Senate</name>
          <actionDesc>Introduced in Senate</actionDesc>
        </item>
        <item>
          <lastSummaryUpdateDate>2019-01-08T16:33:28Z</lastSummaryUpdateDate>
          <text><![CDATA[<p>This resolution makes the President pro tempore's appointment of Patricia Mack Bryan as Senate Legal Counsel effective January 3, 2019, for a term of service to expire at the end of the 117th Congress.</p>]]></text>
          <versionCode>55</versionCode>
          <actionDate>2019-01-03</actionDate>
          <updateDate>2019-01-03T18:51:02Z</updateDate>
          <name>Passed Senate</name>
          <actionDesc>Passed Senate</actionDesc>
        </item>
      </billSummaries>
    </summaries>
    <introducedDate>2019-01-03</introducedDate>
    <committees>
      <billCommittees />
    </committees>
    <committeeReports />
    <version>1.0.0</version>
    <calendarNumbers />
    <amendments />
    <updateDate>2019-04-02T18:26:09Z</updateDate>
    <billType>SRES</billType>
    <recordedVotes />
    <latestAction>
      <links />
      <actionDate>2019-01-03</actionDate>
      <text>Submitted in the Senate, considered, and agreed to without amendment by Unanimous Consent. (consideration: CR S6; text: CR S6)</text>
    </latestAction>
    <actions>
      <actionByCounts>
        <senate>3</senate>
      </actionByCounts>
      <item>
        <actionDate>2019-01-03</actionDate>
        <committee />
        <links>
          <link>
            <url>https://www.congress.gov/congressional-record/volume-165/senate-section/page/S6</url>
            <name>S6</name>
          </link>
        </links>
        <sourceSystem>
          <name>Senate</name>
          <code>0</code>
        </sourceSystem>
        <text>Submitted in the Senate, considered, and agreed to without amendment by Unanimous Consent. (consideration: CR S6; text: CR S6)</text>
        <type>Floor</type>
      </item>
      <item>
        <sourceSystem>
          <name>Library of Congress</name>
          <code>9</code>
        </sourceSystem>
        <committee />
        <actionCode>17000</actionCode>
        <links>
          <link>
            <url>https://www.congress.gov/congressional-record/volume-165/senate-section/page/S6</url>
            <name>S6</name>
          </link>
        </links>
        <text>Passed/agreed to in Senate: Submitted in the Senate, considered, and agreed to without amendment by Unanimous Consent.(consideration: CR S6; text: CR S6)</text>
        <actionDate>2019-01-03</actionDate>
        <type>Floor</type>
      </item>
      <item>
        <sourceSystem>
          <name>Library of Congress</name>
          <code>9</code>
        </sourceSystem>
        <committee />
        <actionCode>10000</actionCode>
        <links />
        <text>Introduced in Senate</text>
        <actionDate>2019-01-03</actionDate>
        <type>IntroReferral</type>
      </item>
      <actionTypeCounts>
        <passedOrAgreedToInSenateDayOf>1</passedOrAgreedToInSenateDayOf>
        <passedAgreedToInSenate>1</passedAgreedToInSenate>
        <introducedInSenate>1</introducedInSenate>
      </actionTypeCounts>
    </actions>
    <cboCostEstimates />
    <relatedBills />
    <title>A resolution to make effective appointment of Senate Legal Counsel.</title>
    <originChamber>Senate</originChamber>
  </bill>
  <dublinCore xmlns:dc="http://purl.org/dc/elements/1.1/">
    <dc:format>text/xml</dc:format>
    <dc:language>EN</dc:language>
    <dc:rights>Pursuant to Title 17 Section 105 of the United States Code, this file is not subject to copyright protection and is in the public domain.</dc:rights>
    <dc:contributor>Congressional Research Service, Library of Congress</dc:contributor>
    <dc:description>This file contains bill summaries and statuses for federal legislation. A bill summary describes the most significant provisions of a piece of legislation and details the effects the legislative text may have on current law and federal programs. Bill summaries are authored by the Congressional Research Service (CRS) of the Library of Congress. As stated in Public Law 91-510 (2 USC 166 (d)(6)), one of the duties of CRS is "to prepare summaries and digests of bills and resolutions of a public general nature introduced in the Senate or House of Representatives". For more information, refer to the User Guide that accompanies this file.</dc:description>
  </dublinCore>
</billStatus>

