<?xml version="1.0" encoding="UTF-8"?>
<billStatus>
  <bill>
    <committees>
      <billCommittees>
        <item>
          <chamber>Senate</chamber>
          <systemCode>ssju00</systemCode>
          <subcommittees />
          <type>Standing</type>
          <name>Judiciary Committee</name>
          <activities>
            <item>
              <date>2019-09-12T17:30:58Z</date>
              <name>Referred to</name>
            </item>
          </activities>
        </item>
      </billCommittees>
    </committees>
    <version>1.0.0</version>
    <committeeReports />
    <originChamber>Senate</originChamber>
    <subjects>
      <billSubjects>
        <legislativeSubjects>
          <item>
            <name>Commemorative events and holidays</name>
          </item>
          <item>
            <name>Elections, voting, political campaign regulation</name>
          </item>
          <item>
            <name>Elementary and secondary education</name>
          </item>
          <item>
            <name>Government information and archives</name>
          </item>
          <item>
            <name>Higher education</name>
          </item>
          <item>
            <name>Marketing and advertising</name>
          </item>
          <item>
            <name>Postal service</name>
          </item>
          <item>
            <name>Protest and dissent</name>
          </item>
          <item>
            <name>Racial and ethnic relations</name>
          </item>
          <item>
            <name>State and local government operations</name>
          </item>
          <item>
            <name>Teaching, teachers, curricula</name>
          </item>
          <item>
            <name>U.S. history</name>
          </item>
          <item>
            <name>Voting rights</name>
          </item>
        </legislativeSubjects>
        <policyArea>
          <name>Government Operations and Politics</name>
        </policyArea>
      </billSubjects>
    </subjects>
    <latestAction>
      <links />
      <actionDate>2019-09-12</actionDate>
      <text>Referred to the Committee on the Judiciary. (text: CR S5476-5477)</text>
    </latestAction>
    <updateDate>2019-09-24T09:42:13Z</updateDate>
    <textVersions>
      <item>
        <date>2019-09-12T04:00:00Z</date>
        <type>Introduced in Senate</type>
        <formats>
          <item>
            <url>https://www.govinfo.gov/content/pkg/BILLS-116sres309is/xml/BILLS-116sres309is.xml</url>
          </item>
        </formats>
      </item>
    </textVersions>
    <introducedDate>2019-09-12</introducedDate>
    <recordedVotes />
    <billNumber>309</billNumber>
    <summaries>
      <billSummaries />
    </summaries>
    <cboCostEstimates />
    <title>A resolution designating September 2019 as "National Voting Rights Month".</title>
    <sponsors>
      <item>
        <fullName>Sen. Wyden, Ron [D-OR]</fullName>
        <lastName>WYDEN</lastName>
        <byRequestType />
        <state>OR</state>
        <party>D</party>
        <firstName>RON</firstName>
        <bioguideId>W000779</bioguideId>
        <identifiers>
          <bioguideId>W000779</bioguideId>
          <gpoId>8265</gpoId>
          <lisID>1247</lisID>
        </identifiers>
        <middleName />
      </item>
    </sponsors>
    <cosponsors>
      <item>
        <sponsorshipWithdrawnDate />
        <firstName>Michael</firstName>
        <identifiers>
          <gpoId>8302</gpoId>
          <lisID>1965</lisID>
          <bioguideId>B001267</bioguideId>
        </identifiers>
        <lastName>Bennet</lastName>
        <fullName>Sen. Bennet, Michael F. [D-CO]</fullName>
        <sponsorshipDate>2019-09-12</sponsorshipDate>
        <party>D</party>
        <middleName>F.</middleName>
        <isOriginalCosponsor>True</isOriginalCosponsor>
        <bioguideId>B001267</bioguideId>
        <state>CO</state>
      </item>
      <item>
        <sponsorshipWithdrawnDate />
        <firstName>Richard</firstName>
        <identifiers>
          <bioguideId>B001277</bioguideId>
          <lisID>2076</lisID>
          <gpoId>8332</gpoId>
        </identifiers>
        <lastName>Blumenthal</lastName>
        <fullName>Sen. Blumenthal, Richard [D-CT]</fullName>
        <sponsorshipDate>2019-09-12</sponsorshipDate>
        <party>D</party>
        <middleName />
        <isOriginalCosponsor>True</isOriginalCosponsor>
        <bioguideId>B001277</bioguideId>
        <state>CT</state>
      </item>
      <item>
        <sponsorshipWithdrawnDate />
        <firstName>Cory</firstName>
        <identifiers>
          <bioguideId>B001288</bioguideId>
          <gpoId />
          <lisID>2194</lisID>
        </identifiers>
        <lastName>Booker</lastName>
        <fullName>Sen. Booker, Cory A. [D-NJ]</fullName>
        <sponsorshipDate>2019-09-12</sponsorshipDate>
        <party>D</party>
        <middleName>A.</middleName>
        <isOriginalCosponsor>True</isOriginalCosponsor>
        <bioguideId>B001288</bioguideId>
        <state>NJ</state>
      </item>
      <item>
        <sponsorshipWithdrawnDate />
        <firstName>Sherrod</firstName>
        <identifiers>
          <gpoId>8309</gpoId>
          <lisID>136</lisID>
          <bioguideId>B000944</bioguideId>
        </identifiers>
        <lastName>Brown</lastName>
        <fullName>Sen. Brown, Sherrod [D-OH]</fullName>
        <sponsorshipDate>2019-09-12</sponsorshipDate>
        <party>D</party>
        <middleName />
        <isOriginalCosponsor>True</isOriginalCosponsor>
        <bioguideId>B000944</bioguideId>
        <state>OH</state>
      </item>
      <item>
        <sponsorshipWithdrawnDate />
        <firstName>MARIA</firstName>
        <identifiers>
          <bioguideId>C000127</bioguideId>
          <gpoId>8288</gpoId>
          <lisID>172</lisID>
        </identifiers>
        <lastName>CANTWELL</lastName>
        <fullName>Sen. Cantwell, Maria [D-WA]</fullName>
        <sponsorshipDate>2019-09-12</sponsorshipDate>
        <party>D</party>
        <middleName />
        <isOriginalCosponsor>True</isOriginalCosponsor>
        <bioguideId>C000127</bioguideId>
        <state>WA</state>
      </item>
      <item>
        <sponsorshipWithdrawnDate />
        <firstName>BENJAMIN</firstName>
        <identifiers>
          <bioguideId>C000141</bioguideId>
          <gpoId>8287</gpoId>
          <lisID>174</lisID>
        </identifiers>
        <lastName>CARDIN</lastName>
        <fullName>Sen. Cardin, Benjamin L. [D-MD]</fullName>
        <sponsorshipDate>2019-09-12</sponsorshipDate>
        <party>D</party>
        <middleName>L.</middleName>
        <isOriginalCosponsor>True</isOriginalCosponsor>
        <bioguideId>C000141</bioguideId>
        <state>MD</state>
      </item>
      <item>
        <sponsorshipWithdrawnDate />
        <firstName>Christopher</firstName>
        <identifiers>
          <bioguideId>C001088</bioguideId>
          <gpoId>8297</gpoId>
          <lisID>1984</lisID>
        </identifiers>
        <lastName>Coons</lastName>
        <fullName>Sen. Coons, Christopher A. [D-DE]</fullName>
        <sponsorshipDate>2019-09-12</sponsorshipDate>
        <party>D</party>
        <middleName>A.</middleName>
        <isOriginalCosponsor>True</isOriginalCosponsor>
        <bioguideId>C001088</bioguideId>
        <state>DE</state>
      </item>
      <item>
        <sponsorshipWithdrawnDate />
        <firstName>Tammy</firstName>
        <identifiers>
          <bioguideId>D000622</bioguideId>
          <gpoId />
          <lisID>2123</lisID>
        </identifiers>
        <lastName>Duckworth</lastName>
        <fullName>Sen. Duckworth, Tammy [D-IL]</fullName>
        <sponsorshipDate>2019-09-12</sponsorshipDate>
        <party>D</party>
        <middleName />
        <isOriginalCosponsor>True</isOriginalCosponsor>
        <bioguideId>D000622</bioguideId>
        <state>IL</state>
      </item>
      <item>
        <sponsorshipWithdrawnDate />
        <firstName>RICHARD</firstName>
        <identifiers>
          <gpoId>8326</gpoId>
          <lisID>326</lisID>
          <bioguideId>D000563</bioguideId>
        </identifiers>
        <lastName>DURBIN</lastName>
        <fullName>Sen. Durbin, Richard J. [D-IL]</fullName>
        <sponsorshipDate>2019-09-12</sponsorshipDate>
        <party>D</party>
        <middleName>J.</middleName>
        <isOriginalCosponsor>True</isOriginalCosponsor>
        <bioguideId>D000563</bioguideId>
        <state>IL</state>
      </item>
      <item>
        <sponsorshipWithdrawnDate />
        <firstName>Kamala</firstName>
        <identifiers>
          <gpoId />
          <lisID>2301</lisID>
          <bioguideId>H001075</bioguideId>
        </identifiers>
        <lastName>Harris</lastName>
        <fullName>Sen. Harris, Kamala D. [D-CA]</fullName>
        <sponsorshipDate>2019-09-12</sponsorshipDate>
        <party>D</party>
        <middleName>D.</middleName>
        <isOriginalCosponsor>True</isOriginalCosponsor>
        <bioguideId>H001075</bioguideId>
        <state>CA</state>
      </item>
      <item>
        <sponsorshipWithdrawnDate />
        <firstName>Mazie</firstName>
        <identifiers>
          <bioguideId>H001042</bioguideId>
          <gpoId>7913</gpoId>
          <lisID>1844</lisID>
        </identifiers>
        <lastName>Hirono</lastName>
        <fullName>Sen. Hirono, Mazie K. [D-HI]</fullName>
        <sponsorshipDate>2019-09-12</sponsorshipDate>
        <party>D</party>
        <middleName>K.</middleName>
        <isOriginalCosponsor>True</isOriginalCosponsor>
        <bioguideId>H001042</bioguideId>
        <state>HI</state>
      </item>
      <item>
        <sponsorshipWithdrawnDate />
        <firstName>Doug</firstName>
        <identifiers>
          <bioguideId>J000300</bioguideId>
          <lisID>2364</lisID>
          <gpoId />
        </identifiers>
        <lastName>Jones</lastName>
        <fullName>Sen. Jones, Doug  [D-AL]</fullName>
        <sponsorshipDate>2019-09-12</sponsorshipDate>
        <party>D</party>
        <middleName />
        <isOriginalCosponsor>True</isOriginalCosponsor>
        <bioguideId>J000300</bioguideId>
        <state>AL</state>
      </item>
      <item>
        <sponsorshipWithdrawnDate />
        <firstName>Timothy</firstName>
        <identifiers>
          <gpoId />
          <lisID>2176</lisID>
          <bioguideId>K000384</bioguideId>
        </identifiers>
        <lastName>Kaine</lastName>
        <fullName>Sen. Kaine, Tim [D-VA]</fullName>
        <sponsorshipDate>2019-09-12</sponsorshipDate>
        <party>D</party>
        <middleName />
        <isOriginalCosponsor>True</isOriginalCosponsor>
        <bioguideId>K000384</bioguideId>
        <state>VA</state>
      </item>
      <item>
        <sponsorshipWithdrawnDate />
        <firstName>EDWARD</firstName>
        <identifiers>
          <gpoId>7972</gpoId>
          <lisID>735</lisID>
          <bioguideId>M000133</bioguideId>
        </identifiers>
        <lastName>MARKEY</lastName>
        <fullName>Sen. Markey, Edward J. [D-MA]</fullName>
        <sponsorshipDate>2019-09-12</sponsorshipDate>
        <party>D</party>
        <middleName>J.</middleName>
        <isOriginalCosponsor>True</isOriginalCosponsor>
        <bioguideId>M000133</bioguideId>
        <state>MA</state>
      </item>
      <item>
        <sponsorshipWithdrawnDate />
        <firstName>Robert</firstName>
        <identifiers>
          <gpoId>8239</gpoId>
          <lisID>791</lisID>
          <bioguideId>M000639</bioguideId>
        </identifiers>
        <lastName>Menendez</lastName>
        <fullName>Sen. Menendez, Robert [D-NJ]</fullName>
        <sponsorshipDate>2019-09-12</sponsorshipDate>
        <party>D</party>
        <middleName />
        <isOriginalCosponsor>True</isOriginalCosponsor>
        <bioguideId>M000639</bioguideId>
        <state>NJ</state>
      </item>
      <item>
        <sponsorshipWithdrawnDate />
        <firstName>Jeff</firstName>
        <identifiers>
          <bioguideId>M001176</bioguideId>
          <gpoId>8238</gpoId>
          <lisID>1900</lisID>
        </identifiers>
        <lastName>Merkley</lastName>
        <fullName>Sen. Merkley, Jeff [D-OR]</fullName>
        <sponsorshipDate>2019-09-12</sponsorshipDate>
        <party>D</party>
        <middleName />
        <isOriginalCosponsor>True</isOriginalCosponsor>
        <bioguideId>M001176</bioguideId>
        <state>OR</state>
      </item>
      <item>
        <sponsorshipWithdrawnDate />
        <firstName>PATTY</firstName>
        <identifiers>
          <gpoId>8237</gpoId>
          <lisID>1409</lisID>
          <bioguideId>M001111</bioguideId>
        </identifiers>
        <lastName>MURRAY</lastName>
        <fullName>Sen. Murray, Patty [D-WA]</fullName>
        <sponsorshipDate>2019-09-12</sponsorshipDate>
        <party>D</party>
        <middleName />
        <isOriginalCosponsor>True</isOriginalCosponsor>
        <bioguideId>M001111</bioguideId>
        <state>WA</state>
      </item>
      <item>
        <sponsorshipWithdrawnDate />
        <firstName>Bernard</firstName>
        <identifiers>
          <bioguideId>S000033</bioguideId>
          <gpoId>8270</gpoId>
          <lisID>1010</lisID>
        </identifiers>
        <lastName>Sanders</lastName>
        <fullName>Sen. Sanders, Bernard [I-VT]</fullName>
        <sponsorshipDate>2019-09-12</sponsorshipDate>
        <party>I</party>
        <middleName />
        <isOriginalCosponsor>True</isOriginalCosponsor>
        <bioguideId>S000033</bioguideId>
        <state>VT</state>
      </item>
      <item>
        <sponsorshipWithdrawnDate />
        <firstName>Tina</firstName>
        <identifiers>
          <gpoId />
          <lisID>2365</lisID>
          <bioguideId>S001203</bioguideId>
        </identifiers>
        <lastName>Smith</lastName>
        <fullName>Sen. Smith, Tina  [D-MN]</fullName>
        <sponsorshipDate>2019-09-12</sponsorshipDate>
        <party>D</party>
        <middleName />
        <isOriginalCosponsor>True</isOriginalCosponsor>
        <bioguideId>S001203</bioguideId>
        <state>MN</state>
      </item>
      <item>
        <sponsorshipWithdrawnDate />
        <firstName>TOM</firstName>
        <identifiers>
          <bioguideId>U000039</bioguideId>
          <lisID>1567</lisID>
          <gpoId>8260</gpoId>
        </identifiers>
        <lastName>UDALL</lastName>
        <fullName>Sen. Udall, Tom [D-NM]</fullName>
        <sponsorshipDate>2019-09-12</sponsorshipDate>
        <party>D</party>
        <middleName />
        <isOriginalCosponsor>True</isOriginalCosponsor>
        <bioguideId>U000039</bioguideId>
        <state>NM</state>
      </item>
      <item>
        <sponsorshipWithdrawnDate />
        <firstName>Chris</firstName>
        <identifiers>
          <gpoId>7983</gpoId>
          <lisID>1729</lisID>
          <bioguideId>V000128</bioguideId>
        </identifiers>
        <lastName>Van Hollen</lastName>
        <fullName>Sen. Van Hollen, Chris [D-MD]</fullName>
        <sponsorshipDate>2019-09-12</sponsorshipDate>
        <party>D</party>
        <middleName />
        <isOriginalCosponsor>True</isOriginalCosponsor>
        <bioguideId>V000128</bioguideId>
        <state>MD</state>
      </item>
      <item>
        <sponsorshipWithdrawnDate />
        <firstName>Amy</firstName>
        <identifiers>
          <gpoId>8249</gpoId>
          <lisID>1826</lisID>
          <bioguideId>K000367</bioguideId>
        </identifiers>
        <lastName>Klobuchar</lastName>
        <fullName>Sen. Klobuchar, Amy [D-MN]</fullName>
        <sponsorshipDate>2019-09-23</sponsorshipDate>
        <party>D</party>
        <middleName />
        <isOriginalCosponsor>False</isOriginalCosponsor>
        <bioguideId>K000367</bioguideId>
        <state>MN</state>
      </item>
    </cosponsors>
    <policyArea>
      <name>Government Operations and Politics</name>
    </policyArea>
    <createDate>2019-09-13T04:27:13Z</createDate>
    <laws />
    <billType>SRES</billType>
    <actions>
      <actionByCounts>
        <senate>2</senate>
      </actionByCounts>
      <item>
        <actionDate>2019-09-12</actionDate>
        <committee>
          <name>Judiciary Committee</name>
          <systemCode>ssju00</systemCode>
        </committee>
        <links>
          <link>
            <name>S5476-5477</name>
            <url>https://www.congress.gov/congressional-record/volume-165/senate-section/page/S5476-5477</url>
          </link>
        </links>
        <sourceSystem>
          <name>Senate</name>
          <code>0</code>
        </sourceSystem>
        <text>Referred to the Committee on the Judiciary. (text: CR S5476-5477)</text>
        <type>IntroReferral</type>
      </item>
      <item>
        <sourceSystem>
          <name>Library of Congress</name>
          <code>9</code>
        </sourceSystem>
        <type>IntroReferral</type>
        <text>Introduced in Senate</text>
        <actionDate>2019-09-12</actionDate>
        <actionCode>10000</actionCode>
        <links />
        <committee />
      </item>
      <actionTypeCounts>
        <referredToCommittee>1</referredToCommittee>
        <introducedInSenate>1</introducedInSenate>
      </actionTypeCounts>
    </actions>
    <titles>
      <item>
        <title>A resolution designating September 2019 as "National Voting Rights Month".</title>
        <parentTitleType />
        <chamberCode />
        <chamberName />
        <titleType>Official Title as Introduced</titleType>
      </item>
      <item>
        <title>A resolution designating September 2019 as "National Voting Rights Month".</title>
        <parentTitleType />
        <chamberCode />
        <chamberName />
        <titleType>Display Title</titleType>
      </item>
    </titles>
    <notes />
    <relatedBills>
      <item>
        <number>556</number>
        <latestAction>
          <actionDate>2019-09-12</actionDate>
          <text>Referred to the Committee on the Judiciary, and in addition to the Committees on House Administration, Intelligence (Permanent Select), Oversight and Reform, Science, Space, and Technology, Education and Labor, Ways and Means, Financial Services, Ethics, and Homeland Security, for a period to be subsequently determined by the Speaker, in each case for consideration of such provisions as fall within the jurisdiction of the committee concerned.</text>
        </latestAction>
        <type>HRES</type>
        <relationshipDetails>
          <item>
            <type>Related bill</type>
            <identifiedBy>CRS</identifiedBy>
          </item>
        </relationshipDetails>
        <congress>116</congress>
        <latestTitle>Expressing support for designation of the month of September as "National Voting Rights Month".</latestTitle>
      </item>
    </relatedBills>
    <amendments />
    <congress>116</congress>
    <calendarNumbers />
  </bill>
  <dublinCore xmlns:dc="http://purl.org/dc/elements/1.1/">
    <dc:format>text/xml</dc:format>
    <dc:language>EN</dc:language>
    <dc:rights>Pursuant to Title 17 Section 105 of the United States Code, this file is not subject to copyright protection and is in the public domain.</dc:rights>
    <dc:contributor>Congressional Research Service, Library of Congress</dc:contributor>
    <dc:description>This file contains bill summaries and statuses for federal legislation. A bill summary describes the most significant provisions of a piece of legislation and details the effects the legislative text may have on current law and federal programs. Bill summaries are authored by the Congressional Research Service (CRS) of the Library of Congress. As stated in Public Law 91-510 (2 USC 166 (d)(6)), one of the duties of CRS is "to prepare summaries and digests of bills and resolutions of a public general nature introduced in the Senate or House of Representatives". For more information, refer to the User Guide that accompanies this file.</dc:description>
  </dublinCore>
</billStatus>

