<?xml version="1.0" encoding="UTF-8"?>
<billStatus>
  <bill>
    <billType>SRES</billType>
    <congress>116</congress>
    <introducedDate>2019-09-12</introducedDate>
    <notes />
    <updateDate>2019-09-21T04:27:29Z</updateDate>
    <titles>
      <item>
        <parentTitleType />
        <title>A resolution designating the week beginning September 8, 2019, as "National Direct Support Professionals Recognition Week".</title>
        <titleType>Official Title as Introduced</titleType>
        <chamberCode />
        <chamberName />
      </item>
      <item>
        <parentTitleType />
        <title>A resolution designating the week beginning September 8, 2019, as "National Direct Support Professionals Recognition Week".</title>
        <titleType>Display Title</titleType>
        <chamberCode />
        <chamberName />
      </item>
    </titles>
    <recordedVotes />
    <cosponsors>
      <item>
        <firstName>SUSAN</firstName>
        <lastName>COLLINS</lastName>
        <state>ME</state>
        <bioguideId>C001035</bioguideId>
        <sponsorshipDate>2019-09-12</sponsorshipDate>
        <isOriginalCosponsor>True</isOriginalCosponsor>
        <sponsorshipWithdrawnDate />
        <identifiers>
          <bioguideId>C001035</bioguideId>
          <lisID>1541</lisID>
          <gpoId>8291</gpoId>
        </identifiers>
        <middleName>MARGARET</middleName>
        <fullName>Sen. Collins, Susan M. [R-ME]</fullName>
        <party>R</party>
      </item>
      <item>
        <firstName>Angus</firstName>
        <lastName>King</lastName>
        <state>ME</state>
        <bioguideId>K000383</bioguideId>
        <sponsorshipDate>2019-09-12</sponsorshipDate>
        <isOriginalCosponsor>True</isOriginalCosponsor>
        <sponsorshipWithdrawnDate />
        <identifiers>
          <bioguideId>K000383</bioguideId>
          <gpoId />
          <lisID>2185</lisID>
        </identifiers>
        <middleName />
        <fullName>Sen. King, Angus S., Jr. [I-ME]</fullName>
        <party>I</party>
      </item>
      <item>
        <firstName>Sherrod</firstName>
        <lastName>Brown</lastName>
        <state>OH</state>
        <bioguideId>B000944</bioguideId>
        <sponsorshipDate>2019-09-12</sponsorshipDate>
        <isOriginalCosponsor>True</isOriginalCosponsor>
        <sponsorshipWithdrawnDate />
        <identifiers>
          <lisID>136</lisID>
          <bioguideId>B000944</bioguideId>
          <gpoId>8309</gpoId>
        </identifiers>
        <middleName />
        <fullName>Sen. Brown, Sherrod [D-OH]</fullName>
        <party>D</party>
      </item>
      <item>
        <firstName>EDWARD</firstName>
        <lastName>MARKEY</lastName>
        <state>MA</state>
        <bioguideId>M000133</bioguideId>
        <sponsorshipDate>2019-09-12</sponsorshipDate>
        <isOriginalCosponsor>True</isOriginalCosponsor>
        <sponsorshipWithdrawnDate />
        <identifiers>
          <gpoId>7972</gpoId>
          <lisID>735</lisID>
          <bioguideId>M000133</bioguideId>
        </identifiers>
        <middleName>J.</middleName>
        <fullName>Sen. Markey, Edward J. [D-MA]</fullName>
        <party>D</party>
      </item>
      <item>
        <firstName>Christopher</firstName>
        <lastName>Murphy</lastName>
        <state>CT</state>
        <bioguideId>M001169</bioguideId>
        <sponsorshipDate>2019-09-12</sponsorshipDate>
        <isOriginalCosponsor>True</isOriginalCosponsor>
        <sponsorshipWithdrawnDate />
        <identifiers>
          <lisID>1837</lisID>
          <bioguideId>M001169</bioguideId>
          <gpoId>7870</gpoId>
        </identifiers>
        <middleName />
        <fullName>Sen. Murphy, Christopher [D-CT]</fullName>
        <party>D</party>
      </item>
      <item>
        <firstName>Robert</firstName>
        <lastName>Menendez</lastName>
        <state>NJ</state>
        <bioguideId>M000639</bioguideId>
        <sponsorshipDate>2019-09-12</sponsorshipDate>
        <isOriginalCosponsor>True</isOriginalCosponsor>
        <sponsorshipWithdrawnDate />
        <identifiers>
          <bioguideId>M000639</bioguideId>
          <lisID>791</lisID>
          <gpoId>8239</gpoId>
        </identifiers>
        <middleName />
        <fullName>Sen. Menendez, Robert [D-NJ]</fullName>
        <party>D</party>
      </item>
      <item>
        <firstName>Amy</firstName>
        <lastName>Klobuchar</lastName>
        <state>MN</state>
        <bioguideId>K000367</bioguideId>
        <sponsorshipDate>2019-09-12</sponsorshipDate>
        <isOriginalCosponsor>True</isOriginalCosponsor>
        <sponsorshipWithdrawnDate />
        <identifiers>
          <bioguideId>K000367</bioguideId>
          <gpoId>8249</gpoId>
          <lisID>1826</lisID>
        </identifiers>
        <middleName />
        <fullName>Sen. Klobuchar, Amy [D-MN]</fullName>
        <party>D</party>
      </item>
      <item>
        <firstName>Richard</firstName>
        <lastName>Blumenthal</lastName>
        <state>CT</state>
        <bioguideId>B001277</bioguideId>
        <sponsorshipDate>2019-09-12</sponsorshipDate>
        <isOriginalCosponsor>True</isOriginalCosponsor>
        <sponsorshipWithdrawnDate />
        <identifiers>
          <bioguideId>B001277</bioguideId>
          <gpoId>8332</gpoId>
          <lisID>2076</lisID>
        </identifiers>
        <middleName />
        <fullName>Sen. Blumenthal, Richard [D-CT]</fullName>
        <party>D</party>
      </item>
      <item>
        <firstName>Margaret</firstName>
        <lastName>Hassan</lastName>
        <state>NH</state>
        <bioguideId>H001076</bioguideId>
        <sponsorshipDate>2019-09-12</sponsorshipDate>
        <isOriginalCosponsor>True</isOriginalCosponsor>
        <sponsorshipWithdrawnDate />
        <identifiers>
          <bioguideId>H001076</bioguideId>
          <gpoId />
          <lisID>2302</lisID>
        </identifiers>
        <middleName>Wood</middleName>
        <fullName>Sen. Hassan, Margaret Wood [D-NH]</fullName>
        <party>D</party>
      </item>
      <item>
        <firstName>Doug</firstName>
        <lastName>Jones</lastName>
        <state>AL</state>
        <bioguideId>J000300</bioguideId>
        <sponsorshipDate>2019-09-12</sponsorshipDate>
        <isOriginalCosponsor>True</isOriginalCosponsor>
        <sponsorshipWithdrawnDate />
        <identifiers>
          <bioguideId>J000300</bioguideId>
          <gpoId />
          <lisID>2364</lisID>
        </identifiers>
        <middleName />
        <fullName>Sen. Jones, Doug  [D-AL]</fullName>
        <party>D</party>
      </item>
      <item>
        <firstName>Chris</firstName>
        <lastName>Van Hollen</lastName>
        <state>MD</state>
        <bioguideId>V000128</bioguideId>
        <sponsorshipDate>2019-09-12</sponsorshipDate>
        <isOriginalCosponsor>True</isOriginalCosponsor>
        <sponsorshipWithdrawnDate />
        <identifiers>
          <bioguideId>V000128</bioguideId>
          <gpoId>7983</gpoId>
          <lisID>1729</lisID>
        </identifiers>
        <middleName />
        <fullName>Sen. Van Hollen, Chris [D-MD]</fullName>
        <party>D</party>
      </item>
      <item>
        <firstName>Bob</firstName>
        <lastName>Casey</lastName>
        <state>PA</state>
        <bioguideId>C001070</bioguideId>
        <sponsorshipDate>2019-09-12</sponsorshipDate>
        <isOriginalCosponsor>True</isOriginalCosponsor>
        <sponsorshipWithdrawnDate />
        <identifiers>
          <bioguideId>C001070</bioguideId>
          <lisID>1828</lisID>
          <gpoId>8282</gpoId>
        </identifiers>
        <middleName />
        <fullName>Sen. Casey, Robert P., Jr. [D-PA]</fullName>
        <party>D</party>
      </item>
      <item>
        <firstName>Tammy</firstName>
        <lastName>Baldwin</lastName>
        <state>WI</state>
        <bioguideId>B001230</bioguideId>
        <sponsorshipDate>2019-09-12</sponsorshipDate>
        <isOriginalCosponsor>True</isOriginalCosponsor>
        <sponsorshipWithdrawnDate />
        <identifiers>
          <bioguideId>B001230</bioguideId>
          <gpoId>8215</gpoId>
          <lisID>1558</lisID>
        </identifiers>
        <middleName />
        <fullName>Sen. Baldwin, Tammy [D-WI]</fullName>
        <party>D</party>
      </item>
      <item>
        <firstName>Kamala</firstName>
        <lastName>Harris</lastName>
        <state>CA</state>
        <bioguideId>H001075</bioguideId>
        <sponsorshipDate>2019-09-12</sponsorshipDate>
        <isOriginalCosponsor>True</isOriginalCosponsor>
        <sponsorshipWithdrawnDate />
        <identifiers>
          <gpoId />
          <lisID>2301</lisID>
          <bioguideId>H001075</bioguideId>
        </identifiers>
        <middleName>D.</middleName>
        <fullName>Sen. Harris, Kamala D. [D-CA]</fullName>
        <party>D</party>
      </item>
      <item>
        <firstName>PATTY</firstName>
        <lastName>MURRAY</lastName>
        <state>WA</state>
        <bioguideId>M001111</bioguideId>
        <sponsorshipDate>2019-09-12</sponsorshipDate>
        <isOriginalCosponsor>True</isOriginalCosponsor>
        <sponsorshipWithdrawnDate />
        <identifiers>
          <bioguideId>M001111</bioguideId>
          <gpoId>8237</gpoId>
          <lisID>1409</lisID>
        </identifiers>
        <middleName />
        <fullName>Sen. Murray, Patty [D-WA]</fullName>
        <party>D</party>
      </item>
      <item>
        <firstName>Jacklyn</firstName>
        <lastName>Rosen</lastName>
        <state>NV</state>
        <bioguideId>R000608</bioguideId>
        <sponsorshipDate>2019-09-12</sponsorshipDate>
        <isOriginalCosponsor>True</isOriginalCosponsor>
        <sponsorshipWithdrawnDate />
        <identifiers>
          <bioguideId>R000608</bioguideId>
          <gpoId />
          <lisID>2339</lisID>
        </identifiers>
        <middleName />
        <fullName>Sen. Rosen, Jacky [D-NV]</fullName>
        <party>D</party>
      </item>
      <item>
        <firstName>Timothy</firstName>
        <lastName>Kaine</lastName>
        <state>VA</state>
        <bioguideId>K000384</bioguideId>
        <sponsorshipDate>2019-09-12</sponsorshipDate>
        <isOriginalCosponsor>True</isOriginalCosponsor>
        <sponsorshipWithdrawnDate />
        <identifiers>
          <lisID>2176</lisID>
          <bioguideId>K000384</bioguideId>
          <gpoId />
        </identifiers>
        <middleName />
        <fullName>Sen. Kaine, Tim [D-VA]</fullName>
        <party>D</party>
      </item>
    </cosponsors>
    <amendments />
    <sponsors>
      <item>
        <fullName>Sen. Cardin, Benjamin L. [D-MD]</fullName>
        <party>D</party>
        <bioguideId>C000141</bioguideId>
        <byRequestType />
        <lastName>CARDIN</lastName>
        <identifiers>
          <bioguideId>C000141</bioguideId>
          <gpoId>8287</gpoId>
          <lisID>174</lisID>
        </identifiers>
        <state>MD</state>
        <middleName>L.</middleName>
        <firstName>BENJAMIN</firstName>
      </item>
    </sponsors>
    <laws />
    <billNumber>312</billNumber>
    <createDate>2019-09-13T04:27:13Z</createDate>
    <originChamber>Senate</originChamber>
    <summaries>
      <billSummaries />
    </summaries>
    <cboCostEstimates />
    <version>1.0.0</version>
    <policyArea>
      <name>Health</name>
    </policyArea>
    <textVersions>
      <item>
        <formats>
          <item>
            <url>https://www.govinfo.gov/content/pkg/BILLS-116sres312ats/xml/BILLS-116sres312ats.xml</url>
          </item>
        </formats>
        <type>Agreed to Senate</type>
        <date>2019-09-12T04:00:00Z</date>
      </item>
    </textVersions>
    <committees>
      <billCommittees />
    </committees>
    <actions>
      <item>
        <actionDate>2019-09-12</actionDate>
        <committee />
        <links>
          <link>
            <url>https://www.congress.gov/congressional-record/volume-165/senate-section/page/S5478</url>
            <name>S5478</name>
          </link>
          <link>
            <url>https://www.congress.gov/congressional-record/volume-165/senate-section/page/S5482-5483</url>
            <name>S5482-5483</name>
          </link>
        </links>
        <sourceSystem>
          <code>0</code>
          <name>Senate</name>
        </sourceSystem>
        <text>Submitted in the Senate, considered, and agreed to without amendment and with a preamble by Voice Vote. (consideration: CR S5482-5483; text: CR S5478)</text>
        <type>Floor</type>
      </item>
      <item>
        <actionDate>2019-09-12</actionDate>
        <text>Passed/agreed to in Senate: Submitted in the Senate, considered, and agreed to without amendment and with a preamble by Voice Vote.(consideration: CR S5482-5483; text: CR S5478)</text>
        <type>Floor</type>
        <committee />
        <links>
          <link>
            <url>https://www.congress.gov/congressional-record/volume-165/senate-section/page/S5478</url>
            <name>S5478</name>
          </link>
          <link>
            <url>https://www.congress.gov/congressional-record/volume-165/senate-section/page/S5482-5483</url>
            <name>S5482-5483</name>
          </link>
        </links>
        <sourceSystem>
          <code>9</code>
          <name>Library of Congress</name>
        </sourceSystem>
        <actionCode>17000</actionCode>
      </item>
      <item>
        <actionDate>2019-09-12</actionDate>
        <text>Introduced in Senate</text>
        <type>IntroReferral</type>
        <committee />
        <links />
        <sourceSystem>
          <code>9</code>
          <name>Library of Congress</name>
        </sourceSystem>
        <actionCode>10000</actionCode>
      </item>
      <actionByCounts>
        <senate>3</senate>
      </actionByCounts>
      <actionTypeCounts>
        <introducedInSenate>1</introducedInSenate>
        <passedOrAgreedToInSenateDayOf>1</passedOrAgreedToInSenateDayOf>
        <passedAgreedToInSenate>1</passedAgreedToInSenate>
      </actionTypeCounts>
    </actions>
    <latestAction>
      <actionDate>2019-09-12</actionDate>
      <text>Submitted in the Senate, considered, and agreed to without amendment and with a preamble by Voice Vote. (consideration: CR S5482-5483; text: CR S5478)</text>
      <links />
    </latestAction>
    <relatedBills />
    <subjects>
      <billSubjects>
        <policyArea>
          <name>Health</name>
        </policyArea>
        <legislativeSubjects>
          <item>
            <name>Allied health services</name>
          </item>
          <item>
            <name>Commemorative events and holidays</name>
          </item>
          <item>
            <name>Congressional tributes</name>
          </item>
          <item>
            <name>Disability and paralysis</name>
          </item>
          <item>
            <name>Health personnel</name>
          </item>
        </legislativeSubjects>
      </billSubjects>
    </subjects>
    <committeeReports />
    <title>A resolution designating the week beginning September 8, 2019, as "National Direct Support Professionals Recognition Week".</title>
    <calendarNumbers />
  </bill>
  <dublinCore xmlns:dc="http://purl.org/dc/elements/1.1/">
    <dc:format>text/xml</dc:format>
    <dc:language>EN</dc:language>
    <dc:rights>Pursuant to Title 17 Section 105 of the United States Code, this file is not subject to copyright protection and is in the public domain.</dc:rights>
    <dc:contributor>Congressional Research Service, Library of Congress</dc:contributor>
    <dc:description>This file contains bill summaries and statuses for federal legislation. A bill summary describes the most significant provisions of a piece of legislation and details the effects the legislative text may have on current law and federal programs. Bill summaries are authored by the Congressional Research Service (CRS) of the Library of Congress. As stated in Public Law 91-510 (2 USC 166 (d)(6)), one of the duties of CRS is "to prepare summaries and digests of bills and resolutions of a public general nature introduced in the Senate or House of Representatives". For more information, refer to the User Guide that accompanies this file.</dc:description>
  </dublinCore>
</billStatus>

