<?xml version="1.0" encoding="UTF-8"?>
<billStatus>
  <bill>
    <notes />
    <laws />
    <committees>
      <billCommittees />
    </committees>
    <titles>
      <item>
        <titleType>Official Title as Introduced</titleType>
        <parentTitleType />
        <chamberName />
        <title>A resolution supporting the mission and goals of National Crime Victims' Rights Week in 2019, which include increasing public awareness of the rights, needs, and concerns of, and services available to assist, victims and survivors of crime in the United States.</title>
        <chamberCode />
      </item>
      <item>
        <titleType>Display Title</titleType>
        <parentTitleType />
        <chamberName />
        <title>A resolution supporting the mission and goals of National Crime Victims' Rights Week in 2019, which include increasing public awareness of the rights, needs, and concerns of, and services available to assist, victims and survivors of crime in the United States.</title>
        <chamberCode />
      </item>
    </titles>
    <relatedBills />
    <textVersions>
      <item>
        <type>Agreed to Senate</type>
        <formats>
          <item>
            <url>https://www.govinfo.gov/content/pkg/BILLS-116sres237ats/xml/BILLS-116sres237ats.xml</url>
          </item>
        </formats>
        <date>2019-06-05T04:00:00Z</date>
      </item>
    </textVersions>
    <recordedVotes />
    <introducedDate>2019-06-05</introducedDate>
    <updateDate>2019-11-05T13:35:00Z</updateDate>
    <cboCostEstimates />
    <title>A resolution supporting the mission and goals of National Crime Victims' Rights Week in 2019, which include increasing public awareness of the rights, needs, and concerns of, and services available to assist, victims and survivors of crime in the United States.</title>
    <amendments />
    <originChamber>Senate</originChamber>
    <actions>
      <actionTypeCounts>
        <passedAgreedToInSenate>1</passedAgreedToInSenate>
        <introducedInSenate>1</introducedInSenate>
        <passedOrAgreedToInSenateDayOf>1</passedOrAgreedToInSenateDayOf>
      </actionTypeCounts>
      <item>
        <actionDate>2019-06-05</actionDate>
        <committee />
        <links>
          <link>
            <url>https://www.congress.gov/congressional-record/volume-165/senate-section/page/S3264-3265</url>
            <name>S3264-3265</name>
          </link>
          <link>
            <url>https://www.congress.gov/congressional-record/volume-165/senate-section/page/S3268</url>
            <name>S3268</name>
          </link>
        </links>
        <sourceSystem>
          <code>0</code>
          <name>Senate</name>
        </sourceSystem>
        <text>Submitted in the Senate, considered, and agreed to without amendment and with a preamble by Voice Vote. (consideration: CR S3268; text: CR S3264-3265)</text>
        <type>Floor</type>
      </item>
      <item>
        <text>Passed/agreed to in Senate: Submitted in the Senate, considered, and agreed to without amendment and with a preamble by Voice Vote.(consideration: CR S3268; text: CR S3264-3265)</text>
        <committee />
        <links>
          <link>
            <url>https://www.congress.gov/congressional-record/volume-165/senate-section/page/S3264-3265</url>
            <name>S3264-3265</name>
          </link>
          <link>
            <url>https://www.congress.gov/congressional-record/volume-165/senate-section/page/S3268</url>
            <name>S3268</name>
          </link>
        </links>
        <type>Floor</type>
        <actionCode>17000</actionCode>
        <actionDate>2019-06-05</actionDate>
        <sourceSystem>
          <code>9</code>
          <name>Library of Congress</name>
        </sourceSystem>
      </item>
      <item>
        <text>Introduced in Senate</text>
        <committee />
        <links />
        <type>IntroReferral</type>
        <actionCode>10000</actionCode>
        <actionDate>2019-06-05</actionDate>
        <sourceSystem>
          <code>9</code>
          <name>Library of Congress</name>
        </sourceSystem>
      </item>
      <actionByCounts>
        <senate>3</senate>
      </actionByCounts>
    </actions>
    <sponsors>
      <item>
        <fullName>Sen. Grassley, Chuck [R-IA]</fullName>
        <firstName>CHARLES</firstName>
        <identifiers>
          <bioguideId>G000386</bioguideId>
          <lisID>457</lisID>
          <gpoId>8316</gpoId>
        </identifiers>
        <bioguideId>G000386</bioguideId>
        <middleName>ERNEST</middleName>
        <lastName>GRASSLEY</lastName>
        <party>R</party>
        <byRequestType />
        <state>IA</state>
      </item>
    </sponsors>
    <billType>SRES</billType>
    <createDate>2019-06-06T04:57:11Z</createDate>
    <cosponsors>
      <item>
        <sponsorshipWithdrawnDate />
        <fullName>Sen. Leahy, Patrick J. [D-VT]</fullName>
        <lastName>LEAHY</lastName>
        <bioguideId>L000174</bioguideId>
        <state>VT</state>
        <sponsorshipDate>2019-06-05</sponsorshipDate>
        <firstName>PATRICK</firstName>
        <identifiers>
          <lisID>1383</lisID>
          <gpoId>8244</gpoId>
          <bioguideId>L000174</bioguideId>
        </identifiers>
        <middleName>JOSEPH</middleName>
        <isOriginalCosponsor>True</isOriginalCosponsor>
        <party>D</party>
      </item>
      <item>
        <sponsorshipWithdrawnDate />
        <fullName>Sen. Feinstein, Dianne [D-CA]</fullName>
        <lastName>FEINSTEIN</lastName>
        <bioguideId>F000062</bioguideId>
        <state>CA</state>
        <sponsorshipDate>2019-06-05</sponsorshipDate>
        <firstName>DIANNE</firstName>
        <identifiers>
          <lisID>1332</lisID>
          <bioguideId>F000062</bioguideId>
          <gpoId>8338</gpoId>
        </identifiers>
        <middleName />
        <isOriginalCosponsor>True</isOriginalCosponsor>
        <party>D</party>
      </item>
      <item>
        <sponsorshipWithdrawnDate />
        <fullName>Sen. Crapo, Mike [R-ID]</fullName>
        <lastName>CRAPO</lastName>
        <bioguideId>C000880</bioguideId>
        <state>ID</state>
        <sponsorshipDate>2019-06-05</sponsorshipDate>
        <firstName>MICHAEL</firstName>
        <identifiers>
          <bioguideId>C000880</bioguideId>
          <lisID>250</lisID>
          <gpoId>8289</gpoId>
        </identifiers>
        <middleName>D.</middleName>
        <isOriginalCosponsor>True</isOriginalCosponsor>
        <party>R</party>
      </item>
    </cosponsors>
    <subjects>
      <billSubjects>
        <legislativeSubjects>
          <item>
            <name>Commemorative events and holidays</name>
          </item>
          <item>
            <name>Crime victims</name>
          </item>
        </legislativeSubjects>
        <policyArea>
          <name>Crime and Law Enforcement</name>
        </policyArea>
      </billSubjects>
    </subjects>
    <congress>116</congress>
    <policyArea>
      <name>Crime and Law Enforcement</name>
    </policyArea>
    <summaries>
      <billSummaries>
        <item>
          <updateDate>2019-06-05T04:00:00Z</updateDate>
          <name>Introduced in Senate</name>
          <versionCode>00</versionCode>
          <text><![CDATA[<p>This resolution expresses support for the mission and goals of National Crime Victims' Rights Week. </p> <p>It also recognizes that crime victims, survivors, and their families should be treated with dignity, fairness, and respect. </p>]]></text>
          <actionDesc>Introduced in Senate</actionDesc>
          <actionDate>2019-06-05</actionDate>
          <lastSummaryUpdateDate>2019-07-24T20:24:01Z</lastSummaryUpdateDate>
        </item>
        <item>
          <updateDate>2019-06-05T11:56:03Z</updateDate>
          <name>Passed Senate</name>
          <versionCode>55</versionCode>
          <text><![CDATA[<p>This resolution expresses support for the mission and goals of National Crime Victims' Rights Week. </p> <p>It also recognizes that crime victims, survivors, and their families should be treated with dignity, fairness, and respect. </p>]]></text>
          <actionDesc>Passed Senate</actionDesc>
          <actionDate>2019-06-05</actionDate>
          <lastSummaryUpdateDate>2019-09-27T16:11:49Z</lastSummaryUpdateDate>
        </item>
      </billSummaries>
    </summaries>
    <billNumber>237</billNumber>
    <calendarNumbers />
    <version>1.0.0</version>
    <committeeReports />
    <latestAction>
      <text>Submitted in the Senate, considered, and agreed to without amendment and with a preamble by Voice Vote. (consideration: CR S3268; text: CR S3264-3265)</text>
      <links />
      <actionDate>2019-06-05</actionDate>
    </latestAction>
  </bill>
  <dublinCore xmlns:dc="http://purl.org/dc/elements/1.1/">
    <dc:format>text/xml</dc:format>
    <dc:language>EN</dc:language>
    <dc:rights>Pursuant to Title 17 Section 105 of the United States Code, this file is not subject to copyright protection and is in the public domain.</dc:rights>
    <dc:contributor>Congressional Research Service, Library of Congress</dc:contributor>
    <dc:description>This file contains bill summaries and statuses for federal legislation. A bill summary describes the most significant provisions of a piece of legislation and details the effects the legislative text may have on current law and federal programs. Bill summaries are authored by the Congressional Research Service (CRS) of the Library of Congress. As stated in Public Law 91-510 (2 USC 166 (d)(6)), one of the duties of CRS is "to prepare summaries and digests of bills and resolutions of a public general nature introduced in the Senate or House of Representatives". For more information, refer to the User Guide that accompanies this file.</dc:description>
  </dublinCore>
</billStatus>

