<?xml version="1.0" encoding="UTF-8"?>
<billStatus>
  <bill>
    <committeeReports />
    <latestAction>
      <actionDate>2019-01-31</actionDate>
      <text>Submitted in the Senate, considered, and agreed to without amendment and with a preamble by Unanimous Consent. (consideration: CR S815; text: CR S812)</text>
      <links />
    </latestAction>
    <committees>
      <billCommittees />
    </committees>
    <introducedDate>2019-01-31</introducedDate>
    <notes />
    <congress>116</congress>
    <summaries>
      <billSummaries>
        <item>
          <actionDate>2019-01-31</actionDate>
          <lastSummaryUpdateDate>2019-07-19T20:47:07Z</lastSummaryUpdateDate>
          <actionDesc>Introduced in Senate</actionDesc>
          <updateDate>2019-01-31T05:00:00Z</updateDate>
          <versionCode>00</versionCode>
          <text><![CDATA[<p>This resolution commemorates the 100th anniversary of the American Farm Bureau Federation and recognizes its efforts to promote and advocate for U.S. farm and ranch interests.</p>]]></text>
          <name>Introduced in Senate</name>
        </item>
        <item>
          <actionDate>2019-01-31</actionDate>
          <lastSummaryUpdateDate>2019-07-19T20:47:13Z</lastSummaryUpdateDate>
          <actionDesc>Passed Senate</actionDesc>
          <updateDate>2019-01-31T14:41:54Z</updateDate>
          <versionCode>55</versionCode>
          <text><![CDATA[<p>This resolution commemorates the 100th anniversary of the American Farm Bureau Federation and recognizes its efforts to promote and advocate for U.S. farm and ranch interests.</p>]]></text>
          <name>Passed Senate</name>
        </item>
      </billSummaries>
    </summaries>
    <actions>
      <item>
        <actionDate>2019-01-31</actionDate>
        <committee />
        <links>
          <link>
            <name>S812</name>
            <url>https://www.congress.gov/congressional-record/volume-165/senate-section/page/S812</url>
          </link>
          <link>
            <name>S815</name>
            <url>https://www.congress.gov/congressional-record/volume-165/senate-section/page/S815</url>
          </link>
        </links>
        <sourceSystem>
          <code>0</code>
          <name>Senate</name>
        </sourceSystem>
        <text>Submitted in the Senate, considered, and agreed to without amendment and with a preamble by Unanimous Consent. (consideration: CR S815; text: CR S812)</text>
        <type>Floor</type>
      </item>
      <item>
        <text>Passed/agreed to in Senate: Submitted in the Senate, considered, and agreed to without amendment and with a preamble by Unanimous Consent.(consideration: CR S815; text: CR S812)</text>
        <links>
          <link>
            <name>S812</name>
            <url>https://www.congress.gov/congressional-record/volume-165/senate-section/page/S812</url>
          </link>
          <link>
            <name>S815</name>
            <url>https://www.congress.gov/congressional-record/volume-165/senate-section/page/S815</url>
          </link>
        </links>
        <type>Floor</type>
        <actionCode>17000</actionCode>
        <actionDate>2019-01-31</actionDate>
        <sourceSystem>
          <code>9</code>
          <name>Library of Congress</name>
        </sourceSystem>
        <committee />
      </item>
      <item>
        <text>Introduced in Senate</text>
        <links />
        <type>IntroReferral</type>
        <actionCode>10000</actionCode>
        <actionDate>2019-01-31</actionDate>
        <sourceSystem>
          <code>9</code>
          <name>Library of Congress</name>
        </sourceSystem>
        <committee />
      </item>
      <actionTypeCounts>
        <passedAgreedToInSenate>1</passedAgreedToInSenate>
        <introducedInSenate>1</introducedInSenate>
        <passedOrAgreedToInSenateDayOf>1</passedOrAgreedToInSenateDayOf>
      </actionTypeCounts>
      <actionByCounts>
        <senate>3</senate>
      </actionByCounts>
    </actions>
    <cosponsors>
      <item>
        <state>IL</state>
        <party>D</party>
        <middleName>J.</middleName>
        <fullName>Sen. Durbin, Richard J. [D-IL]</fullName>
        <isOriginalCosponsor>True</isOriginalCosponsor>
        <lastName>DURBIN</lastName>
        <identifiers>
          <gpoId>8326</gpoId>
          <lisID>326</lisID>
          <bioguideId>D000563</bioguideId>
        </identifiers>
        <bioguideId>D000563</bioguideId>
        <firstName>RICHARD</firstName>
        <sponsorshipDate>2019-01-31</sponsorshipDate>
        <sponsorshipWithdrawnDate />
      </item>
      <item>
        <state>TN</state>
        <party>R</party>
        <middleName />
        <fullName>Sen. Alexander, Lamar [R-TN]</fullName>
        <isOriginalCosponsor>True</isOriginalCosponsor>
        <lastName>Alexander</lastName>
        <identifiers>
          <bioguideId>A000360</bioguideId>
          <gpoId>8304</gpoId>
          <lisID>1695</lisID>
        </identifiers>
        <bioguideId>A000360</bioguideId>
        <firstName>Lamar</firstName>
        <sponsorshipDate>2019-01-31</sponsorshipDate>
        <sponsorshipWithdrawnDate />
      </item>
      <item>
        <state>WI</state>
        <party>D</party>
        <middleName />
        <fullName>Sen. Baldwin, Tammy [D-WI]</fullName>
        <isOriginalCosponsor>True</isOriginalCosponsor>
        <lastName>Baldwin</lastName>
        <identifiers>
          <lisID>1558</lisID>
          <gpoId>8215</gpoId>
          <bioguideId>B001230</bioguideId>
        </identifiers>
        <bioguideId>B001230</bioguideId>
        <firstName>Tammy</firstName>
        <sponsorshipDate>2019-01-31</sponsorshipDate>
        <sponsorshipWithdrawnDate />
      </item>
      <item>
        <state>WY</state>
        <party>R</party>
        <middleName />
        <fullName>Sen. Barrasso, John [R-WY]</fullName>
        <isOriginalCosponsor>True</isOriginalCosponsor>
        <lastName>Barrasso</lastName>
        <identifiers>
          <lisID>1881</lisID>
          <bioguideId>B001261</bioguideId>
          <gpoId>8300</gpoId>
        </identifiers>
        <bioguideId>B001261</bioguideId>
        <firstName>John</firstName>
        <sponsorshipDate>2019-01-31</sponsorshipDate>
        <sponsorshipWithdrawnDate />
      </item>
      <item>
        <state>CO</state>
        <party>D</party>
        <middleName>F.</middleName>
        <fullName>Sen. Bennet, Michael F. [D-CO]</fullName>
        <isOriginalCosponsor>True</isOriginalCosponsor>
        <lastName>Bennet</lastName>
        <identifiers>
          <bioguideId>B001267</bioguideId>
          <gpoId>8302</gpoId>
          <lisID>1965</lisID>
        </identifiers>
        <bioguideId>B001267</bioguideId>
        <firstName>Michael</firstName>
        <sponsorshipDate>2019-01-31</sponsorshipDate>
        <sponsorshipWithdrawnDate />
      </item>
      <item>
        <state>MO</state>
        <party>R</party>
        <middleName />
        <fullName>Sen. Blunt, Roy [R-MO]</fullName>
        <isOriginalCosponsor>True</isOriginalCosponsor>
        <lastName>Blunt</lastName>
        <identifiers>
          <lisID>1464</lisID>
          <gpoId>8313</gpoId>
          <bioguideId>B000575</bioguideId>
        </identifiers>
        <bioguideId>B000575</bioguideId>
        <firstName>Roy</firstName>
        <sponsorshipDate>2019-01-31</sponsorshipDate>
        <sponsorshipWithdrawnDate />
      </item>
      <item>
        <state>AR</state>
        <party>R</party>
        <middleName />
        <fullName>Sen. Boozman, John [R-AR]</fullName>
        <isOriginalCosponsor>True</isOriginalCosponsor>
        <lastName>Boozman</lastName>
        <identifiers>
          <lisID>1687</lisID>
          <gpoId>8247</gpoId>
          <bioguideId>B001236</bioguideId>
        </identifiers>
        <bioguideId>B001236</bioguideId>
        <firstName>John</firstName>
        <sponsorshipDate>2019-01-31</sponsorshipDate>
        <sponsorshipWithdrawnDate />
      </item>
      <item>
        <state>WV</state>
        <party>R</party>
        <middleName>MOORE</middleName>
        <fullName>Sen. Capito, Shelley Moore [R-WV]</fullName>
        <isOriginalCosponsor>True</isOriginalCosponsor>
        <lastName>CAPITO</lastName>
        <identifiers>
          <gpoId>8223</gpoId>
          <lisID>1676</lisID>
          <bioguideId>C001047</bioguideId>
        </identifiers>
        <bioguideId>C001047</bioguideId>
        <firstName>SHELLEY</firstName>
        <sponsorshipDate>2019-01-31</sponsorshipDate>
        <sponsorshipWithdrawnDate />
      </item>
      <item>
        <state>DE</state>
        <party>D</party>
        <middleName>R.</middleName>
        <fullName>Sen. Carper, Thomas R. [D-DE]</fullName>
        <isOriginalCosponsor>True</isOriginalCosponsor>
        <lastName>CARPER</lastName>
        <identifiers>
          <lisID>179</lisID>
          <gpoId>8283</gpoId>
          <bioguideId>C000174</bioguideId>
        </identifiers>
        <bioguideId>C000174</bioguideId>
        <firstName>THOMAS</firstName>
        <sponsorshipDate>2019-01-31</sponsorshipDate>
        <sponsorshipWithdrawnDate />
      </item>
      <item>
        <state>LA</state>
        <party>R</party>
        <middleName />
        <fullName>Sen. Cassidy, Bill [R-LA]</fullName>
        <isOriginalCosponsor>True</isOriginalCosponsor>
        <lastName>Cassidy</lastName>
        <identifiers>
          <bioguideId>C001075</bioguideId>
          <gpoId>7964</gpoId>
          <lisID>1925</lisID>
        </identifiers>
        <bioguideId>C001075</bioguideId>
        <firstName>Bill</firstName>
        <sponsorshipDate>2019-01-31</sponsorshipDate>
        <sponsorshipWithdrawnDate />
      </item>
      <item>
        <state>ME</state>
        <party>R</party>
        <middleName>MARGARET</middleName>
        <fullName>Sen. Collins, Susan M. [R-ME]</fullName>
        <isOriginalCosponsor>True</isOriginalCosponsor>
        <lastName>COLLINS</lastName>
        <identifiers>
          <gpoId>8291</gpoId>
          <lisID>1541</lisID>
          <bioguideId>C001035</bioguideId>
        </identifiers>
        <bioguideId>C001035</bioguideId>
        <firstName>SUSAN</firstName>
        <sponsorshipDate>2019-01-31</sponsorshipDate>
        <sponsorshipWithdrawnDate />
      </item>
      <item>
        <state>DE</state>
        <party>D</party>
        <middleName>A.</middleName>
        <fullName>Sen. Coons, Christopher A. [D-DE]</fullName>
        <isOriginalCosponsor>True</isOriginalCosponsor>
        <lastName>Coons</lastName>
        <identifiers>
          <lisID>1984</lisID>
          <bioguideId>C001088</bioguideId>
          <gpoId>8297</gpoId>
        </identifiers>
        <bioguideId>C001088</bioguideId>
        <firstName>Christopher</firstName>
        <sponsorshipDate>2019-01-31</sponsorshipDate>
        <sponsorshipWithdrawnDate />
      </item>
      <item>
        <state>TX</state>
        <party>R</party>
        <middleName />
        <fullName>Sen. Cornyn, John [R-TX]</fullName>
        <isOriginalCosponsor>True</isOriginalCosponsor>
        <lastName>Cornyn</lastName>
        <identifiers>
          <lisID>1692</lisID>
          <gpoId>8295</gpoId>
          <bioguideId>C001056</bioguideId>
        </identifiers>
        <bioguideId>C001056</bioguideId>
        <firstName>John</firstName>
        <sponsorshipDate>2019-01-31</sponsorshipDate>
        <sponsorshipWithdrawnDate />
      </item>
      <item>
        <state>AR</state>
        <party>R</party>
        <middleName />
        <fullName>Sen. Cotton, Tom [R-AR]</fullName>
        <isOriginalCosponsor>True</isOriginalCosponsor>
        <lastName>Cotton</lastName>
        <identifiers>
          <bioguideId>C001095</bioguideId>
          <gpoId />
          <lisID>2098</lisID>
        </identifiers>
        <bioguideId>C001095</bioguideId>
        <firstName>Tom</firstName>
        <sponsorshipDate>2019-01-31</sponsorshipDate>
        <sponsorshipWithdrawnDate />
      </item>
      <item>
        <state>TX</state>
        <party>R</party>
        <middleName />
        <fullName>Sen. Cruz, Ted [R-TX]</fullName>
        <isOriginalCosponsor>True</isOriginalCosponsor>
        <lastName>Cruz</lastName>
        <identifiers>
          <gpoId />
          <lisID>2175</lisID>
          <bioguideId>C001098</bioguideId>
        </identifiers>
        <bioguideId>C001098</bioguideId>
        <firstName>Ted</firstName>
        <sponsorshipDate>2019-01-31</sponsorshipDate>
        <sponsorshipWithdrawnDate />
      </item>
      <item>
        <state>MT</state>
        <party>R</party>
        <middleName />
        <fullName>Sen. Daines, Steve [R-MT]</fullName>
        <isOriginalCosponsor>True</isOriginalCosponsor>
        <lastName>Daines</lastName>
        <identifiers>
          <bioguideId>D000618</bioguideId>
          <gpoId />
          <lisID>2138</lisID>
        </identifiers>
        <bioguideId>D000618</bioguideId>
        <firstName>Steve</firstName>
        <sponsorshipDate>2019-01-31</sponsorshipDate>
        <sponsorshipWithdrawnDate />
      </item>
      <item>
        <state>IL</state>
        <party>D</party>
        <middleName />
        <fullName>Sen. Duckworth, Tammy [D-IL]</fullName>
        <isOriginalCosponsor>True</isOriginalCosponsor>
        <lastName>Duckworth</lastName>
        <identifiers>
          <bioguideId>D000622</bioguideId>
          <gpoId />
          <lisID>2123</lisID>
        </identifiers>
        <bioguideId>D000622</bioguideId>
        <firstName>Tammy</firstName>
        <sponsorshipDate>2019-01-31</sponsorshipDate>
        <sponsorshipWithdrawnDate />
      </item>
      <item>
        <state>WY</state>
        <party>R</party>
        <middleName>B.</middleName>
        <fullName>Sen. Enzi, Michael B. [R-WY]</fullName>
        <isOriginalCosponsor>True</isOriginalCosponsor>
        <lastName>ENZI</lastName>
        <identifiers>
          <gpoId>8328</gpoId>
          <lisID>1542</lisID>
          <bioguideId>E000285</bioguideId>
        </identifiers>
        <bioguideId>E000285</bioguideId>
        <firstName>MICHAEL</firstName>
        <sponsorshipDate>2019-01-31</sponsorshipDate>
        <sponsorshipWithdrawnDate />
      </item>
      <item>
        <state>IA</state>
        <party>R</party>
        <middleName />
        <fullName>Sen. Ernst, Joni  [R-IA]</fullName>
        <isOriginalCosponsor>True</isOriginalCosponsor>
        <lastName>Ernst</lastName>
        <identifiers>
          <bioguideId>E000295</bioguideId>
          <gpoId />
          <lisID>2283</lisID>
        </identifiers>
        <bioguideId>E000295</bioguideId>
        <firstName>Joni</firstName>
        <sponsorshipDate>2019-01-31</sponsorshipDate>
        <sponsorshipWithdrawnDate />
      </item>
      <item>
        <state>NE</state>
        <party>R</party>
        <middleName />
        <fullName>Sen. Fischer, Deb [R-NE]</fullName>
        <isOriginalCosponsor>True</isOriginalCosponsor>
        <lastName>Fischer</lastName>
        <identifiers>
          <gpoId />
          <lisID>2179</lisID>
          <bioguideId>F000463</bioguideId>
        </identifiers>
        <bioguideId>F000463</bioguideId>
        <firstName>Deb</firstName>
        <sponsorshipDate>2019-01-31</sponsorshipDate>
        <sponsorshipWithdrawnDate />
      </item>
      <item>
        <state>CO</state>
        <party>R</party>
        <middleName />
        <fullName>Sen. Gardner, Cory [R-CO]</fullName>
        <isOriginalCosponsor>True</isOriginalCosponsor>
        <lastName>Gardner</lastName>
        <identifiers>
          <lisID>1998</lisID>
          <gpoId>7862</gpoId>
          <bioguideId>G000562</bioguideId>
        </identifiers>
        <bioguideId>G000562</bioguideId>
        <firstName>Cory</firstName>
        <sponsorshipDate>2019-01-31</sponsorshipDate>
        <sponsorshipWithdrawnDate />
      </item>
      <item>
        <state>SC</state>
        <party>R</party>
        <middleName>O.</middleName>
        <fullName>Sen. Graham, Lindsey [R-SC]</fullName>
        <isOriginalCosponsor>True</isOriginalCosponsor>
        <lastName>GRAHAM</lastName>
        <identifiers>
          <lisID>452</lisID>
          <bioguideId>G000359</bioguideId>
          <gpoId>8335</gpoId>
        </identifiers>
        <bioguideId>G000359</bioguideId>
        <firstName>LINDSEY</firstName>
        <sponsorshipDate>2019-01-31</sponsorshipDate>
        <sponsorshipWithdrawnDate />
      </item>
      <item>
        <state>ND</state>
        <party>R</party>
        <middleName />
        <fullName>Sen. Hoeven, John [R-ND]</fullName>
        <isOriginalCosponsor>True</isOriginalCosponsor>
        <lastName>Hoeven</lastName>
        <identifiers>
          <lisID>2079</lisID>
          <bioguideId>H001061</bioguideId>
          <gpoId>8331</gpoId>
        </identifiers>
        <bioguideId>H001061</bioguideId>
        <firstName>John</firstName>
        <sponsorshipDate>2019-01-31</sponsorshipDate>
        <sponsorshipWithdrawnDate />
      </item>
      <item>
        <state>MS</state>
        <party>R</party>
        <middleName />
        <fullName>Sen. Hyde-Smith, Cindy [R-MS]</fullName>
        <isOriginalCosponsor>True</isOriginalCosponsor>
        <lastName>Hyde-Smith</lastName>
        <identifiers>
          <bioguideId>H001079</bioguideId>
          <gpoId />
          <lisID>2366</lisID>
        </identifiers>
        <bioguideId>H001079</bioguideId>
        <firstName>Cindy</firstName>
        <sponsorshipDate>2019-01-31</sponsorshipDate>
        <sponsorshipWithdrawnDate />
      </item>
      <item>
        <state>OK</state>
        <party>R</party>
        <middleName />
        <fullName>Sen. Inhofe, James M. [R-OK]</fullName>
        <isOriginalCosponsor>True</isOriginalCosponsor>
        <lastName>INHOFE</lastName>
        <identifiers>
          <lisID>583</lisID>
          <bioguideId>I000024</bioguideId>
          <gpoId>8322</gpoId>
        </identifiers>
        <bioguideId>I000024</bioguideId>
        <firstName>JIM</firstName>
        <sponsorshipDate>2019-01-31</sponsorshipDate>
        <sponsorshipWithdrawnDate />
      </item>
      <item>
        <state>GA</state>
        <party>R</party>
        <middleName />
        <fullName>Sen. Isakson, Johnny [R-GA]</fullName>
        <isOriginalCosponsor>True</isOriginalCosponsor>
        <lastName>Isakson</lastName>
        <identifiers>
          <gpoId>8323</gpoId>
          <lisID>1608</lisID>
          <bioguideId>I000055</bioguideId>
        </identifiers>
        <bioguideId>I000055</bioguideId>
        <firstName>Johnny</firstName>
        <sponsorshipDate>2019-01-31</sponsorshipDate>
        <sponsorshipWithdrawnDate />
      </item>
      <item>
        <state>WI</state>
        <party>R</party>
        <middleName />
        <fullName>Sen. Johnson, Ron [R-WI]</fullName>
        <isOriginalCosponsor>True</isOriginalCosponsor>
        <lastName>Johnson</lastName>
        <identifiers>
          <gpoId>8355</gpoId>
          <lisID>2086</lisID>
          <bioguideId>J000293</bioguideId>
        </identifiers>
        <bioguideId>J000293</bioguideId>
        <firstName>Ron</firstName>
        <sponsorshipDate>2019-01-31</sponsorshipDate>
        <sponsorshipWithdrawnDate />
      </item>
      <item>
        <state>AL</state>
        <party>D</party>
        <middleName />
        <fullName>Sen. Jones, Doug  [D-AL]</fullName>
        <isOriginalCosponsor>True</isOriginalCosponsor>
        <lastName>Jones</lastName>
        <identifiers>
          <gpoId />
          <lisID>2364</lisID>
          <bioguideId>J000300</bioguideId>
        </identifiers>
        <bioguideId>J000300</bioguideId>
        <firstName>Doug</firstName>
        <sponsorshipDate>2019-01-31</sponsorshipDate>
        <sponsorshipWithdrawnDate />
      </item>
      <item>
        <state>LA</state>
        <party>R</party>
        <middleName>Neely</middleName>
        <fullName>Sen. Kennedy, John [R-LA]</fullName>
        <isOriginalCosponsor>True</isOriginalCosponsor>
        <lastName>Kennedy</lastName>
        <identifiers>
          <bioguideId>K000393</bioguideId>
          <gpoId />
          <lisID>2303</lisID>
        </identifiers>
        <bioguideId>K000393</bioguideId>
        <firstName>John</firstName>
        <sponsorshipDate>2019-01-31</sponsorshipDate>
        <sponsorshipWithdrawnDate />
      </item>
      <item>
        <state>ME</state>
        <party>I</party>
        <middleName />
        <fullName>Sen. King, Angus S., Jr. [I-ME]</fullName>
        <isOriginalCosponsor>True</isOriginalCosponsor>
        <lastName>King</lastName>
        <identifiers>
          <lisID>2185</lisID>
          <gpoId />
          <bioguideId>K000383</bioguideId>
        </identifiers>
        <bioguideId>K000383</bioguideId>
        <firstName>Angus</firstName>
        <sponsorshipDate>2019-01-31</sponsorshipDate>
        <sponsorshipWithdrawnDate />
      </item>
      <item>
        <state>MN</state>
        <party>D</party>
        <middleName />
        <fullName>Sen. Klobuchar, Amy [D-MN]</fullName>
        <isOriginalCosponsor>True</isOriginalCosponsor>
        <lastName>Klobuchar</lastName>
        <identifiers>
          <bioguideId>K000367</bioguideId>
          <gpoId>8249</gpoId>
          <lisID>1826</lisID>
        </identifiers>
        <bioguideId>K000367</bioguideId>
        <firstName>Amy</firstName>
        <sponsorshipDate>2019-01-31</sponsorshipDate>
        <sponsorshipWithdrawnDate />
      </item>
      <item>
        <state>OK</state>
        <party>R</party>
        <middleName />
        <fullName>Sen. Lankford, James [R-OK]</fullName>
        <isOriginalCosponsor>True</isOriginalCosponsor>
        <lastName>Lankford</lastName>
        <identifiers>
          <lisID>2050</lisID>
          <bioguideId>L000575</bioguideId>
          <gpoId>8113</gpoId>
        </identifiers>
        <bioguideId>L000575</bioguideId>
        <firstName>James</firstName>
        <sponsorshipDate>2019-01-31</sponsorshipDate>
        <sponsorshipWithdrawnDate />
      </item>
      <item>
        <state>OR</state>
        <party>D</party>
        <middleName />
        <fullName>Sen. Merkley, Jeff [D-OR]</fullName>
        <isOriginalCosponsor>True</isOriginalCosponsor>
        <lastName>Merkley</lastName>
        <identifiers>
          <lisID>1900</lisID>
          <gpoId>8238</gpoId>
          <bioguideId>M001176</bioguideId>
        </identifiers>
        <bioguideId>M001176</bioguideId>
        <firstName>Jeff</firstName>
        <sponsorshipDate>2019-01-31</sponsorshipDate>
        <sponsorshipWithdrawnDate />
      </item>
      <item>
        <state>WA</state>
        <party>D</party>
        <middleName />
        <fullName>Sen. Murray, Patty [D-WA]</fullName>
        <isOriginalCosponsor>True</isOriginalCosponsor>
        <lastName>MURRAY</lastName>
        <identifiers>
          <lisID>1409</lisID>
          <gpoId>8237</gpoId>
          <bioguideId>M001111</bioguideId>
        </identifiers>
        <bioguideId>M001111</bioguideId>
        <firstName>PATTY</firstName>
        <sponsorshipDate>2019-01-31</sponsorshipDate>
        <sponsorshipWithdrawnDate />
      </item>
      <item>
        <state>KY</state>
        <party>R</party>
        <middleName />
        <fullName>Sen. Paul, Rand [R-KY]</fullName>
        <isOriginalCosponsor>True</isOriginalCosponsor>
        <lastName>Paul</lastName>
        <identifiers>
          <lisID>2082</lisID>
          <gpoId>8308</gpoId>
          <bioguideId>P000603</bioguideId>
        </identifiers>
        <bioguideId>P000603</bioguideId>
        <firstName>Rand</firstName>
        <sponsorshipDate>2019-01-31</sponsorshipDate>
        <sponsorshipWithdrawnDate />
      </item>
      <item>
        <state>GA</state>
        <party>R</party>
        <middleName>Alfred</middleName>
        <fullName>Sen. Perdue, David [R-GA]</fullName>
        <isOriginalCosponsor>True</isOriginalCosponsor>
        <lastName>Perdue</lastName>
        <identifiers>
          <bioguideId>P000612</bioguideId>
          <gpoId />
          <lisID>2286</lisID>
        </identifiers>
        <bioguideId>P000612</bioguideId>
        <firstName>David</firstName>
        <sponsorshipDate>2019-01-31</sponsorshipDate>
        <sponsorshipWithdrawnDate />
      </item>
      <item>
        <state>OH</state>
        <party>R</party>
        <middleName />
        <fullName>Sen. Portman, Rob [R-OH]</fullName>
        <isOriginalCosponsor>True</isOriginalCosponsor>
        <lastName>PORTMAN</lastName>
        <identifiers>
          <lisID>924</lisID>
          <gpoId>8266</gpoId>
          <bioguideId>P000449</bioguideId>
        </identifiers>
        <bioguideId>P000449</bioguideId>
        <firstName>ROB</firstName>
        <sponsorshipDate>2019-01-31</sponsorshipDate>
        <sponsorshipWithdrawnDate />
      </item>
      <item>
        <state>ID</state>
        <party>R</party>
        <middleName>E.</middleName>
        <fullName>Sen. Risch, James E. [R-ID]</fullName>
        <isOriginalCosponsor>True</isOriginalCosponsor>
        <lastName>Risch</lastName>
        <identifiers>
          <lisID>1896</lisID>
          <bioguideId>R000584</bioguideId>
          <gpoId>8274</gpoId>
        </identifiers>
        <bioguideId>R000584</bioguideId>
        <firstName>James</firstName>
        <sponsorshipDate>2019-01-31</sponsorshipDate>
        <sponsorshipWithdrawnDate />
      </item>
      <item>
        <state>KS</state>
        <party>R</party>
        <middleName />
        <fullName>Sen. Roberts, Pat [R-KS]</fullName>
        <isOriginalCosponsor>True</isOriginalCosponsor>
        <lastName>ROBERTS</lastName>
        <identifiers>
          <bioguideId>R000307</bioguideId>
          <gpoId>8275</gpoId>
          <lisID>968</lisID>
        </identifiers>
        <bioguideId>R000307</bioguideId>
        <firstName>PAT</firstName>
        <sponsorshipDate>2019-01-31</sponsorshipDate>
        <sponsorshipWithdrawnDate />
      </item>
      <item>
        <state>NY</state>
        <party>D</party>
        <middleName>E.</middleName>
        <fullName>Sen. Schumer, Charles E. [D-NY]</fullName>
        <isOriginalCosponsor>True</isOriginalCosponsor>
        <lastName>SCHUMER</lastName>
        <identifiers>
          <gpoId>8279</gpoId>
          <lisID>1036</lisID>
          <bioguideId>S000148</bioguideId>
        </identifiers>
        <bioguideId>S000148</bioguideId>
        <firstName>CHARLES</firstName>
        <sponsorshipDate>2019-01-31</sponsorshipDate>
        <sponsorshipWithdrawnDate />
      </item>
      <item>
        <state>MN</state>
        <party>D</party>
        <middleName />
        <fullName>Sen. Smith, Tina  [D-MN]</fullName>
        <isOriginalCosponsor>True</isOriginalCosponsor>
        <lastName>Smith</lastName>
        <identifiers>
          <bioguideId>S001203</bioguideId>
          <gpoId />
          <lisID>2365</lisID>
        </identifiers>
        <bioguideId>S001203</bioguideId>
        <firstName>Tina</firstName>
        <sponsorshipDate>2019-01-31</sponsorshipDate>
        <sponsorshipWithdrawnDate />
      </item>
      <item>
        <state>SC</state>
        <party>R</party>
        <middleName />
        <fullName>Sen. Scott, Tim [R-SC]</fullName>
        <isOriginalCosponsor>True</isOriginalCosponsor>
        <lastName>Scott</lastName>
        <identifiers>
          <gpoId>8141</gpoId>
          <lisID>2056</lisID>
          <bioguideId>S001184</bioguideId>
        </identifiers>
        <bioguideId>S001184</bioguideId>
        <firstName>Tim</firstName>
        <sponsorshipDate>2019-01-31</sponsorshipDate>
        <sponsorshipWithdrawnDate />
      </item>
      <item>
        <state>SD</state>
        <party>R</party>
        <middleName>R.</middleName>
        <fullName>Sen. Thune, John [R-SD]</fullName>
        <isOriginalCosponsor>True</isOriginalCosponsor>
        <lastName>THUNE</lastName>
        <identifiers>
          <lisID>1534</lisID>
          <gpoId>8257</gpoId>
          <bioguideId>T000250</bioguideId>
        </identifiers>
        <bioguideId>T000250</bioguideId>
        <firstName>JOHN</firstName>
        <sponsorshipDate>2019-01-31</sponsorshipDate>
        <sponsorshipWithdrawnDate />
      </item>
      <item>
        <state>NC</state>
        <party>R</party>
        <middleName>Roland</middleName>
        <fullName>Sen. Tillis, Thom [R-NC]</fullName>
        <isOriginalCosponsor>True</isOriginalCosponsor>
        <lastName>Tillis</lastName>
        <identifiers>
          <lisID>2291</lisID>
          <bioguideId>T000476</bioguideId>
          <gpoId />
        </identifiers>
        <bioguideId>T000476</bioguideId>
        <firstName>Thomas</firstName>
        <sponsorshipDate>2019-01-31</sponsorshipDate>
        <sponsorshipWithdrawnDate />
      </item>
      <item>
        <state>MD</state>
        <party>D</party>
        <middleName />
        <fullName>Sen. Van Hollen, Chris [D-MD]</fullName>
        <isOriginalCosponsor>True</isOriginalCosponsor>
        <lastName>Van Hollen</lastName>
        <identifiers>
          <gpoId>7983</gpoId>
          <lisID>1729</lisID>
          <bioguideId>V000128</bioguideId>
        </identifiers>
        <bioguideId>V000128</bioguideId>
        <firstName>Chris</firstName>
        <sponsorshipDate>2019-01-31</sponsorshipDate>
        <sponsorshipWithdrawnDate />
      </item>
      <item>
        <state>VA</state>
        <party>D</party>
        <middleName>R.</middleName>
        <fullName>Sen. Warner, Mark R. [D-VA]</fullName>
        <isOriginalCosponsor>True</isOriginalCosponsor>
        <lastName>Warner</lastName>
        <identifiers>
          <bioguideId>W000805</bioguideId>
          <gpoId>8269</gpoId>
          <lisID>1897</lisID>
        </identifiers>
        <bioguideId>W000805</bioguideId>
        <firstName>Mark</firstName>
        <sponsorshipDate>2019-01-31</sponsorshipDate>
        <sponsorshipWithdrawnDate />
      </item>
      <item>
        <state>MS</state>
        <party>R</party>
        <middleName>F.</middleName>
        <fullName>Sen. Wicker, Roger F. [R-MS]</fullName>
        <isOriginalCosponsor>True</isOriginalCosponsor>
        <lastName>WICKER</lastName>
        <identifiers>
          <gpoId>8263</gpoId>
          <lisID>1226</lisID>
          <bioguideId>W000437</bioguideId>
        </identifiers>
        <bioguideId>W000437</bioguideId>
        <firstName>ROGER</firstName>
        <sponsorshipDate>2019-01-31</sponsorshipDate>
        <sponsorshipWithdrawnDate />
      </item>
      <item>
        <state>MI</state>
        <party>D</party>
        <middleName>ANN</middleName>
        <fullName>Sen. Stabenow, Debbie [D-MI]</fullName>
        <isOriginalCosponsor>True</isOriginalCosponsor>
        <lastName>STABENOW</lastName>
        <identifiers>
          <lisID>1531</lisID>
          <gpoId>8261</gpoId>
          <bioguideId>S000770</bioguideId>
        </identifiers>
        <bioguideId>S000770</bioguideId>
        <firstName>DEBORAH</firstName>
        <sponsorshipDate>2019-01-31</sponsorshipDate>
        <sponsorshipWithdrawnDate />
      </item>
    </cosponsors>
    <cboCostEstimates />
    <updateDate>2019-08-03T07:56:11Z</updateDate>
    <subjects>
      <billSubjects>
        <legislativeSubjects>
          <item>
            <name>Commemorative events and holidays</name>
          </item>
          <item>
            <name>Congressional tributes</name>
          </item>
          <item>
            <name>General agriculture matters</name>
          </item>
          <item>
            <name>Public participation and lobbying</name>
          </item>
        </legislativeSubjects>
        <policyArea>
          <name>Agriculture and Food</name>
        </policyArea>
      </billSubjects>
    </subjects>
    <textVersions>
      <item>
        <date>2019-01-31T05:00:00Z</date>
        <type>Agreed to Senate</type>
        <formats>
          <item>
            <url>https://www.govinfo.gov/content/pkg/BILLS-116sres39ats/xml/BILLS-116sres39ats.xml</url>
          </item>
        </formats>
      </item>
    </textVersions>
    <title>A resolution recognizing the 100th anniversary of the American Farm Bureau Federation and celebrating the long history of the American Farm Bureau Federation representing the farmers of the United States.</title>
    <recordedVotes />
    <policyArea>
      <name>Agriculture and Food</name>
    </policyArea>
    <calendarNumbers />
    <amendments />
    <sponsors>
      <item>
        <party>R</party>
        <fullName>Sen. Moran, Jerry [R-KS]</fullName>
        <identifiers>
          <gpoId>8307</gpoId>
          <lisID>1507</lisID>
          <bioguideId>M000934</bioguideId>
        </identifiers>
        <bioguideId>M000934</bioguideId>
        <state>KS</state>
        <middleName />
        <lastName>Moran</lastName>
        <byRequestType />
        <firstName>Jerry</firstName>
      </item>
    </sponsors>
    <originChamber>Senate</originChamber>
    <relatedBills />
    <laws />
    <billType>SRES</billType>
    <version>1.0.0</version>
    <createDate>2019-02-01T05:40:15Z</createDate>
    <billNumber>39</billNumber>
    <titles>
      <item>
        <titleType>Official Title as Introduced</titleType>
        <parentTitleType />
        <chamberName />
        <title>A resolution recognizing the 100th anniversary of the American Farm Bureau Federation and celebrating the long history of the American Farm Bureau Federation representing the farmers of the United States.</title>
        <chamberCode />
      </item>
      <item>
        <titleType>Display Title</titleType>
        <parentTitleType />
        <chamberName />
        <title>A resolution recognizing the 100th anniversary of the American Farm Bureau Federation and celebrating the long history of the American Farm Bureau Federation representing the farmers of the United States.</title>
        <chamberCode />
      </item>
    </titles>
  </bill>
  <dublinCore xmlns:dc="http://purl.org/dc/elements/1.1/">
    <dc:format>text/xml</dc:format>
    <dc:language>EN</dc:language>
    <dc:rights>Pursuant to Title 17 Section 105 of the United States Code, this file is not subject to copyright protection and is in the public domain.</dc:rights>
    <dc:contributor>Congressional Research Service, Library of Congress</dc:contributor>
    <dc:description>This file contains bill summaries and statuses for federal legislation. A bill summary describes the most significant provisions of a piece of legislation and details the effects the legislative text may have on current law and federal programs. Bill summaries are authored by the Congressional Research Service (CRS) of the Library of Congress. As stated in Public Law 91-510 (2 USC 166 (d)(6)), one of the duties of CRS is "to prepare summaries and digests of bills and resolutions of a public general nature introduced in the Senate or House of Representatives". For more information, refer to the User Guide that accompanies this file.</dc:description>
  </dublinCore>
</billStatus>

