<?xml version="1.0" encoding="UTF-8"?>
<billStatus>
  <bill>
    <policyArea>
      <name>Transportation and Public Works</name>
    </policyArea>
    <version>1.0.0</version>
    <recordedVotes />
    <amendments />
    <relatedBills>
      <item>
        <latestTitle>Expressing support for the designation of July 12 as Collector Car Appreciation Day and recognizing that the collection and restoration of historic and classic cars is an important part of preserving the technological achievements and cultural heritage of the United States.</latestTitle>
        <relationshipDetails>
          <item>
            <identifiedBy>CRS</identifiedBy>
            <type>Related bill</type>
          </item>
        </relationshipDetails>
        <latestAction>
          <text>Referred to the House Committee on Oversight and Reform.</text>
          <actionDate>2019-02-06</actionDate>
        </latestAction>
        <type>HRES</type>
        <congress>116</congress>
        <number>108</number>
      </item>
    </relatedBills>
    <billNumber>271</billNumber>
    <subjects>
      <billSubjects>
        <policyArea>
          <name>Transportation and Public Works</name>
        </policyArea>
        <legislativeSubjects>
          <item>
            <name>Arts, Culture, Religion</name>
          </item>
          <item>
            <name>Commemorative events and holidays</name>
          </item>
          <item>
            <name>Games and hobbies</name>
          </item>
          <item>
            <name>Historical and cultural resources</name>
          </item>
          <item>
            <name>Motor vehicles</name>
          </item>
          <item>
            <name>Museums, exhibitions, cultural centers</name>
          </item>
        </legislativeSubjects>
      </billSubjects>
    </subjects>
    <textVersions>
      <item>
        <date>2019-06-27T04:00:00Z</date>
        <formats>
          <item>
            <url>https://www.govinfo.gov/content/pkg/BILLS-116sres271ats/xml/BILLS-116sres271ats.xml</url>
          </item>
        </formats>
        <type>Agreed to Senate</type>
      </item>
    </textVersions>
    <summaries>
      <billSummaries>
        <item>
          <actionDesc>Introduced in Senate</actionDesc>
          <lastSummaryUpdateDate>2019-07-24T15:14:06Z</lastSummaryUpdateDate>
          <actionDate>2019-06-27</actionDate>
          <updateDate>2019-06-27T04:00:00Z</updateDate>
          <versionCode>00</versionCode>
          <text><![CDATA[<p>This resolution designates July 12, 2019, as Collector Car Appreciation Day. </p> <p>The resolution also recognizes that the collection and restoration of historic and classic cars is an important part of preserving the technological achievements and cultural heritage of the United States. </p>]]></text>
          <name>Introduced in Senate</name>
        </item>
        <item>
          <actionDesc>Passed Senate</actionDesc>
          <lastSummaryUpdateDate>2019-11-05T18:43:50Z</lastSummaryUpdateDate>
          <actionDate>2019-06-27</actionDate>
          <updateDate>2019-06-27T15:39:57Z</updateDate>
          <versionCode>55</versionCode>
          <text><![CDATA[<p>This resolution designates July 12, 2019, as Collector Car Appreciation Day. </p> <p>The resolution also recognizes that the collection and restoration of historic and classic cars is an important part of preserving the technological achievements and cultural heritage of the United States. </p>]]></text>
          <name>Passed Senate</name>
        </item>
      </billSummaries>
    </summaries>
    <billType>SRES</billType>
    <createDate>2019-06-28T04:42:12Z</createDate>
    <cosponsors>
      <item>
        <fullName>Sen. Tester, Jon [D-MT]</fullName>
        <firstName>Jon</firstName>
        <identifiers>
          <lisID>1829</lisID>
          <bioguideId>T000464</bioguideId>
          <gpoId>8258</gpoId>
        </identifiers>
        <bioguideId>T000464</bioguideId>
        <middleName />
        <lastName>Tester</lastName>
        <party>D</party>
        <state>MT</state>
        <isOriginalCosponsor>True</isOriginalCosponsor>
        <sponsorshipWithdrawnDate />
        <sponsorshipDate>2019-06-27</sponsorshipDate>
      </item>
    </cosponsors>
    <sponsors>
      <item>
        <bioguideId>B001135</bioguideId>
        <firstName>RICHARD</firstName>
        <middleName />
        <identifiers>
          <lisID>153</lisID>
          <bioguideId>B001135</bioguideId>
          <gpoId>8286</gpoId>
        </identifiers>
        <lastName>BURR</lastName>
        <byRequestType />
        <party>R</party>
        <state>NC</state>
        <fullName>Sen. Burr, Richard [R-NC]</fullName>
      </item>
    </sponsors>
    <titles>
      <item>
        <titleType>Official Title as Introduced</titleType>
        <parentTitleType />
        <chamberName />
        <title>A resolution designating July 12, 2019, as "Collector Car Appreciation Day" and recognizing that the collection and restoration of historic and classic cars is an important part of preserving the technological achievements and cultural heritage of the United States.</title>
        <chamberCode />
      </item>
      <item>
        <titleType>Display Title</titleType>
        <parentTitleType />
        <chamberName />
        <title>A resolution designating July 12, 2019, as "Collector Car Appreciation Day" and recognizing that the collection and restoration of historic and classic cars is an important part of preserving the technological achievements and cultural heritage of the United States.</title>
        <chamberCode />
      </item>
    </titles>
    <title>A resolution designating July 12, 2019, as "Collector Car Appreciation Day" and recognizing that the collection and restoration of historic and classic cars is an important part of preserving the technological achievements and cultural heritage of the United States.</title>
    <committeeReports />
    <updateDate>2019-11-08T06:13:05Z</updateDate>
    <cboCostEstimates />
    <laws />
    <notes />
    <introducedDate>2019-06-27</introducedDate>
    <congress>116</congress>
    <originChamber>Senate</originChamber>
    <latestAction>
      <actionDate>2019-06-27</actionDate>
      <links />
      <text>Submitted in the Senate, considered, and agreed to without amendment and with a preamble by Unanimous Consent. (consideration: CR S4649; text: CR S4638)</text>
    </latestAction>
    <actions>
      <actionByCounts>
        <senate>3</senate>
      </actionByCounts>
      <item>
        <actionDate>2019-06-27</actionDate>
        <committee />
        <links>
          <link>
            <url>https://www.congress.gov/congressional-record/volume-165/senate-section/page/S4638</url>
            <name>S4638</name>
          </link>
          <link>
            <url>https://www.congress.gov/congressional-record/volume-165/senate-section/page/S4649</url>
            <name>S4649</name>
          </link>
        </links>
        <sourceSystem>
          <code>0</code>
          <name>Senate</name>
        </sourceSystem>
        <text>Submitted in the Senate, considered, and agreed to without amendment and with a preamble by Unanimous Consent. (consideration: CR S4649; text: CR S4638)</text>
        <type>Floor</type>
      </item>
      <item>
        <sourceSystem>
          <code>9</code>
          <name>Library of Congress</name>
        </sourceSystem>
        <type>Floor</type>
        <text>Passed/agreed to in Senate: Submitted in the Senate, considered, and agreed to without amendment and with a preamble by Unanimous Consent.(consideration: CR S4649; text: CR S4638)</text>
        <actionDate>2019-06-27</actionDate>
        <links>
          <link>
            <url>https://www.congress.gov/congressional-record/volume-165/senate-section/page/S4638</url>
            <name>S4638</name>
          </link>
          <link>
            <url>https://www.congress.gov/congressional-record/volume-165/senate-section/page/S4649</url>
            <name>S4649</name>
          </link>
        </links>
        <actionCode>17000</actionCode>
        <committee />
      </item>
      <item>
        <sourceSystem>
          <code>9</code>
          <name>Library of Congress</name>
        </sourceSystem>
        <type>IntroReferral</type>
        <text>Introduced in Senate</text>
        <actionDate>2019-06-27</actionDate>
        <links />
        <actionCode>10000</actionCode>
        <committee />
      </item>
      <actionTypeCounts>
        <passedAgreedToInSenate>1</passedAgreedToInSenate>
        <passedOrAgreedToInSenateDayOf>1</passedOrAgreedToInSenateDayOf>
        <introducedInSenate>1</introducedInSenate>
      </actionTypeCounts>
    </actions>
    <committees>
      <billCommittees />
    </committees>
    <calendarNumbers />
  </bill>
  <dublinCore xmlns:dc="http://purl.org/dc/elements/1.1/">
    <dc:format>text/xml</dc:format>
    <dc:language>EN</dc:language>
    <dc:rights>Pursuant to Title 17 Section 105 of the United States Code, this file is not subject to copyright protection and is in the public domain.</dc:rights>
    <dc:contributor>Congressional Research Service, Library of Congress</dc:contributor>
    <dc:description>This file contains bill summaries and statuses for federal legislation. A bill summary describes the most significant provisions of a piece of legislation and details the effects the legislative text may have on current law and federal programs. Bill summaries are authored by the Congressional Research Service (CRS) of the Library of Congress. As stated in Public Law 91-510 (2 USC 166 (d)(6)), one of the duties of CRS is "to prepare summaries and digests of bills and resolutions of a public general nature introduced in the Senate or House of Representatives". For more information, refer to the User Guide that accompanies this file.</dc:description>
  </dublinCore>
</billStatus>

