<?xml version="1.0" encoding="UTF-8"?>
<billStatus>
  <bill>
    <actions>
      <actionByCounts>
        <senate>2</senate>
      </actionByCounts>
      <actionTypeCounts>
        <referredToCommittee>1</referredToCommittee>
        <introducedInSenate>1</introducedInSenate>
      </actionTypeCounts>
      <item>
        <actionDate>2019-01-17</actionDate>
        <committee>
          <systemCode>ssas00</systemCode>
          <name>Armed Services Committee</name>
        </committee>
        <links />
        <sourceSystem>
          <code>0</code>
          <name>Senate</name>
        </sourceSystem>
        <text>Referred to the Committee on Armed Services.</text>
        <type>IntroReferral</type>
      </item>
      <item>
        <text>Introduced in Senate</text>
        <actionDate>2019-01-17</actionDate>
        <links />
        <sourceSystem>
          <code>9</code>
          <name>Library of Congress</name>
        </sourceSystem>
        <type>IntroReferral</type>
        <actionCode>10000</actionCode>
        <committee />
      </item>
    </actions>
    <summaries>
      <billSummaries>
        <item>
          <actionDesc>Introduced in Senate</actionDesc>
          <versionCode>00</versionCode>
          <name>Introduced in Senate</name>
          <actionDate>2019-01-17</actionDate>
          <text><![CDATA[<p>This resolution (1) recognizes that land-based intercontinental ballistic missiles (ICBMs) have certain strategic characteristics, and (2) opposes efforts to unilaterally reduce the size of the ICBM force of the United States or delay the implementation of the next-generation ground-based strategic deterrent program.</p>]]></text>
          <lastSummaryUpdateDate>2019-03-15T16:33:20Z</lastSummaryUpdateDate>
          <updateDate>2019-01-17T05:00:00Z</updateDate>
        </item>
      </billSummaries>
    </summaries>
    <committeeReports />
    <title>A resolution supporting a robust and modern ICBM force to maximize the value of the nuclear triad of the United States.</title>
    <billType>SRES</billType>
    <titles>
      <item>
        <titleType>Official Title as Introduced</titleType>
        <parentTitleType />
        <chamberName />
        <title>A resolution supporting a robust and modern ICBM force to maximize the value of the nuclear triad of the United States.</title>
        <chamberCode />
      </item>
      <item>
        <titleType>Display Title</titleType>
        <parentTitleType />
        <chamberName />
        <title>A resolution supporting a robust and modern ICBM force to maximize the value of the nuclear triad of the United States.</title>
        <chamberCode />
      </item>
    </titles>
    <billNumber>24</billNumber>
    <sponsors>
      <item>
        <state>ND</state>
        <party>R</party>
        <bioguideId>H001061</bioguideId>
        <fullName>Sen. Hoeven, John [R-ND]</fullName>
        <middleName />
        <byRequestType />
        <identifiers>
          <lisID>2079</lisID>
          <bioguideId>H001061</bioguideId>
          <gpoId>8331</gpoId>
        </identifiers>
        <firstName>John</firstName>
        <lastName>Hoeven</lastName>
      </item>
    </sponsors>
    <laws />
    <calendarNumbers />
    <cosponsors>
      <item>
        <lastName>Barrasso</lastName>
        <firstName>John</firstName>
        <state>WY</state>
        <fullName>Sen. Barrasso, John [R-WY]</fullName>
        <bioguideId>B001261</bioguideId>
        <party>R</party>
        <identifiers>
          <lisID>1881</lisID>
          <bioguideId>B001261</bioguideId>
          <gpoId>8300</gpoId>
        </identifiers>
        <sponsorshipWithdrawnDate />
        <middleName />
        <isOriginalCosponsor>True</isOriginalCosponsor>
        <sponsorshipDate>2019-01-17</sponsorshipDate>
      </item>
      <item>
        <lastName>Cramer</lastName>
        <firstName>Kevin</firstName>
        <state>ND</state>
        <fullName>Sen. Cramer, Kevin [R-ND]</fullName>
        <bioguideId>C001096</bioguideId>
        <party>R</party>
        <identifiers>
          <lisID>2144</lisID>
          <bioguideId>C001096</bioguideId>
          <gpoId />
        </identifiers>
        <sponsorshipWithdrawnDate />
        <middleName />
        <isOriginalCosponsor>True</isOriginalCosponsor>
        <sponsorshipDate>2019-01-17</sponsorshipDate>
      </item>
      <item>
        <lastName>Daines</lastName>
        <firstName>Steve</firstName>
        <state>MT</state>
        <fullName>Sen. Daines, Steve [R-MT]</fullName>
        <bioguideId>D000618</bioguideId>
        <party>R</party>
        <identifiers>
          <bioguideId>D000618</bioguideId>
          <gpoId />
          <lisID>2138</lisID>
        </identifiers>
        <sponsorshipWithdrawnDate />
        <middleName />
        <isOriginalCosponsor>True</isOriginalCosponsor>
        <sponsorshipDate>2019-01-17</sponsorshipDate>
      </item>
      <item>
        <lastName>ENZI</lastName>
        <firstName>MICHAEL</firstName>
        <state>WY</state>
        <fullName>Sen. Enzi, Michael B. [R-WY]</fullName>
        <bioguideId>E000285</bioguideId>
        <party>R</party>
        <identifiers>
          <gpoId>8328</gpoId>
          <lisID>1542</lisID>
          <bioguideId>E000285</bioguideId>
        </identifiers>
        <sponsorshipWithdrawnDate />
        <middleName>B.</middleName>
        <isOriginalCosponsor>True</isOriginalCosponsor>
        <sponsorshipDate>2019-01-17</sponsorshipDate>
      </item>
      <item>
        <lastName>Tester</lastName>
        <firstName>Jon</firstName>
        <state>MT</state>
        <fullName>Sen. Tester, Jon [D-MT]</fullName>
        <bioguideId>T000464</bioguideId>
        <party>D</party>
        <identifiers>
          <lisID>1829</lisID>
          <bioguideId>T000464</bioguideId>
          <gpoId>8258</gpoId>
        </identifiers>
        <sponsorshipWithdrawnDate />
        <middleName />
        <isOriginalCosponsor>True</isOriginalCosponsor>
        <sponsorshipDate>2019-01-17</sponsorshipDate>
      </item>
    </cosponsors>
    <originChamber>Senate</originChamber>
    <cboCostEstimates />
    <notes />
    <amendments />
    <latestAction>
      <actionDate>2019-01-17</actionDate>
      <text>Referred to the Committee on Armed Services.</text>
      <links />
    </latestAction>
    <relatedBills>
      <item>
        <latestTitle>National Defense Authorization Act for Fiscal Year 2020</latestTitle>
        <type>S</type>
        <relationshipDetails>
          <item>
            <type>Related bill</type>
            <identifiedBy>CRS</identifiedBy>
          </item>
        </relationshipDetails>
        <latestAction>
          <actionDate>2019-07-02</actionDate>
          <text>Held at the desk.</text>
          <actionTime>12:08:39</actionTime>
        </latestAction>
        <congress>116</congress>
        <number>1790</number>
      </item>
    </relatedBills>
    <policyArea>
      <name>Armed Forces and National Security</name>
    </policyArea>
    <version>1.0.0</version>
    <recordedVotes />
    <updateDate>2019-08-03T07:56:09Z</updateDate>
    <introducedDate>2019-01-17</introducedDate>
    <committees>
      <billCommittees>
        <item>
          <name>Armed Services Committee</name>
          <chamber>Senate</chamber>
          <type>Standing</type>
          <activities>
            <item>
              <name>Referred to</name>
              <date>2019-01-17T23:05:59Z</date>
            </item>
          </activities>
          <systemCode>ssas00</systemCode>
          <subcommittees />
        </item>
      </billCommittees>
    </committees>
    <createDate>2019-01-18T05:55:13Z</createDate>
    <congress>116</congress>
    <textVersions>
      <item>
        <date>2019-01-17T05:00:00Z</date>
        <type>Introduced in Senate</type>
        <formats>
          <item>
            <url>https://www.govinfo.gov/content/pkg/BILLS-116sres24is/xml/BILLS-116sres24is.xml</url>
          </item>
        </formats>
      </item>
    </textVersions>
    <subjects>
      <billSubjects>
        <policyArea>
          <name>Armed Forces and National Security</name>
        </policyArea>
        <legislativeSubjects>
          <item>
            <name>Arms control and nonproliferation</name>
          </item>
          <item>
            <name>International law and treaties</name>
          </item>
          <item>
            <name>Military procurement, research, weapons development</name>
          </item>
          <item>
            <name>Nuclear weapons</name>
          </item>
        </legislativeSubjects>
      </billSubjects>
    </subjects>
  </bill>
  <dublinCore xmlns:dc="http://purl.org/dc/elements/1.1/">
    <dc:format>text/xml</dc:format>
    <dc:language>EN</dc:language>
    <dc:rights>Pursuant to Title 17 Section 105 of the United States Code, this file is not subject to copyright protection and is in the public domain.</dc:rights>
    <dc:contributor>Congressional Research Service, Library of Congress</dc:contributor>
    <dc:description>This file contains bill summaries and statuses for federal legislation. A bill summary describes the most significant provisions of a piece of legislation and details the effects the legislative text may have on current law and federal programs. Bill summaries are authored by the Congressional Research Service (CRS) of the Library of Congress. As stated in Public Law 91-510 (2 USC 166 (d)(6)), one of the duties of CRS is "to prepare summaries and digests of bills and resolutions of a public general nature introduced in the Senate or House of Representatives". For more information, refer to the User Guide that accompanies this file.</dc:description>
  </dublinCore>
</billStatus>

