<?xml version="1.0" encoding="UTF-8"?>
<billStatus>
  <bill>
    <amendments />
    <actions>
      <actionByCounts>
        <senate>3</senate>
      </actionByCounts>
      <actionTypeCounts>
        <passedAgreedToInSenate>1</passedAgreedToInSenate>
        <introducedInSenate>1</introducedInSenate>
        <passedOrAgreedToInSenateDayOf>1</passedOrAgreedToInSenateDayOf>
      </actionTypeCounts>
      <item>
        <actionDate>2019-04-11</actionDate>
        <committee />
        <links>
          <link>
            <name>S2441-2442</name>
            <url>https://www.congress.gov/congressional-record/volume-165/senate-section/page/S2441-2442</url>
          </link>
          <link>
            <name>S2455</name>
            <url>https://www.congress.gov/congressional-record/volume-165/senate-section/page/S2455</url>
          </link>
        </links>
        <sourceSystem>
          <name>Senate</name>
          <code>0</code>
        </sourceSystem>
        <text>Submitted in the Senate, considered, and agreed to without amendment and with a preamble by Voice Vote. (consideration: CR S2455; text: CR S2441-2442)</text>
        <type>Floor</type>
      </item>
      <item>
        <actionDate>2019-04-11</actionDate>
        <actionCode>17000</actionCode>
        <sourceSystem>
          <name>Library of Congress</name>
          <code>9</code>
        </sourceSystem>
        <committee />
        <type>Floor</type>
        <text>Passed/agreed to in Senate: Submitted in the Senate, considered, and agreed to without amendment and with a preamble by Voice Vote.(consideration: CR S2455; text: CR S2441-2442)</text>
        <links>
          <link>
            <name>S2441-2442</name>
            <url>https://www.congress.gov/congressional-record/volume-165/senate-section/page/S2441-2442</url>
          </link>
          <link>
            <name>S2455</name>
            <url>https://www.congress.gov/congressional-record/volume-165/senate-section/page/S2455</url>
          </link>
        </links>
      </item>
      <item>
        <actionDate>2019-04-11</actionDate>
        <actionCode>10000</actionCode>
        <sourceSystem>
          <name>Library of Congress</name>
          <code>9</code>
        </sourceSystem>
        <committee />
        <type>IntroReferral</type>
        <text>Introduced in Senate</text>
        <links />
      </item>
    </actions>
    <cboCostEstimates />
    <updateDate>2019-09-07T04:28:20Z</updateDate>
    <billType>SRES</billType>
    <calendarNumbers />
    <summaries>
      <billSummaries>
        <item>
          <versionCode>00</versionCode>
          <text><![CDATA[<p>Congratulates the University of Virginia men's basketball team for their performance in the 2019 National Collegiate Athletic Association Division I Men's Basketball Tournament.</p>]]></text>
          <actionDate>2019-04-11</actionDate>
          <lastSummaryUpdateDate>2019-09-04T19:23:09Z</lastSummaryUpdateDate>
          <name>Introduced in Senate</name>
          <updateDate>2019-04-11T04:00:00Z</updateDate>
          <actionDesc>Introduced in Senate</actionDesc>
        </item>
      </billSummaries>
    </summaries>
    <billNumber>164</billNumber>
    <cosponsors>
      <item>
        <sponsorshipDate>2019-04-11</sponsorshipDate>
        <bioguideId>K000384</bioguideId>
        <party>D</party>
        <state>VA</state>
        <firstName>Timothy</firstName>
        <lastName>Kaine</lastName>
        <identifiers>
          <lisID>2176</lisID>
          <gpoId />
          <bioguideId>K000384</bioguideId>
        </identifiers>
        <sponsorshipWithdrawnDate />
        <isOriginalCosponsor>True</isOriginalCosponsor>
        <fullName>Sen. Kaine, Tim [D-VA]</fullName>
        <middleName />
      </item>
    </cosponsors>
    <committeeReports />
    <recordedVotes />
    <textVersions>
      <item>
        <type>Agreed to Senate</type>
        <formats>
          <item>
            <url>https://www.govinfo.gov/content/pkg/BILLS-116sres164ats/xml/BILLS-116sres164ats.xml</url>
          </item>
        </formats>
        <date>2019-04-11T04:00:00Z</date>
      </item>
    </textVersions>
    <sponsors>
      <item>
        <lastName>Warner</lastName>
        <identifiers>
          <lisID>1897</lisID>
          <gpoId>8269</gpoId>
          <bioguideId>W000805</bioguideId>
        </identifiers>
        <middleName>R.</middleName>
        <firstName>Mark</firstName>
        <fullName>Sen. Warner, Mark R. [D-VA]</fullName>
        <state>VA</state>
        <party>D</party>
        <bioguideId>W000805</bioguideId>
        <byRequestType />
      </item>
    </sponsors>
    <introducedDate>2019-04-11</introducedDate>
    <createDate>2019-04-12T04:57:08Z</createDate>
    <congress>116</congress>
    <titles>
      <item>
        <chamberCode />
        <chamberName />
        <title>A resolution commending the University of Virginia men's basketball team for winning the 2019 National Collegiate Athletic Association Division I Men's Basketball Championship.</title>
        <titleType>Official Title as Introduced</titleType>
        <parentTitleType />
      </item>
      <item>
        <chamberCode />
        <chamberName />
        <title>A resolution commending the University of Virginia men's basketball team for winning the 2019 National Collegiate Athletic Association Division I Men's Basketball Championship.</title>
        <titleType>Display Title</titleType>
        <parentTitleType />
      </item>
    </titles>
    <laws />
    <committees>
      <billCommittees />
    </committees>
    <title>A resolution commending the University of Virginia men's basketball team for winning the 2019 National Collegiate Athletic Association Division I Men's Basketball Championship.</title>
    <latestAction>
      <text>Submitted in the Senate, considered, and agreed to without amendment and with a preamble by Voice Vote. (consideration: CR S2455; text: CR S2441-2442)</text>
      <links />
      <actionDate>2019-04-11</actionDate>
    </latestAction>
    <originChamber>Senate</originChamber>
    <subjects>
      <billSubjects>
        <policyArea>
          <name>Sports and Recreation</name>
        </policyArea>
        <legislativeSubjects>
          <item>
            <name>Athletes</name>
          </item>
          <item>
            <name>Congressional tributes</name>
          </item>
          <item>
            <name>Higher education</name>
          </item>
          <item>
            <name>School athletics</name>
          </item>
          <item>
            <name>Virginia</name>
          </item>
        </legislativeSubjects>
      </billSubjects>
    </subjects>
    <relatedBills>
      <item>
        <type>HRES</type>
        <relationshipDetails>
          <item>
            <type>Identical bill</type>
            <identifiedBy>CRS</identifiedBy>
          </item>
        </relationshipDetails>
        <congress>116</congress>
        <number>320</number>
        <latestTitle>Commending the University of Virginia men's basketball team for winning the 2019 National Collegiate Athletic Association Division I Men's Basketball Championship.</latestTitle>
        <latestAction>
          <text>Referred to the House Committee on Education and Labor.</text>
          <actionDate>2019-04-12</actionDate>
        </latestAction>
      </item>
    </relatedBills>
    <notes />
    <version>1.0.0</version>
    <policyArea>
      <name>Sports and Recreation</name>
    </policyArea>
  </bill>
  <dublinCore xmlns:dc="http://purl.org/dc/elements/1.1/">
    <dc:format>text/xml</dc:format>
    <dc:language>EN</dc:language>
    <dc:rights>Pursuant to Title 17 Section 105 of the United States Code, this file is not subject to copyright protection and is in the public domain.</dc:rights>
    <dc:contributor>Congressional Research Service, Library of Congress</dc:contributor>
    <dc:description>This file contains bill summaries and statuses for federal legislation. A bill summary describes the most significant provisions of a piece of legislation and details the effects the legislative text may have on current law and federal programs. Bill summaries are authored by the Congressional Research Service (CRS) of the Library of Congress. As stated in Public Law 91-510 (2 USC 166 (d)(6)), one of the duties of CRS is "to prepare summaries and digests of bills and resolutions of a public general nature introduced in the Senate or House of Representatives". For more information, refer to the User Guide that accompanies this file.</dc:description>
  </dublinCore>
</billStatus>

