<?xml version="1.0" encoding="UTF-8"?>
<billStatus>
  <bill>
    <summaries>
      <billSummaries />
    </summaries>
    <congress>116</congress>
    <titles>
      <item>
        <chamberName />
        <title>A resolution reaffirming the unique collaboration among United States nongovernmental organizations (NGOs), including faith-based organizations, and the Israel Defense Forces to deliver humanitarian assistance to Syrians.</title>
        <parentTitleType />
        <titleType>Official Title as Introduced</titleType>
        <chamberCode />
      </item>
      <item>
        <chamberName />
        <title>A resolution reaffirming the unique collaboration among United States nongovernmental organizations (NGOs), including faith-based organizations, and the Israel Defense Forces to deliver humanitarian assistance to Syrians.</title>
        <parentTitleType />
        <titleType>Display Title</titleType>
        <chamberCode />
      </item>
    </titles>
    <billType>SRES</billType>
    <updateDate>2019-11-15T21:56:28Z</updateDate>
    <title>A resolution reaffirming the unique collaboration among United States nongovernmental organizations (NGOs), including faith-based organizations, and the Israel Defense Forces to deliver humanitarian assistance to Syrians.</title>
    <recordedVotes />
    <committees>
      <billCommittees>
        <item>
          <chamber>Senate</chamber>
          <subcommittees />
          <type>Standing</type>
          <activities>
            <item>
              <name>Referred to</name>
              <date>2019-04-10T14:58:09Z</date>
            </item>
          </activities>
          <name>Foreign Relations Committee</name>
          <systemCode>ssfr00</systemCode>
        </item>
      </billCommittees>
    </committees>
    <actions>
      <actionByCounts>
        <senate>2</senate>
      </actionByCounts>
      <item>
        <actionDate>2019-04-10</actionDate>
        <committee>
          <name>Foreign Relations Committee</name>
          <systemCode>ssfr00</systemCode>
        </committee>
        <links>
          <link>
            <url>https://www.congress.gov/congressional-record/volume-165/senate-section/page/S2390</url>
            <name>S2390</name>
          </link>
        </links>
        <sourceSystem>
          <code>0</code>
          <name>Senate</name>
        </sourceSystem>
        <text>Referred to the Committee on Foreign Relations. (text: CR S2390)</text>
        <type>IntroReferral</type>
      </item>
      <item>
        <actionDate>2019-04-10</actionDate>
        <committee />
        <type>IntroReferral</type>
        <actionCode>10000</actionCode>
        <links />
        <sourceSystem>
          <code>9</code>
          <name>Library of Congress</name>
        </sourceSystem>
        <text>Introduced in Senate</text>
      </item>
      <actionTypeCounts>
        <referredToCommittee>1</referredToCommittee>
        <introducedInSenate>1</introducedInSenate>
      </actionTypeCounts>
    </actions>
    <createDate>2019-04-11T04:57:10Z</createDate>
    <policyArea>
      <name>International Affairs</name>
    </policyArea>
    <originChamber>Senate</originChamber>
    <committeeReports />
    <version>1.0.0</version>
    <textVersions>
      <item>
        <formats>
          <item>
            <url>https://www.govinfo.gov/content/pkg/BILLS-116sres153is/xml/BILLS-116sres153is.xml</url>
          </item>
        </formats>
        <type>Introduced in Senate</type>
        <date>2019-04-10T04:00:00Z</date>
      </item>
    </textVersions>
    <billNumber>153</billNumber>
    <notes />
    <sponsors>
      <item>
        <firstName>James</firstName>
        <middleName />
        <lastName>Lankford</lastName>
        <identifiers>
          <bioguideId>L000575</bioguideId>
          <lisID>2050</lisID>
          <gpoId>8113</gpoId>
        </identifiers>
        <bioguideId>L000575</bioguideId>
        <byRequestType />
        <state>OK</state>
        <fullName>Sen. Lankford, James [R-OK]</fullName>
        <party>R</party>
      </item>
    </sponsors>
    <calendarNumbers />
    <introducedDate>2019-04-10</introducedDate>
    <amendments />
    <subjects>
      <billSubjects>
        <policyArea>
          <name>International Affairs</name>
        </policyArea>
        <legislativeSubjects>
          <item>
            <name>Arab-Israeli relations</name>
          </item>
          <item>
            <name>Conflicts and wars</name>
          </item>
          <item>
            <name>Diplomacy, foreign officials, Americans abroad</name>
          </item>
          <item>
            <name>Foreign aid and international relief</name>
          </item>
          <item>
            <name>International organizations and cooperation</name>
          </item>
          <item>
            <name>Israel</name>
          </item>
          <item>
            <name>Middle East</name>
          </item>
          <item>
            <name>Refugees, asylum, displaced persons</name>
          </item>
          <item>
            <name>Syria</name>
          </item>
        </legislativeSubjects>
      </billSubjects>
    </subjects>
    <laws />
    <cosponsors>
      <item>
        <party>D</party>
        <lastName>Casey</lastName>
        <firstName>Bob</firstName>
        <bioguideId>C001070</bioguideId>
        <state>PA</state>
        <sponsorshipDate>2019-04-10</sponsorshipDate>
        <fullName>Sen. Casey, Robert P., Jr. [D-PA]</fullName>
        <identifiers>
          <lisID>1828</lisID>
          <gpoId>8282</gpoId>
          <bioguideId>C001070</bioguideId>
        </identifiers>
        <middleName />
        <sponsorshipWithdrawnDate />
        <isOriginalCosponsor>True</isOriginalCosponsor>
      </item>
    </cosponsors>
    <relatedBills>
      <item>
        <latestAction>
          <text>Referred to the House Committee on Foreign Affairs.</text>
          <actionDate>2019-04-10</actionDate>
        </latestAction>
        <type>HRES</type>
        <relationshipDetails>
          <item>
            <type>Identical bill</type>
            <identifiedBy>CRS</identifiedBy>
          </item>
        </relationshipDetails>
        <congress>116</congress>
        <number>310</number>
        <latestTitle>Reaffirming the unique collaboration among United States nongovernmental organizations (NGOs), including faith-based organizations, and the Israel Defense Forces to deliver humanitarian assistance to Syrians.</latestTitle>
      </item>
    </relatedBills>
    <cboCostEstimates />
    <latestAction>
      <text>Referred to the Committee on Foreign Relations. (text: CR S2390)</text>
      <links />
      <actionDate>2019-04-10</actionDate>
    </latestAction>
  </bill>
  <dublinCore xmlns:dc="http://purl.org/dc/elements/1.1/">
    <dc:format>text/xml</dc:format>
    <dc:language>EN</dc:language>
    <dc:rights>Pursuant to Title 17 Section 105 of the United States Code, this file is not subject to copyright protection and is in the public domain.</dc:rights>
    <dc:contributor>Congressional Research Service, Library of Congress</dc:contributor>
    <dc:description>This file contains bill summaries and statuses for federal legislation. A bill summary describes the most significant provisions of a piece of legislation and details the effects the legislative text may have on current law and federal programs. Bill summaries are authored by the Congressional Research Service (CRS) of the Library of Congress. As stated in Public Law 91-510 (2 USC 166 (d)(6)), one of the duties of CRS is "to prepare summaries and digests of bills and resolutions of a public general nature introduced in the Senate or House of Representatives". For more information, refer to the User Guide that accompanies this file.</dc:description>
  </dublinCore>
</billStatus>

