<?xml version="1.0" encoding="UTF-8"?>
<billStatus>
  <bill>
    <version>1.0.0</version>
    <notes />
    <committeeReports />
    <policyArea>
      <name>Agriculture and Food</name>
    </policyArea>
    <billNumber>365</billNumber>
    <actions>
      <actionTypeCounts>
        <passedAgreedToInSenate>1</passedAgreedToInSenate>
        <introducedInSenate>1</introducedInSenate>
        <passedOrAgreedToInSenateDayOf>1</passedOrAgreedToInSenateDayOf>
      </actionTypeCounts>
      <item>
        <actionDate>2019-10-17</actionDate>
        <committee />
        <links>
          <link>
            <url>https://www.congress.gov/congressional-record/volume-165/senate-section/page/S5903</url>
            <name>S5903</name>
          </link>
          <link>
            <url>https://www.congress.gov/congressional-record/volume-165/senate-section/page/S5905</url>
            <name>S5905</name>
          </link>
        </links>
        <sourceSystem>
          <code>0</code>
          <name>Senate</name>
        </sourceSystem>
        <text>Submitted in the Senate, considered, and agreed to without amendment and with a preamble by Voice Vote. (consideration: CR S5905; text: CR S5903)</text>
        <type>Floor</type>
      </item>
      <item>
        <links>
          <link>
            <url>https://www.congress.gov/congressional-record/volume-165/senate-section/page/S5903</url>
            <name>S5903</name>
          </link>
          <link>
            <url>https://www.congress.gov/congressional-record/volume-165/senate-section/page/S5905</url>
            <name>S5905</name>
          </link>
        </links>
        <actionDate>2019-10-17</actionDate>
        <text>Passed/agreed to in Senate: Submitted in the Senate, considered, and agreed to without amendment and with a preamble by Voice Vote.(consideration: CR S5905; text: CR S5903)</text>
        <type>Floor</type>
        <committee />
        <sourceSystem>
          <code>9</code>
          <name>Library of Congress</name>
        </sourceSystem>
        <actionCode>17000</actionCode>
      </item>
      <item>
        <links />
        <actionDate>2019-10-17</actionDate>
        <text>Introduced in Senate</text>
        <type>IntroReferral</type>
        <committee />
        <sourceSystem>
          <code>9</code>
          <name>Library of Congress</name>
        </sourceSystem>
        <actionCode>10000</actionCode>
      </item>
      <actionByCounts>
        <senate>3</senate>
      </actionByCounts>
    </actions>
    <titles>
      <item>
        <title>A resolution designating October 16, 2019, and October 16, 2020, as "World Food Day".</title>
        <titleType>Official Title as Introduced</titleType>
        <parentTitleType />
        <chamberName />
        <chamberCode />
      </item>
      <item>
        <title>A resolution designating October 16, 2019, and October 16, 2020, as "World Food Day".</title>
        <titleType>Display Title</titleType>
        <parentTitleType />
        <chamberName />
        <chamberCode />
      </item>
    </titles>
    <congress>116</congress>
    <recordedVotes />
    <latestAction>
      <links />
      <actionDate>2019-10-17</actionDate>
      <text>Submitted in the Senate, considered, and agreed to without amendment and with a preamble by Voice Vote. (consideration: CR S5905; text: CR S5903)</text>
    </latestAction>
    <laws />
    <introducedDate>2019-10-17</introducedDate>
    <sponsors>
      <item>
        <byRequestType />
        <fullName>Sen. Coons, Christopher A. [D-DE]</fullName>
        <identifiers>
          <gpoId>8297</gpoId>
          <lisID>1984</lisID>
          <bioguideId>C001088</bioguideId>
        </identifiers>
        <bioguideId>C001088</bioguideId>
        <firstName>Christopher</firstName>
        <party>D</party>
        <lastName>Coons</lastName>
        <middleName>A.</middleName>
        <state>DE</state>
      </item>
    </sponsors>
    <title>A resolution designating October 16, 2019, and October 16, 2020, as "World Food Day".</title>
    <subjects>
      <billSubjects>
        <policyArea>
          <name>Agriculture and Food</name>
        </policyArea>
        <legislativeSubjects>
          <item>
            <name>Commemorative events and holidays</name>
          </item>
          <item>
            <name>Nutrition and diet</name>
          </item>
          <item>
            <name>World health</name>
          </item>
        </legislativeSubjects>
      </billSubjects>
    </subjects>
    <updateDate>2019-10-24T18:40:09Z</updateDate>
    <summaries>
      <billSummaries />
    </summaries>
    <textVersions>
      <item>
        <date>2019-10-17T04:00:00Z</date>
        <type>Agreed to Senate</type>
        <formats>
          <item>
            <url>https://www.govinfo.gov/content/pkg/BILLS-116sres365ats/xml/BILLS-116sres365ats.xml</url>
          </item>
        </formats>
      </item>
    </textVersions>
    <cboCostEstimates />
    <cosponsors>
      <item>
        <bioguideId>M000934</bioguideId>
        <sponsorshipWithdrawnDate />
        <lastName>Moran</lastName>
        <state>KS</state>
        <fullName>Sen. Moran, Jerry [R-KS]</fullName>
        <firstName>Jerry</firstName>
        <sponsorshipDate>2019-10-17</sponsorshipDate>
        <identifiers>
          <bioguideId>M000934</bioguideId>
          <gpoId>8307</gpoId>
          <lisID>1507</lisID>
        </identifiers>
        <middleName />
        <isOriginalCosponsor>True</isOriginalCosponsor>
        <party>R</party>
      </item>
      <item>
        <bioguideId>B001236</bioguideId>
        <sponsorshipWithdrawnDate />
        <lastName>Boozman</lastName>
        <state>AR</state>
        <fullName>Sen. Boozman, John [R-AR]</fullName>
        <firstName>John</firstName>
        <sponsorshipDate>2019-10-17</sponsorshipDate>
        <identifiers>
          <bioguideId>B001236</bioguideId>
          <lisID>1687</lisID>
          <gpoId>8247</gpoId>
        </identifiers>
        <middleName />
        <isOriginalCosponsor>True</isOriginalCosponsor>
        <party>R</party>
      </item>
      <item>
        <bioguideId>L000174</bioguideId>
        <sponsorshipWithdrawnDate />
        <lastName>LEAHY</lastName>
        <state>VT</state>
        <fullName>Sen. Leahy, Patrick J. [D-VT]</fullName>
        <firstName>PATRICK</firstName>
        <sponsorshipDate>2019-10-17</sponsorshipDate>
        <identifiers>
          <bioguideId>L000174</bioguideId>
          <gpoId>8244</gpoId>
          <lisID>1383</lisID>
        </identifiers>
        <middleName>JOSEPH</middleName>
        <isOriginalCosponsor>True</isOriginalCosponsor>
        <party>D</party>
      </item>
    </cosponsors>
    <billType>SRES</billType>
    <calendarNumbers />
    <relatedBills>
      <item>
        <latestTitle>Supporting the designation of October 16, 2019, and October 16, 2020, as "World Food Day".</latestTitle>
        <relationshipDetails>
          <item>
            <identifiedBy>CRS</identifiedBy>
            <type>Related bill</type>
          </item>
        </relationshipDetails>
        <type>HRES</type>
        <congress>116</congress>
        <latestAction>
          <actionDate>2019-10-16</actionDate>
          <text>Referred to the House Committee on Oversight and Reform.</text>
        </latestAction>
        <number>632</number>
      </item>
    </relatedBills>
    <createDate>2019-10-18T04:42:31Z</createDate>
    <amendments />
    <originChamber>Senate</originChamber>
    <committees>
      <billCommittees />
    </committees>
  </bill>
  <dublinCore xmlns:dc="http://purl.org/dc/elements/1.1/">
    <dc:format>text/xml</dc:format>
    <dc:language>EN</dc:language>
    <dc:rights>Pursuant to Title 17 Section 105 of the United States Code, this file is not subject to copyright protection and is in the public domain.</dc:rights>
    <dc:contributor>Congressional Research Service, Library of Congress</dc:contributor>
    <dc:description>This file contains bill summaries and statuses for federal legislation. A bill summary describes the most significant provisions of a piece of legislation and details the effects the legislative text may have on current law and federal programs. Bill summaries are authored by the Congressional Research Service (CRS) of the Library of Congress. As stated in Public Law 91-510 (2 USC 166 (d)(6)), one of the duties of CRS is "to prepare summaries and digests of bills and resolutions of a public general nature introduced in the Senate or House of Representatives". For more information, refer to the User Guide that accompanies this file.</dc:description>
  </dublinCore>
</billStatus>

