<?xml version="1.0" encoding="UTF-8"?>
<billStatus>
  <bill>
    <introducedDate>2019-04-10</introducedDate>
    <policyArea>
      <name>Education</name>
    </policyArea>
    <amendments />
    <cosponsors>
      <item>
        <fullName>Sen. Smith, Tina  [D-MN]</fullName>
        <identifiers>
          <lisID>2365</lisID>
          <gpoId />
          <bioguideId>S001203</bioguideId>
        </identifiers>
        <sponsorshipDate>2019-04-10</sponsorshipDate>
        <state>MN</state>
        <isOriginalCosponsor>True</isOriginalCosponsor>
        <bioguideId>S001203</bioguideId>
        <middleName />
        <firstName>Tina</firstName>
        <sponsorshipWithdrawnDate />
        <lastName>Smith</lastName>
        <party>D</party>
      </item>
      <item>
        <fullName>Sen. Tillis, Thom [R-NC]</fullName>
        <identifiers>
          <lisID>2291</lisID>
          <gpoId />
          <bioguideId>T000476</bioguideId>
        </identifiers>
        <sponsorshipDate>2019-04-10</sponsorshipDate>
        <state>NC</state>
        <isOriginalCosponsor>True</isOriginalCosponsor>
        <bioguideId>T000476</bioguideId>
        <middleName>Roland</middleName>
        <firstName>Thomas</firstName>
        <sponsorshipWithdrawnDate />
        <lastName>Tillis</lastName>
        <party>R</party>
      </item>
    </cosponsors>
    <laws />
    <calendarNumbers />
    <billNumber>156</billNumber>
    <subjects>
      <billSubjects>
        <legislativeSubjects>
          <item>
            <name>Commemorative events and holidays</name>
          </item>
          <item>
            <name>Elementary and secondary education</name>
          </item>
          <item>
            <name>Employment and training programs</name>
          </item>
          <item>
            <name>Family relationships</name>
          </item>
        </legislativeSubjects>
        <policyArea>
          <name>Education</name>
        </policyArea>
      </billSubjects>
    </subjects>
    <congress>116</congress>
    <recordedVotes />
    <actions>
      <actionTypeCounts>
        <passedOrAgreedToInSenateDayOf>1</passedOrAgreedToInSenateDayOf>
        <introducedInSenate>1</introducedInSenate>
        <passedAgreedToInSenate>1</passedAgreedToInSenate>
      </actionTypeCounts>
      <item>
        <actionDate>2019-04-10</actionDate>
        <committee />
        <links>
          <link>
            <name>S2391</name>
            <url>https://www.congress.gov/congressional-record/volume-165/senate-section/page/S2391</url>
          </link>
          <link>
            <name>S2392</name>
            <url>https://www.congress.gov/congressional-record/volume-165/senate-section/page/S2392</url>
          </link>
        </links>
        <sourceSystem>
          <name>Senate</name>
          <code>0</code>
        </sourceSystem>
        <text>Submitted in the Senate, considered, and agreed to without amendment and with a preamble by Unanimous Consent. (consideration: CR S2392; text: CR S2391)</text>
        <type>Floor</type>
      </item>
      <item>
        <actionCode>17000</actionCode>
        <type>Floor</type>
        <links>
          <link>
            <name>S2391</name>
            <url>https://www.congress.gov/congressional-record/volume-165/senate-section/page/S2391</url>
          </link>
          <link>
            <name>S2392</name>
            <url>https://www.congress.gov/congressional-record/volume-165/senate-section/page/S2392</url>
          </link>
        </links>
        <text>Passed/agreed to in Senate: Submitted in the Senate, considered, and agreed to without amendment and with a preamble by Unanimous Consent.(consideration: CR S2392; text: CR S2391)</text>
        <committee />
        <actionDate>2019-04-10</actionDate>
        <sourceSystem>
          <name>Library of Congress</name>
          <code>9</code>
        </sourceSystem>
      </item>
      <item>
        <actionCode>10000</actionCode>
        <type>IntroReferral</type>
        <links />
        <text>Introduced in Senate</text>
        <committee />
        <actionDate>2019-04-10</actionDate>
        <sourceSystem>
          <name>Library of Congress</name>
          <code>9</code>
        </sourceSystem>
      </item>
      <actionByCounts>
        <senate>3</senate>
      </actionByCounts>
    </actions>
    <textVersions>
      <item>
        <formats>
          <item>
            <url>https://www.govinfo.gov/content/pkg/BILLS-116sres156ats/xml/BILLS-116sres156ats.xml</url>
          </item>
        </formats>
        <date>2019-04-10T04:00:00Z</date>
        <type>Agreed to Senate</type>
      </item>
    </textVersions>
    <originChamber>Senate</originChamber>
    <billType>SRES</billType>
    <createDate>2019-04-11T04:57:10Z</createDate>
    <cboCostEstimates />
    <notes />
    <updateDate>2019-06-06T09:19:52Z</updateDate>
    <committees>
      <billCommittees />
    </committees>
    <summaries>
      <billSummaries>
        <item>
          <actionDate>2019-04-10</actionDate>
          <actionDesc>Introduced in Senate</actionDesc>
          <name>Introduced in Senate</name>
          <lastSummaryUpdateDate>2019-06-04T13:41:03Z</lastSummaryUpdateDate>
          <updateDate>2019-04-10T04:00:00Z</updateDate>
          <versionCode>00</versionCode>
          <text><![CDATA[<p>This resolution (1) recognizes the goals of introducing daughters and sons to the workplace, and (2) commends participants in Take Our Daughters and Sons To Work Day.</p>]]></text>
        </item>
      </billSummaries>
    </summaries>
    <relatedBills />
    <version>1.0.0</version>
    <sponsors>
      <item>
        <firstName>RICHARD</firstName>
        <fullName>Sen. Burr, Richard [R-NC]</fullName>
        <bioguideId>B001135</bioguideId>
        <state>NC</state>
        <middleName />
        <lastName>BURR</lastName>
        <identifiers>
          <gpoId>8286</gpoId>
          <lisID>153</lisID>
          <bioguideId>B001135</bioguideId>
        </identifiers>
        <byRequestType />
        <party>R</party>
      </item>
    </sponsors>
    <titles>
      <item>
        <title>A resolution supporting the goals and ideals of Take Our Daughters And Sons To Work Day.</title>
        <chamberName />
        <titleType>Official Title as Introduced</titleType>
        <parentTitleType />
        <chamberCode />
      </item>
      <item>
        <title>A resolution supporting the goals and ideals of Take Our Daughters And Sons To Work Day.</title>
        <chamberName />
        <titleType>Display Title</titleType>
        <parentTitleType />
        <chamberCode />
      </item>
    </titles>
    <committeeReports />
    <latestAction>
      <links />
      <actionDate>2019-04-10</actionDate>
      <text>Submitted in the Senate, considered, and agreed to without amendment and with a preamble by Unanimous Consent. (consideration: CR S2392; text: CR S2391)</text>
    </latestAction>
    <title>A resolution supporting the goals and ideals of Take Our Daughters And Sons To Work Day.</title>
  </bill>
  <dublinCore xmlns:dc="http://purl.org/dc/elements/1.1/">
    <dc:format>text/xml</dc:format>
    <dc:language>EN</dc:language>
    <dc:rights>Pursuant to Title 17 Section 105 of the United States Code, this file is not subject to copyright protection and is in the public domain.</dc:rights>
    <dc:contributor>Congressional Research Service, Library of Congress</dc:contributor>
    <dc:description>This file contains bill summaries and statuses for federal legislation. A bill summary describes the most significant provisions of a piece of legislation and details the effects the legislative text may have on current law and federal programs. Bill summaries are authored by the Congressional Research Service (CRS) of the Library of Congress. As stated in Public Law 91-510 (2 USC 166 (d)(6)), one of the duties of CRS is "to prepare summaries and digests of bills and resolutions of a public general nature introduced in the Senate or House of Representatives". For more information, refer to the User Guide that accompanies this file.</dc:description>
  </dublinCore>
</billStatus>

