<?xml version="1.0" encoding="UTF-8"?>
<billStatus>
  <bill>
    <introducedDate>2019-03-05</introducedDate>
    <recordedVotes />
    <originChamber>Senate</originChamber>
    <sponsors>
      <item>
        <byRequestType />
        <lastName>Cotton</lastName>
        <bioguideId>C001095</bioguideId>
        <fullName>Sen. Cotton, Tom [R-AR]</fullName>
        <state>AR</state>
        <firstName>Tom</firstName>
        <middleName />
        <party>R</party>
        <identifiers>
          <bioguideId>C001095</bioguideId>
          <gpoId />
          <lisID>2098</lisID>
        </identifiers>
      </item>
    </sponsors>
    <relatedBills>
      <item>
        <latestTitle>Expressing support for the designation of March 2, 2020, as "Gold Star Families Remembrance Day".</latestTitle>
        <relationshipDetails>
          <item>
            <type>Related bill</type>
            <identifiedBy>CRS</identifiedBy>
          </item>
        </relationshipDetails>
        <type>HRES</type>
        <latestAction>
          <actionDate>2019-03-29</actionDate>
          <text>Referred to the Subcommittee on Military Personnel.</text>
        </latestAction>
        <number>269</number>
        <congress>116</congress>
      </item>
      <item>
        <latestTitle>Expressing support for the designation of March 2, 2019, as "Gold Star Families Remembrance Day".</latestTitle>
        <relationshipDetails>
          <item>
            <type>Related bill</type>
            <identifiedBy>CRS</identifiedBy>
          </item>
        </relationshipDetails>
        <type>HRES</type>
        <latestAction>
          <actionDate>2019-01-24</actionDate>
          <text>Referred to the Subcommittee on Military Personnel.</text>
        </latestAction>
        <number>39</number>
        <congress>116</congress>
      </item>
    </relatedBills>
    <cosponsors>
      <item>
        <identifiers>
          <bioguideId>J000300</bioguideId>
          <lisID>2364</lisID>
          <gpoId />
        </identifiers>
        <sponsorshipDate>2019-03-05</sponsorshipDate>
        <middleName />
        <fullName>Sen. Jones, Doug  [D-AL]</fullName>
        <lastName>Jones</lastName>
        <firstName>Doug</firstName>
        <party>D</party>
        <sponsorshipWithdrawnDate />
        <state>AL</state>
        <isOriginalCosponsor>True</isOriginalCosponsor>
        <bioguideId>J000300</bioguideId>
      </item>
      <item>
        <identifiers>
          <bioguideId>M001183</bioguideId>
          <gpoId>8256</gpoId>
          <lisID>1983</lisID>
        </identifiers>
        <sponsorshipDate>2019-03-05</sponsorshipDate>
        <middleName />
        <fullName>Sen. Manchin, Joe, III [D-WV]</fullName>
        <lastName>Manchin</lastName>
        <firstName>Joe</firstName>
        <party>D</party>
        <sponsorshipWithdrawnDate />
        <state>WV</state>
        <isOriginalCosponsor>True</isOriginalCosponsor>
        <bioguideId>M001183</bioguideId>
      </item>
      <item>
        <identifiers>
          <bioguideId>M001197</bioguideId>
          <lisID>2225</lisID>
          <gpoId />
        </identifiers>
        <sponsorshipDate>2019-03-05</sponsorshipDate>
        <middleName />
        <fullName>Sen. McSally, Martha [R-AZ]</fullName>
        <lastName>McSally</lastName>
        <firstName>Martha</firstName>
        <party>R</party>
        <sponsorshipWithdrawnDate />
        <state>AZ</state>
        <isOriginalCosponsor>True</isOriginalCosponsor>
        <bioguideId>M001197</bioguideId>
      </item>
    </cosponsors>
    <textVersions>
      <item>
        <type>Agreed to Senate</type>
        <formats>
          <item>
            <url>https://www.govinfo.gov/content/pkg/BILLS-116sres93ats/xml/BILLS-116sres93ats.xml</url>
          </item>
        </formats>
        <date>2019-03-05T05:00:00Z</date>
      </item>
    </textVersions>
    <updateDate>2019-07-22T22:00:10Z</updateDate>
    <policyArea>
      <name>Armed Forces and National Security</name>
    </policyArea>
    <calendarNumbers />
    <committees>
      <billCommittees />
    </committees>
    <actions>
      <actionTypeCounts>
        <passedOrAgreedToInSenateDayOf>1</passedOrAgreedToInSenateDayOf>
        <introducedInSenate>1</introducedInSenate>
        <passedAgreedToInSenate>1</passedAgreedToInSenate>
      </actionTypeCounts>
      <actionByCounts>
        <senate>3</senate>
      </actionByCounts>
      <item>
        <actionDate>2019-03-05</actionDate>
        <committee />
        <links>
          <link>
            <url>https://www.congress.gov/congressional-record/volume-165/senate-section/page/S1661</url>
            <name>S1661</name>
          </link>
          <link>
            <url>https://www.congress.gov/congressional-record/volume-165/senate-section/page/S1663</url>
            <name>S1663</name>
          </link>
        </links>
        <sourceSystem>
          <name>Senate</name>
          <code>0</code>
        </sourceSystem>
        <text>Submitted in the Senate, considered, and agreed to without amendment and with a preamble by Unanimous Consent. (consideration: CR S1663; text: CR S1661)</text>
        <type>Floor</type>
      </item>
      <item>
        <committee />
        <links>
          <link>
            <url>https://www.congress.gov/congressional-record/volume-165/senate-section/page/S1661</url>
            <name>S1661</name>
          </link>
          <link>
            <url>https://www.congress.gov/congressional-record/volume-165/senate-section/page/S1663</url>
            <name>S1663</name>
          </link>
        </links>
        <type>Floor</type>
        <sourceSystem>
          <name>Library of Congress</name>
          <code>9</code>
        </sourceSystem>
        <text>Passed/agreed to in Senate: Submitted in the Senate, considered, and agreed to without amendment and with a preamble by Unanimous Consent.(consideration: CR S1663; text: CR S1661)</text>
        <actionCode>17000</actionCode>
        <actionDate>2019-03-05</actionDate>
      </item>
      <item>
        <committee />
        <links />
        <type>IntroReferral</type>
        <sourceSystem>
          <name>Library of Congress</name>
          <code>9</code>
        </sourceSystem>
        <text>Introduced in Senate</text>
        <actionCode>10000</actionCode>
        <actionDate>2019-03-05</actionDate>
      </item>
    </actions>
    <laws />
    <notes />
    <title>A resolution expressing support for the designation of March 2, 2019, as "Gold Star Families Remembrance Day".</title>
    <amendments />
    <subjects>
      <billSubjects>
        <policyArea>
          <name>Armed Forces and National Security</name>
        </policyArea>
        <legislativeSubjects>
          <item>
            <name>Commemorative events and holidays</name>
          </item>
          <item>
            <name>Congressional tributes</name>
          </item>
          <item>
            <name>Military personnel and dependents</name>
          </item>
          <item>
            <name>Veterans' organizations and recognition</name>
          </item>
        </legislativeSubjects>
      </billSubjects>
    </subjects>
    <titles>
      <item>
        <chamberName />
        <titleType>Official Title as Introduced</titleType>
        <chamberCode />
        <parentTitleType />
        <title>A resolution expressing support for the designation of March 2, 2019, as "Gold Star Families Remembrance Day".</title>
      </item>
      <item>
        <chamberName />
        <titleType>Display Title</titleType>
        <chamberCode />
        <parentTitleType />
        <title>A resolution expressing support for the designation of March 2, 2019, as "Gold Star Families Remembrance Day".</title>
      </item>
    </titles>
    <createDate>2019-03-06T05:42:06Z</createDate>
    <billNumber>93</billNumber>
    <billType>SRES</billType>
    <cboCostEstimates />
    <congress>116</congress>
    <committeeReports />
    <latestAction>
      <actionDate>2019-03-05</actionDate>
      <text>Submitted in the Senate, considered, and agreed to without amendment and with a preamble by Unanimous Consent. (consideration: CR S1663; text: CR S1661)</text>
      <links />
    </latestAction>
    <version>1.0.0</version>
    <summaries>
      <billSummaries>
        <item>
          <lastSummaryUpdateDate>2019-04-05T14:23:38Z</lastSummaryUpdateDate>
          <actionDesc>Passed Senate</actionDesc>
          <actionDate>2019-03-05</actionDate>
          <versionCode>55</versionCode>
          <text><![CDATA[<p>This resolution supports the designation of March 2, 2019, as Gold Star Families Remembrance Day.</p>]]></text>
          <name>Passed Senate</name>
          <updateDate>2019-03-05T15:13:28Z</updateDate>
        </item>
      </billSummaries>
    </summaries>
  </bill>
  <dublinCore xmlns:dc="http://purl.org/dc/elements/1.1/">
    <dc:format>text/xml</dc:format>
    <dc:language>EN</dc:language>
    <dc:rights>Pursuant to Title 17 Section 105 of the United States Code, this file is not subject to copyright protection and is in the public domain.</dc:rights>
    <dc:contributor>Congressional Research Service, Library of Congress</dc:contributor>
    <dc:description>This file contains bill summaries and statuses for federal legislation. A bill summary describes the most significant provisions of a piece of legislation and details the effects the legislative text may have on current law and federal programs. Bill summaries are authored by the Congressional Research Service (CRS) of the Library of Congress. As stated in Public Law 91-510 (2 USC 166 (d)(6)), one of the duties of CRS is "to prepare summaries and digests of bills and resolutions of a public general nature introduced in the Senate or House of Representatives". For more information, refer to the User Guide that accompanies this file.</dc:description>
  </dublinCore>
</billStatus>

