<?xml version="1.0" encoding="UTF-8"?>
<billStatus>
  <bill>
    <subjects>
      <billSubjects>
        <legislativeSubjects>
          <item>
            <name>Asia</name>
          </item>
          <item>
            <name>China</name>
          </item>
          <item>
            <name>International law and treaties</name>
          </item>
          <item>
            <name>Marine and coastal resources, fisheries</name>
          </item>
          <item>
            <name>Pacific Ocean</name>
          </item>
        </legislativeSubjects>
        <policyArea>
          <name>International Affairs</name>
        </policyArea>
      </billSubjects>
    </subjects>
    <relatedBills>
      <item>
        <type>HRES</type>
        <number>454</number>
        <congress>116</congress>
        <latestAction>
          <actionDate>2019-06-20</actionDate>
          <text>Referred to the House Committee on Foreign Affairs.</text>
        </latestAction>
        <relationshipDetails>
          <item>
            <type>Identical bill</type>
            <identifiedBy>CRS</identifiedBy>
          </item>
        </relationshipDetails>
        <latestTitle>Calling upon the United States Senate to give its advice and consent to the ratification of the United Nations Convention on the Law of the Sea.</latestTitle>
      </item>
    </relatedBills>
    <notes />
    <committees>
      <billCommittees>
        <item>
          <type>Standing</type>
          <chamber>Senate</chamber>
          <systemCode>ssfr00</systemCode>
          <name>Foreign Relations Committee</name>
          <activities>
            <item>
              <name>Referred to</name>
              <date>2019-07-25T18:11:37Z</date>
            </item>
          </activities>
          <subcommittees />
        </item>
      </billCommittees>
    </committees>
    <summaries>
      <billSummaries />
    </summaries>
    <version>1.0.0</version>
    <originChamber>Senate</originChamber>
    <congress>116</congress>
    <latestAction>
      <actionDate>2019-07-25</actionDate>
      <text>Referred to the Committee on Foreign Relations. (text: CR S5111-5112)</text>
      <links />
    </latestAction>
    <actions>
      <actionByCounts>
        <senate>2</senate>
      </actionByCounts>
      <item>
        <actionDate>2019-07-25</actionDate>
        <committee>
          <name>Foreign Relations Committee</name>
          <systemCode>ssfr00</systemCode>
        </committee>
        <links>
          <link>
            <url>https://www.congress.gov/congressional-record/volume-165/senate-section/page/S5111-5112</url>
            <name>S5111-5112</name>
          </link>
        </links>
        <sourceSystem>
          <code>0</code>
          <name>Senate</name>
        </sourceSystem>
        <text>Referred to the Committee on Foreign Relations. (text: CR S5111-5112)</text>
        <type>IntroReferral</type>
      </item>
      <item>
        <actionDate>2019-07-25</actionDate>
        <committee />
        <type>IntroReferral</type>
        <actionCode>10000</actionCode>
        <links />
        <sourceSystem>
          <code>9</code>
          <name>Library of Congress</name>
        </sourceSystem>
        <text>Introduced in Senate</text>
      </item>
      <actionTypeCounts>
        <referredToCommittee>1</referredToCommittee>
        <introducedInSenate>1</introducedInSenate>
      </actionTypeCounts>
    </actions>
    <createDate>2019-07-26T04:57:19Z</createDate>
    <titles>
      <item>
        <parentTitleType />
        <chamberCode />
        <title>A resolution calling upon the United States Senate to give its advice and consent to the ratification of the United Nations Convention on the Law of the Sea.</title>
        <titleType>Official Title as Introduced</titleType>
        <chamberName />
      </item>
      <item>
        <parentTitleType />
        <chamberCode />
        <title>A resolution calling upon the United States Senate to give its advice and consent to the ratification of the United Nations Convention on the Law of the Sea.</title>
        <titleType>Display Title</titleType>
        <chamberName />
      </item>
    </titles>
    <laws />
    <introducedDate>2019-07-25</introducedDate>
    <calendarNumbers />
    <recordedVotes />
    <textVersions>
      <item>
        <date>2019-07-25T04:00:00Z</date>
        <type>Introduced in Senate</type>
        <formats>
          <item>
            <url>https://www.govinfo.gov/content/pkg/BILLS-116sres284is/xml/BILLS-116sres284is.xml</url>
          </item>
        </formats>
      </item>
    </textVersions>
    <cosponsors>
      <item>
        <firstName>Lisa</firstName>
        <isOriginalCosponsor>True</isOriginalCosponsor>
        <middleName />
        <fullName>Sen. Murkowski, Lisa [R-AK]</fullName>
        <lastName>Murkowski</lastName>
        <identifiers>
          <bioguideId>M001153</bioguideId>
          <gpoId>8234</gpoId>
          <lisID>1694</lisID>
        </identifiers>
        <sponsorshipWithdrawnDate />
        <state>AK</state>
        <bioguideId>M001153</bioguideId>
        <party>R</party>
        <sponsorshipDate>2019-07-25</sponsorshipDate>
      </item>
    </cosponsors>
    <amendments />
    <billNumber>284</billNumber>
    <updateDate>2019-11-15T21:56:33Z</updateDate>
    <cboCostEstimates />
    <title>A resolution calling upon the United States Senate to give its advice and consent to the ratification of the United Nations Convention on the Law of the Sea.</title>
    <committeeReports />
    <policyArea>
      <name>International Affairs</name>
    </policyArea>
    <sponsors>
      <item>
        <party>D</party>
        <lastName>Hirono</lastName>
        <firstName>Mazie</firstName>
        <state>HI</state>
        <fullName>Sen. Hirono, Mazie K. [D-HI]</fullName>
        <identifiers>
          <bioguideId>H001042</bioguideId>
          <gpoId>7913</gpoId>
          <lisID>1844</lisID>
        </identifiers>
        <middleName>K.</middleName>
        <bioguideId>H001042</bioguideId>
        <byRequestType />
      </item>
    </sponsors>
    <billType>SRES</billType>
  </bill>
  <dublinCore xmlns:dc="http://purl.org/dc/elements/1.1/">
    <dc:format>text/xml</dc:format>
    <dc:language>EN</dc:language>
    <dc:rights>Pursuant to Title 17 Section 105 of the United States Code, this file is not subject to copyright protection and is in the public domain.</dc:rights>
    <dc:contributor>Congressional Research Service, Library of Congress</dc:contributor>
    <dc:description>This file contains bill summaries and statuses for federal legislation. A bill summary describes the most significant provisions of a piece of legislation and details the effects the legislative text may have on current law and federal programs. Bill summaries are authored by the Congressional Research Service (CRS) of the Library of Congress. As stated in Public Law 91-510 (2 USC 166 (d)(6)), one of the duties of CRS is "to prepare summaries and digests of bills and resolutions of a public general nature introduced in the Senate or House of Representatives". For more information, refer to the User Guide that accompanies this file.</dc:description>
  </dublinCore>
</billStatus>

