<?xml version="1.0" encoding="UTF-8"?>
<billStatus>
  <bill>
    <summaries>
      <billSummaries>
        <item>
          <versionCode>00</versionCode>
          <text><![CDATA[<p>This resolution recognizes the 50th anniversary of The Dental College of Georgia at Augusta University and its distinguished alumni.</p>]]></text>
          <name>Introduced in Senate</name>
          <actionDesc>Introduced in Senate</actionDesc>
          <lastSummaryUpdateDate>2019-10-07T21:20:40Z</lastSummaryUpdateDate>
          <updateDate>2019-04-02T04:00:00Z</updateDate>
          <actionDate>2019-04-02</actionDate>
        </item>
        <item>
          <versionCode>55</versionCode>
          <text><![CDATA[<p>This resolution recognizes the 50th anniversary of The Dental College of Georgia at Augusta University and its distinguished alumni.</p>]]></text>
          <name>Passed Senate</name>
          <actionDesc>Passed Senate</actionDesc>
          <lastSummaryUpdateDate>2019-10-07T21:20:48Z</lastSummaryUpdateDate>
          <updateDate>2019-04-02T13:14:27Z</updateDate>
          <actionDate>2019-04-02</actionDate>
        </item>
      </billSummaries>
    </summaries>
    <createDate>2019-04-03T04:42:06Z</createDate>
    <cosponsors>
      <item>
        <bioguideId>P000612</bioguideId>
        <firstName>David</firstName>
        <party>R</party>
        <identifiers>
          <gpoId />
          <lisID>2286</lisID>
          <bioguideId>P000612</bioguideId>
        </identifiers>
        <middleName>Alfred</middleName>
        <sponsorshipWithdrawnDate />
        <lastName>Perdue</lastName>
        <state>GA</state>
        <sponsorshipDate>2019-04-02</sponsorshipDate>
        <fullName>Sen. Perdue, David [R-GA]</fullName>
        <isOriginalCosponsor>True</isOriginalCosponsor>
      </item>
    </cosponsors>
    <subjects>
      <billSubjects>
        <legislativeSubjects>
          <item>
            <name>Commemorative events and holidays</name>
          </item>
          <item>
            <name>Dental care</name>
          </item>
          <item>
            <name>Georgia</name>
          </item>
          <item>
            <name>Higher education</name>
          </item>
          <item>
            <name>Medical education</name>
          </item>
        </legislativeSubjects>
        <policyArea>
          <name>Health</name>
        </policyArea>
      </billSubjects>
    </subjects>
    <billType>SRES</billType>
    <committeeReports />
    <cboCostEstimates />
    <originChamber>Senate</originChamber>
    <version>1.0.0</version>
    <laws />
    <title>A resolution recognizing the 50th anniversary of The Dental College of Georgia at Augusta University.</title>
    <policyArea>
      <name>Health</name>
    </policyArea>
    <relatedBills>
      <item>
        <type>HRES</type>
        <relationshipDetails>
          <item>
            <type>Related bill</type>
            <identifiedBy>CRS</identifiedBy>
          </item>
        </relationshipDetails>
        <latestTitle>Recognizing the 50th anniversary of The Dental College of Georgia at Augusta University.</latestTitle>
        <latestAction>
          <text>Referred to the House Committee on Education and Labor.</text>
          <actionDate>2019-03-21</actionDate>
        </latestAction>
        <number>247</number>
        <congress>116</congress>
      </item>
    </relatedBills>
    <textVersions>
      <item>
        <date>2019-04-02T04:00:00Z</date>
        <type>Agreed to Senate</type>
        <formats>
          <item>
            <url>https://www.govinfo.gov/content/pkg/BILLS-116sres138ats/xml/BILLS-116sres138ats.xml</url>
          </item>
        </formats>
      </item>
    </textVersions>
    <updateDate>2019-10-10T04:27:34Z</updateDate>
    <billNumber>138</billNumber>
    <congress>116</congress>
    <latestAction>
      <actionDate>2019-04-02</actionDate>
      <text>Submitted in the Senate, considered, and agreed to without amendment and with a preamble by Unanimous Consent. (consideration: CR S2204; text: CR S2194)</text>
      <links />
    </latestAction>
    <notes />
    <sponsors>
      <item>
        <party>R</party>
        <middleName />
        <byRequestType />
        <identifiers>
          <gpoId>8323</gpoId>
          <lisID>1608</lisID>
          <bioguideId>I000055</bioguideId>
        </identifiers>
        <firstName>Johnny</firstName>
        <bioguideId>I000055</bioguideId>
        <state>GA</state>
        <lastName>Isakson</lastName>
        <fullName>Sen. Isakson, Johnny [R-GA]</fullName>
      </item>
    </sponsors>
    <titles>
      <item>
        <parentTitleType />
        <title>A resolution recognizing the 50th anniversary of The Dental College of Georgia at Augusta University.</title>
        <chamberCode />
        <chamberName />
        <titleType>Official Title as Introduced</titleType>
      </item>
      <item>
        <parentTitleType />
        <title>A resolution recognizing the 50th anniversary of The Dental College of Georgia at Augusta University.</title>
        <chamberCode />
        <chamberName />
        <titleType>Display Title</titleType>
      </item>
    </titles>
    <introducedDate>2019-04-02</introducedDate>
    <amendments />
    <actions>
      <actionTypeCounts>
        <introducedInSenate>1</introducedInSenate>
        <passedOrAgreedToInSenateDayOf>1</passedOrAgreedToInSenateDayOf>
        <passedAgreedToInSenate>1</passedAgreedToInSenate>
      </actionTypeCounts>
      <item>
        <actionDate>2019-04-02</actionDate>
        <committee />
        <links>
          <link>
            <url>https://www.congress.gov/congressional-record/volume-165/senate-section/page/S2194</url>
            <name>S2194</name>
          </link>
          <link>
            <url>https://www.congress.gov/congressional-record/volume-165/senate-section/page/S2204</url>
            <name>S2204</name>
          </link>
        </links>
        <sourceSystem>
          <name>Senate</name>
          <code>0</code>
        </sourceSystem>
        <text>Submitted in the Senate, considered, and agreed to without amendment and with a preamble by Unanimous Consent. (consideration: CR S2204; text: CR S2194)</text>
        <type>Floor</type>
      </item>
      <item>
        <type>Floor</type>
        <sourceSystem>
          <name>Library of Congress</name>
          <code>9</code>
        </sourceSystem>
        <links>
          <link>
            <url>https://www.congress.gov/congressional-record/volume-165/senate-section/page/S2194</url>
            <name>S2194</name>
          </link>
          <link>
            <url>https://www.congress.gov/congressional-record/volume-165/senate-section/page/S2204</url>
            <name>S2204</name>
          </link>
        </links>
        <text>Passed/agreed to in Senate: Submitted in the Senate, considered, and agreed to without amendment and with a preamble by Unanimous Consent.(consideration: CR S2204; text: CR S2194)</text>
        <actionDate>2019-04-02</actionDate>
        <actionCode>17000</actionCode>
        <committee />
      </item>
      <item>
        <type>IntroReferral</type>
        <sourceSystem>
          <name>Library of Congress</name>
          <code>9</code>
        </sourceSystem>
        <links />
        <text>Introduced in Senate</text>
        <actionDate>2019-04-02</actionDate>
        <actionCode>10000</actionCode>
        <committee />
      </item>
      <actionByCounts>
        <senate>3</senate>
      </actionByCounts>
    </actions>
    <calendarNumbers />
    <recordedVotes />
    <committees>
      <billCommittees />
    </committees>
  </bill>
  <dublinCore xmlns:dc="http://purl.org/dc/elements/1.1/">
    <dc:format>text/xml</dc:format>
    <dc:language>EN</dc:language>
    <dc:rights>Pursuant to Title 17 Section 105 of the United States Code, this file is not subject to copyright protection and is in the public domain.</dc:rights>
    <dc:contributor>Congressional Research Service, Library of Congress</dc:contributor>
    <dc:description>This file contains bill summaries and statuses for federal legislation. A bill summary describes the most significant provisions of a piece of legislation and details the effects the legislative text may have on current law and federal programs. Bill summaries are authored by the Congressional Research Service (CRS) of the Library of Congress. As stated in Public Law 91-510 (2 USC 166 (d)(6)), one of the duties of CRS is "to prepare summaries and digests of bills and resolutions of a public general nature introduced in the Senate or House of Representatives". For more information, refer to the User Guide that accompanies this file.</dc:description>
  </dublinCore>
</billStatus>

