<?xml version="1.0" encoding="UTF-8"?>
<billStatus>
  <bill>
    <version>1.0.0</version>
    <cboCostEstimates />
    <relatedBills />
    <amendments />
    <summaries>
      <billSummaries>
        <item>
          <versionCode>00</versionCode>
          <actionDesc>Introduced in Senate</actionDesc>
          <updateDate>2019-06-24T04:00:00Z</updateDate>
          <name>Introduced in Senate</name>
          <lastSummaryUpdateDate>2019-08-19T13:58:04Z</lastSummaryUpdateDate>
          <actionDate>2019-06-24</actionDate>
          <text><![CDATA[<p>This resolution expresses the Senate's position that world leadership in the implementation of 5G wireless technology is a national priority.</p>]]></text>
        </item>
      </billSummaries>
    </summaries>
    <policyArea>
      <name>Science, Technology, Communications</name>
    </policyArea>
    <sponsors>
      <item>
        <firstName>Ron</firstName>
        <middleName />
        <state>WI</state>
        <bioguideId>J000293</bioguideId>
        <identifiers>
          <lisID>2086</lisID>
          <gpoId>8355</gpoId>
          <bioguideId>J000293</bioguideId>
        </identifiers>
        <fullName>Sen. Johnson, Ron [R-WI]</fullName>
        <party>R</party>
        <lastName>Johnson</lastName>
        <byRequestType />
      </item>
    </sponsors>
    <notes />
    <billNumber>259</billNumber>
    <updateDate>2019-11-15T21:55:29Z</updateDate>
    <titles>
      <item>
        <titleType>Official Title as Introduced</titleType>
        <chamberCode />
        <title>A resolution expressing the sense of the Senate that United States leadership in 5G wireless technology is a national priority.</title>
        <parentTitleType />
        <chamberName />
      </item>
      <item>
        <titleType>Display Title</titleType>
        <chamberCode />
        <title>A resolution expressing the sense of the Senate that United States leadership in 5G wireless technology is a national priority.</title>
        <parentTitleType />
        <chamberName />
      </item>
    </titles>
    <createDate>2019-06-25T04:27:09Z</createDate>
    <title>A resolution expressing the sense of the Senate that United States leadership in 5G wireless technology is a national priority.</title>
    <textVersions>
      <item>
        <type>Introduced in Senate</type>
        <formats>
          <item>
            <url>https://www.govinfo.gov/content/pkg/BILLS-116sres259is/xml/BILLS-116sres259is.xml</url>
          </item>
        </formats>
        <date>2019-06-24T04:00:00Z</date>
      </item>
    </textVersions>
    <recordedVotes />
    <calendarNumbers />
    <committeeReports />
    <congress>116</congress>
    <latestAction>
      <actionDate>2019-06-24</actionDate>
      <links />
      <text>Referred to the Committee on Commerce, Science, and Transportation. (text: CR S4459-4460)</text>
    </latestAction>
    <actions>
      <actionByCounts>
        <senate>2</senate>
      </actionByCounts>
      <actionTypeCounts>
        <introducedInSenate>1</introducedInSenate>
        <referredToCommittee>1</referredToCommittee>
      </actionTypeCounts>
      <item>
        <actionDate>2019-06-24</actionDate>
        <committee>
          <name>Commerce, Science, and Transportation Committee</name>
          <systemCode>sscm00</systemCode>
        </committee>
        <links>
          <link>
            <name>S4459-4460</name>
            <url>https://www.congress.gov/congressional-record/volume-165/senate-section/page/S4459-4460</url>
          </link>
        </links>
        <sourceSystem>
          <code>0</code>
          <name>Senate</name>
        </sourceSystem>
        <text>Referred to the Committee on Commerce, Science, and Transportation. (text: CR S4459-4460)</text>
        <type>IntroReferral</type>
      </item>
      <item>
        <type>IntroReferral</type>
        <actionDate>2019-06-24</actionDate>
        <actionCode>10000</actionCode>
        <text>Introduced in Senate</text>
        <links />
        <sourceSystem>
          <code>9</code>
          <name>Library of Congress</name>
        </sourceSystem>
        <committee />
      </item>
    </actions>
    <originChamber>Senate</originChamber>
    <committees>
      <billCommittees>
        <item>
          <subcommittees />
          <type>Standing</type>
          <systemCode>sscm00</systemCode>
          <chamber>Senate</chamber>
          <name>Commerce, Science, and Transportation Committee</name>
          <activities>
            <item>
              <date>2019-06-24T19:59:35Z</date>
              <name>Referred to</name>
            </item>
          </activities>
        </item>
      </billCommittees>
    </committees>
    <introducedDate>2019-06-24</introducedDate>
    <subjects>
      <billSubjects>
        <legislativeSubjects>
          <item>
            <name>Advanced technology and technological innovations</name>
          </item>
          <item>
            <name>Radio spectrum allocation</name>
          </item>
          <item>
            <name>Telephone and wireless communication</name>
          </item>
        </legislativeSubjects>
        <policyArea>
          <name>Science, Technology, Communications</name>
        </policyArea>
      </billSubjects>
    </subjects>
    <cosponsors />
    <billType>SRES</billType>
    <laws />
  </bill>
  <dublinCore xmlns:dc="http://purl.org/dc/elements/1.1/">
    <dc:format>text/xml</dc:format>
    <dc:language>EN</dc:language>
    <dc:rights>Pursuant to Title 17 Section 105 of the United States Code, this file is not subject to copyright protection and is in the public domain.</dc:rights>
    <dc:contributor>Congressional Research Service, Library of Congress</dc:contributor>
    <dc:description>This file contains bill summaries and statuses for federal legislation. A bill summary describes the most significant provisions of a piece of legislation and details the effects the legislative text may have on current law and federal programs. Bill summaries are authored by the Congressional Research Service (CRS) of the Library of Congress. As stated in Public Law 91-510 (2 USC 166 (d)(6)), one of the duties of CRS is "to prepare summaries and digests of bills and resolutions of a public general nature introduced in the Senate or House of Representatives". For more information, refer to the User Guide that accompanies this file.</dc:description>
  </dublinCore>
</billStatus>

