<?xml version="1.0" encoding="UTF-8"?>
<billStatus>
  <bill>
    <version>1.0.0</version>
    <cboCostEstimates />
    <relatedBills>
      <item>
        <congress>116</congress>
        <latestAction>
          <actionDate>2019-09-20</actionDate>
          <text>Referred to the House Committee on Science, Space, and Technology.</text>
        </latestAction>
        <number>572</number>
        <type>HRES</type>
        <latestTitle>Recognizing and supporting the goals and ideals of "National Forensic Science Week".</latestTitle>
        <relationshipDetails>
          <item>
            <type>Related bill</type>
            <identifiedBy>CRS</identifiedBy>
          </item>
        </relationshipDetails>
      </item>
    </relatedBills>
    <amendments />
    <summaries>
      <billSummaries>
        <item>
          <versionCode>00</versionCode>
          <actionDesc>Introduced in Senate</actionDesc>
          <updateDate>2019-09-19T04:00:00Z</updateDate>
          <name>Introduced in Senate</name>
          <lastSummaryUpdateDate>2019-11-15T17:34:10Z</lastSummaryUpdateDate>
          <actionDate>2019-09-19</actionDate>
          <text><![CDATA[<p>This resolution expresses support for the goals and ideals of National Forensic Science Week.<br /></p>]]></text>
        </item>
        <item>
          <versionCode>55</versionCode>
          <actionDesc>Passed Senate</actionDesc>
          <updateDate>2019-09-19T12:42:55Z</updateDate>
          <name>Passed Senate</name>
          <lastSummaryUpdateDate>2019-11-15T17:34:03Z</lastSummaryUpdateDate>
          <actionDate>2019-09-19</actionDate>
          <text><![CDATA[<p>This resolution expresses support for the goals and ideals of National Forensic Science Week.<br /> </p>]]></text>
        </item>
      </billSummaries>
    </summaries>
    <policyArea>
      <name>Science, Technology, Communications</name>
    </policyArea>
    <sponsors>
      <item>
        <firstName>MICHAEL</firstName>
        <middleName>D.</middleName>
        <state>ID</state>
        <bioguideId>C000880</bioguideId>
        <identifiers>
          <lisID>250</lisID>
          <gpoId>8289</gpoId>
          <bioguideId>C000880</bioguideId>
        </identifiers>
        <fullName>Sen. Crapo, Mike [R-ID]</fullName>
        <party>R</party>
        <lastName>CRAPO</lastName>
        <byRequestType />
      </item>
    </sponsors>
    <notes />
    <billNumber>320</billNumber>
    <updateDate>2019-11-20T05:43:23Z</updateDate>
    <titles>
      <item>
        <title>A resolution recognizing and supporting the goals and ideals of National Forensic Science Week.</title>
        <parentTitleType />
        <titleType>Official Title as Introduced</titleType>
        <chamberName />
        <chamberCode />
      </item>
      <item>
        <title>A resolution recognizing and supporting the goals and ideals of National Forensic Science Week.</title>
        <parentTitleType />
        <titleType>Display Title</titleType>
        <chamberName />
        <chamberCode />
      </item>
    </titles>
    <createDate>2019-09-20T04:27:21Z</createDate>
    <title>A resolution recognizing and supporting the goals and ideals of National Forensic Science Week.</title>
    <textVersions>
      <item>
        <type>Agreed to Senate</type>
        <formats>
          <item>
            <url>https://www.govinfo.gov/content/pkg/BILLS-116sres320ats/xml/BILLS-116sres320ats.xml</url>
          </item>
        </formats>
        <date>2019-09-19T04:00:00Z</date>
      </item>
    </textVersions>
    <recordedVotes />
    <calendarNumbers />
    <committeeReports />
    <congress>116</congress>
    <latestAction>
      <actionDate>2019-09-19</actionDate>
      <links />
      <text>Submitted in the Senate, considered, and agreed to without amendment and with a preamble by Unanimous Consent. (consideration: CR S5609; text: CR S5608)</text>
    </latestAction>
    <actions>
      <actionTypeCounts>
        <introducedInSenate>1</introducedInSenate>
        <passedOrAgreedToInSenateDayOf>1</passedOrAgreedToInSenateDayOf>
        <passedAgreedToInSenate>1</passedAgreedToInSenate>
      </actionTypeCounts>
      <item>
        <actionDate>2019-09-19</actionDate>
        <committee />
        <links>
          <link>
            <name>S5608</name>
            <url>https://www.congress.gov/congressional-record/volume-165/senate-section/page/S5608</url>
          </link>
          <link>
            <name>S5609</name>
            <url>https://www.congress.gov/congressional-record/volume-165/senate-section/page/S5609</url>
          </link>
        </links>
        <sourceSystem>
          <name>Senate</name>
          <code>0</code>
        </sourceSystem>
        <text>Submitted in the Senate, considered, and agreed to without amendment and with a preamble by Unanimous Consent. (consideration: CR S5609; text: CR S5608)</text>
        <type>Floor</type>
      </item>
      <item>
        <links>
          <link>
            <name>S5608</name>
            <url>https://www.congress.gov/congressional-record/volume-165/senate-section/page/S5608</url>
          </link>
          <link>
            <name>S5609</name>
            <url>https://www.congress.gov/congressional-record/volume-165/senate-section/page/S5609</url>
          </link>
        </links>
        <sourceSystem>
          <name>Library of Congress</name>
          <code>9</code>
        </sourceSystem>
        <committee />
        <actionCode>17000</actionCode>
        <text>Passed/agreed to in Senate: Submitted in the Senate, considered, and agreed to without amendment and with a preamble by Unanimous Consent.(consideration: CR S5609; text: CR S5608)</text>
        <actionDate>2019-09-19</actionDate>
        <type>Floor</type>
      </item>
      <item>
        <links />
        <sourceSystem>
          <name>Library of Congress</name>
          <code>9</code>
        </sourceSystem>
        <committee />
        <actionCode>10000</actionCode>
        <text>Introduced in Senate</text>
        <actionDate>2019-09-19</actionDate>
        <type>IntroReferral</type>
      </item>
      <actionByCounts>
        <senate>3</senate>
      </actionByCounts>
    </actions>
    <originChamber>Senate</originChamber>
    <committees>
      <billCommittees />
    </committees>
    <introducedDate>2019-09-19</introducedDate>
    <subjects>
      <billSubjects>
        <policyArea>
          <name>Science, Technology, Communications</name>
        </policyArea>
        <legislativeSubjects />
      </billSubjects>
    </subjects>
    <cosponsors>
      <item>
        <firstName>James</firstName>
        <isOriginalCosponsor>True</isOriginalCosponsor>
        <middleName>E.</middleName>
        <fullName>Sen. Risch, James E. [R-ID]</fullName>
        <lastName>Risch</lastName>
        <identifiers>
          <lisID>1896</lisID>
          <gpoId>8274</gpoId>
          <bioguideId>R000584</bioguideId>
        </identifiers>
        <sponsorshipWithdrawnDate />
        <state>ID</state>
        <bioguideId>R000584</bioguideId>
        <party>R</party>
        <sponsorshipDate>2019-09-19</sponsorshipDate>
      </item>
      <item>
        <firstName>DIANNE</firstName>
        <isOriginalCosponsor>True</isOriginalCosponsor>
        <middleName />
        <fullName>Sen. Feinstein, Dianne [D-CA]</fullName>
        <lastName>FEINSTEIN</lastName>
        <identifiers>
          <lisID>1332</lisID>
          <gpoId>8338</gpoId>
          <bioguideId>F000062</bioguideId>
        </identifiers>
        <sponsorshipWithdrawnDate />
        <state>CA</state>
        <bioguideId>F000062</bioguideId>
        <party>D</party>
        <sponsorshipDate>2019-09-19</sponsorshipDate>
      </item>
    </cosponsors>
    <billType>SRES</billType>
    <laws />
  </bill>
  <dublinCore xmlns:dc="http://purl.org/dc/elements/1.1/">
    <dc:format>text/xml</dc:format>
    <dc:language>EN</dc:language>
    <dc:rights>Pursuant to Title 17 Section 105 of the United States Code, this file is not subject to copyright protection and is in the public domain.</dc:rights>
    <dc:contributor>Congressional Research Service, Library of Congress</dc:contributor>
    <dc:description>This file contains bill summaries and statuses for federal legislation. A bill summary describes the most significant provisions of a piece of legislation and details the effects the legislative text may have on current law and federal programs. Bill summaries are authored by the Congressional Research Service (CRS) of the Library of Congress. As stated in Public Law 91-510 (2 USC 166 (d)(6)), one of the duties of CRS is "to prepare summaries and digests of bills and resolutions of a public general nature introduced in the Senate or House of Representatives". For more information, refer to the User Guide that accompanies this file.</dc:description>
  </dublinCore>
</billStatus>

