<?xml version="1.0" encoding="UTF-8"?>
<billStatus>
  <bill>
    <summaries>
      <billSummaries>
        <item>
          <actionDate>2019-04-10</actionDate>
          <versionCode>00</versionCode>
          <name>Introduced in Senate</name>
          <updateDate>2019-04-10T04:00:00Z</updateDate>
          <lastSummaryUpdateDate>2019-10-07T21:41:02Z</lastSummaryUpdateDate>
          <actionDesc>Introduced in Senate</actionDesc>
          <text><![CDATA[<p>This resolution recognizes (1) the significance of April 11-17, 2019, as Black Maternal Health Week; (2) that Black Maternal Health Week is an opportunity to raise national awareness of the state of black maternal health in the United States; and (3) that black women experience high, disproportionate rates of maternal mortality and morbidity.</p>]]></text>
        </item>
      </billSummaries>
    </summaries>
    <congress>116</congress>
    <titles>
      <item>
        <title>A resolution recognizing the week of April 11 through April 17, 2019, as "Black Maternal Health Week" to bring national attention to the maternal health crisis in the Black community and the importance of reducing maternal mortality and morbidity among Black women.</title>
        <chamberCode />
        <parentTitleType />
        <titleType>Official Title as Introduced</titleType>
        <chamberName />
      </item>
      <item>
        <title>A resolution recognizing the week of April 11 through April 17, 2019, as "Black Maternal Health Week" to bring national attention to the maternal health crisis in the Black community and the importance of reducing maternal mortality and morbidity among Black women.</title>
        <chamberCode />
        <parentTitleType />
        <titleType>Display Title</titleType>
        <chamberName />
      </item>
    </titles>
    <billType>SRES</billType>
    <updateDate>2019-11-15T22:00:42Z</updateDate>
    <title>A resolution recognizing the week of April 11 through April 17, 2019, as "Black Maternal Health Week" to bring national attention to the maternal health crisis in the Black community and the importance of reducing maternal mortality and morbidity among Black women.</title>
    <recordedVotes />
    <committees>
      <billCommittees>
        <item>
          <chamber>Senate</chamber>
          <subcommittees />
          <type>Standing</type>
          <activities>
            <item>
              <name>Referred to</name>
              <date>2019-04-10T20:39:57Z</date>
            </item>
          </activities>
          <name>HELP Committee</name>
          <systemCode>sshr00</systemCode>
        </item>
      </billCommittees>
    </committees>
    <actions>
      <actionByCounts>
        <senate>2</senate>
      </actionByCounts>
      <item>
        <actionDate>2019-04-10</actionDate>
        <committee>
          <systemCode>sshr00</systemCode>
          <name>HELP Committee</name>
        </committee>
        <links>
          <link>
            <name>S2390</name>
            <url>https://www.congress.gov/congressional-record/volume-165/senate-section/page/S2390</url>
          </link>
        </links>
        <sourceSystem>
          <name>Senate</name>
          <code>0</code>
        </sourceSystem>
        <text>Referred to the Committee on Health, Education, Labor, and Pensions. (text: CR S2390)</text>
        <type>IntroReferral</type>
      </item>
      <item>
        <committee />
        <type>IntroReferral</type>
        <actionDate>2019-04-10</actionDate>
        <actionCode>10000</actionCode>
        <text>Introduced in Senate</text>
        <links />
        <sourceSystem>
          <name>Library of Congress</name>
          <code>9</code>
        </sourceSystem>
      </item>
      <actionTypeCounts>
        <referredToCommittee>1</referredToCommittee>
        <introducedInSenate>1</introducedInSenate>
      </actionTypeCounts>
    </actions>
    <createDate>2019-04-11T04:57:10Z</createDate>
    <policyArea>
      <name>Health</name>
    </policyArea>
    <originChamber>Senate</originChamber>
    <committeeReports />
    <version>1.0.0</version>
    <textVersions>
      <item>
        <type>Introduced in Senate</type>
        <date>2019-04-10T04:00:00Z</date>
        <formats>
          <item>
            <url>https://www.govinfo.gov/content/pkg/BILLS-116sres154is/xml/BILLS-116sres154is.xml</url>
          </item>
        </formats>
      </item>
    </textVersions>
    <billNumber>154</billNumber>
    <notes />
    <sponsors>
      <item>
        <firstName>Kamala</firstName>
        <middleName>D.</middleName>
        <lastName>Harris</lastName>
        <identifiers>
          <bioguideId>H001075</bioguideId>
          <lisID>2301</lisID>
          <gpoId />
        </identifiers>
        <bioguideId>H001075</bioguideId>
        <byRequestType />
        <state>CA</state>
        <fullName>Sen. Harris, Kamala D. [D-CA]</fullName>
        <party>D</party>
      </item>
    </sponsors>
    <calendarNumbers />
    <introducedDate>2019-04-10</introducedDate>
    <amendments />
    <subjects>
      <billSubjects>
        <legislativeSubjects>
          <item>
            <name>Commemorative events and holidays</name>
          </item>
          <item>
            <name>Community life and organization</name>
          </item>
          <item>
            <name>Criminal investigation, prosecution, interrogation</name>
          </item>
          <item>
            <name>Disability and health-based discrimination</name>
          </item>
          <item>
            <name>Economic development</name>
          </item>
          <item>
            <name>Hazardous wastes and toxic substances</name>
          </item>
          <item>
            <name>Health care costs and insurance</name>
          </item>
          <item>
            <name>Health care coverage and access</name>
          </item>
          <item>
            <name>Housing supply and affordability</name>
          </item>
          <item>
            <name>Human rights</name>
          </item>
          <item>
            <name>Minority health</name>
          </item>
          <item>
            <name>Nutrition and diet</name>
          </item>
          <item>
            <name>Racial and ethnic relations</name>
          </item>
          <item>
            <name>Sex and reproductive health</name>
          </item>
          <item>
            <name>Violent crime</name>
          </item>
          <item>
            <name>Wages and earnings</name>
          </item>
          <item>
            <name>Water quality</name>
          </item>
          <item>
            <name>Women's health</name>
          </item>
        </legislativeSubjects>
        <policyArea>
          <name>Health</name>
        </policyArea>
      </billSubjects>
    </subjects>
    <laws />
    <cosponsors>
      <item>
        <party>D</party>
        <state>WI</state>
        <identifiers>
          <lisID>1558</lisID>
          <gpoId>8215</gpoId>
          <bioguideId>B001230</bioguideId>
        </identifiers>
        <middleName />
        <sponsorshipWithdrawnDate />
        <bioguideId>B001230</bioguideId>
        <isOriginalCosponsor>True</isOriginalCosponsor>
        <firstName>Tammy</firstName>
        <fullName>Sen. Baldwin, Tammy [D-WI]</fullName>
        <sponsorshipDate>2019-04-10</sponsorshipDate>
        <lastName>Baldwin</lastName>
      </item>
      <item>
        <party>D</party>
        <state>IL</state>
        <identifiers>
          <bioguideId>D000563</bioguideId>
          <gpoId>8326</gpoId>
          <lisID>326</lisID>
        </identifiers>
        <middleName>J.</middleName>
        <sponsorshipWithdrawnDate />
        <bioguideId>D000563</bioguideId>
        <isOriginalCosponsor>True</isOriginalCosponsor>
        <firstName>RICHARD</firstName>
        <fullName>Sen. Durbin, Richard J. [D-IL]</fullName>
        <sponsorshipDate>2019-04-10</sponsorshipDate>
        <lastName>DURBIN</lastName>
      </item>
      <item>
        <party>D</party>
        <state>OR</state>
        <identifiers>
          <bioguideId>W000779</bioguideId>
          <lisID>1247</lisID>
          <gpoId>8265</gpoId>
        </identifiers>
        <middleName />
        <sponsorshipWithdrawnDate />
        <bioguideId>W000779</bioguideId>
        <isOriginalCosponsor>True</isOriginalCosponsor>
        <firstName>RON</firstName>
        <fullName>Sen. Wyden, Ron [D-OR]</fullName>
        <sponsorshipDate>2019-04-10</sponsorshipDate>
        <lastName>WYDEN</lastName>
      </item>
      <item>
        <party>D</party>
        <state>MN</state>
        <identifiers>
          <bioguideId>K000367</bioguideId>
          <lisID>1826</lisID>
          <gpoId>8249</gpoId>
        </identifiers>
        <middleName />
        <sponsorshipWithdrawnDate />
        <bioguideId>K000367</bioguideId>
        <isOriginalCosponsor>True</isOriginalCosponsor>
        <firstName>Amy</firstName>
        <fullName>Sen. Klobuchar, Amy [D-MN]</fullName>
        <sponsorshipDate>2019-04-10</sponsorshipDate>
        <lastName>Klobuchar</lastName>
      </item>
      <item>
        <party>D</party>
        <state>OR</state>
        <identifiers>
          <lisID>1900</lisID>
          <gpoId>8238</gpoId>
          <bioguideId>M001176</bioguideId>
        </identifiers>
        <middleName />
        <sponsorshipWithdrawnDate />
        <bioguideId>M001176</bioguideId>
        <isOriginalCosponsor>True</isOriginalCosponsor>
        <firstName>Jeff</firstName>
        <fullName>Sen. Merkley, Jeff [D-OR]</fullName>
        <sponsorshipDate>2019-04-10</sponsorshipDate>
        <lastName>Merkley</lastName>
      </item>
      <item>
        <party>D</party>
        <state>NY</state>
        <identifiers>
          <bioguideId>G000555</bioguideId>
          <lisID>1866</lisID>
          <gpoId>8336</gpoId>
        </identifiers>
        <middleName>E.</middleName>
        <sponsorshipWithdrawnDate />
        <bioguideId>G000555</bioguideId>
        <isOriginalCosponsor>True</isOriginalCosponsor>
        <firstName>Kirsten</firstName>
        <fullName>Sen. Gillibrand, Kirsten E. [D-NY]</fullName>
        <sponsorshipDate>2019-04-10</sponsorshipDate>
        <lastName>Gillibrand</lastName>
      </item>
      <item>
        <party>D</party>
        <state>MI</state>
        <identifiers>
          <lisID>1531</lisID>
          <gpoId>8261</gpoId>
          <bioguideId>S000770</bioguideId>
        </identifiers>
        <middleName>ANN</middleName>
        <sponsorshipWithdrawnDate />
        <bioguideId>S000770</bioguideId>
        <isOriginalCosponsor>True</isOriginalCosponsor>
        <firstName>DEBORAH</firstName>
        <fullName>Sen. Stabenow, Debbie [D-MI]</fullName>
        <sponsorshipDate>2019-04-10</sponsorshipDate>
        <lastName>STABENOW</lastName>
      </item>
      <item>
        <party>D</party>
        <state>OH</state>
        <identifiers>
          <lisID>136</lisID>
          <gpoId>8309</gpoId>
          <bioguideId>B000944</bioguideId>
        </identifiers>
        <middleName />
        <sponsorshipWithdrawnDate />
        <bioguideId>B000944</bioguideId>
        <isOriginalCosponsor>True</isOriginalCosponsor>
        <firstName>Sherrod</firstName>
        <fullName>Sen. Brown, Sherrod [D-OH]</fullName>
        <sponsorshipDate>2019-04-10</sponsorshipDate>
        <lastName>Brown</lastName>
      </item>
      <item>
        <party>D</party>
        <state>CA</state>
        <identifiers>
          <lisID>1332</lisID>
          <gpoId>8338</gpoId>
          <bioguideId>F000062</bioguideId>
        </identifiers>
        <middleName />
        <sponsorshipWithdrawnDate />
        <bioguideId>F000062</bioguideId>
        <isOriginalCosponsor>True</isOriginalCosponsor>
        <firstName>DIANNE</firstName>
        <fullName>Sen. Feinstein, Dianne [D-CA]</fullName>
        <sponsorshipDate>2019-04-10</sponsorshipDate>
        <lastName>FEINSTEIN</lastName>
      </item>
      <item>
        <party>D</party>
        <state>HI</state>
        <identifiers>
          <bioguideId>H001042</bioguideId>
          <gpoId>7913</gpoId>
          <lisID>1844</lisID>
        </identifiers>
        <middleName>K.</middleName>
        <sponsorshipWithdrawnDate />
        <bioguideId>H001042</bioguideId>
        <isOriginalCosponsor>True</isOriginalCosponsor>
        <firstName>Mazie</firstName>
        <fullName>Sen. Hirono, Mazie K. [D-HI]</fullName>
        <sponsorshipDate>2019-04-10</sponsorshipDate>
        <lastName>Hirono</lastName>
      </item>
      <item>
        <party>D</party>
        <state>CT</state>
        <identifiers>
          <lisID>2076</lisID>
          <gpoId>8332</gpoId>
          <bioguideId>B001277</bioguideId>
        </identifiers>
        <middleName />
        <sponsorshipWithdrawnDate />
        <bioguideId>B001277</bioguideId>
        <isOriginalCosponsor>True</isOriginalCosponsor>
        <firstName>Richard</firstName>
        <fullName>Sen. Blumenthal, Richard [D-CT]</fullName>
        <sponsorshipDate>2019-04-10</sponsorshipDate>
        <lastName>Blumenthal</lastName>
      </item>
      <item>
        <party>D</party>
        <state>NJ</state>
        <identifiers>
          <lisID>2194</lisID>
          <gpoId />
          <bioguideId>B001288</bioguideId>
        </identifiers>
        <middleName>A.</middleName>
        <sponsorshipWithdrawnDate />
        <bioguideId>B001288</bioguideId>
        <isOriginalCosponsor>True</isOriginalCosponsor>
        <firstName>Cory</firstName>
        <fullName>Sen. Booker, Cory A. [D-NJ]</fullName>
        <sponsorshipDate>2019-04-10</sponsorshipDate>
        <lastName>Booker</lastName>
      </item>
      <item>
        <party>D</party>
        <state>WA</state>
        <identifiers>
          <bioguideId>M001111</bioguideId>
          <gpoId>8237</gpoId>
          <lisID>1409</lisID>
        </identifiers>
        <middleName />
        <sponsorshipWithdrawnDate />
        <bioguideId>M001111</bioguideId>
        <isOriginalCosponsor>True</isOriginalCosponsor>
        <firstName>PATTY</firstName>
        <fullName>Sen. Murray, Patty [D-WA]</fullName>
        <sponsorshipDate>2019-04-10</sponsorshipDate>
        <lastName>MURRAY</lastName>
      </item>
      <item>
        <party>D</party>
        <state>IL</state>
        <identifiers>
          <lisID>2123</lisID>
          <gpoId />
          <bioguideId>D000622</bioguideId>
        </identifiers>
        <middleName />
        <sponsorshipWithdrawnDate />
        <bioguideId>D000622</bioguideId>
        <isOriginalCosponsor>True</isOriginalCosponsor>
        <firstName>Tammy</firstName>
        <fullName>Sen. Duckworth, Tammy [D-IL]</fullName>
        <sponsorshipDate>2019-04-10</sponsorshipDate>
        <lastName>Duckworth</lastName>
      </item>
      <item>
        <party>D</party>
        <state>MA</state>
        <identifiers>
          <lisID>735</lisID>
          <gpoId>7972</gpoId>
          <bioguideId>M000133</bioguideId>
        </identifiers>
        <middleName>J.</middleName>
        <sponsorshipWithdrawnDate />
        <bioguideId>M000133</bioguideId>
        <isOriginalCosponsor>True</isOriginalCosponsor>
        <firstName>EDWARD</firstName>
        <fullName>Sen. Markey, Edward J. [D-MA]</fullName>
        <sponsorshipDate>2019-04-10</sponsorshipDate>
        <lastName>MARKEY</lastName>
      </item>
      <item>
        <party>D</party>
        <state>MD</state>
        <identifiers>
          <bioguideId>V000128</bioguideId>
          <gpoId>7983</gpoId>
          <lisID>1729</lisID>
        </identifiers>
        <middleName />
        <sponsorshipWithdrawnDate />
        <bioguideId>V000128</bioguideId>
        <isOriginalCosponsor>True</isOriginalCosponsor>
        <firstName>Chris</firstName>
        <fullName>Sen. Van Hollen, Chris [D-MD]</fullName>
        <sponsorshipDate>2019-04-10</sponsorshipDate>
        <lastName>Van Hollen</lastName>
      </item>
    </cosponsors>
    <relatedBills>
      <item>
        <latestAction>
          <text>Referred to the House Committee on Energy and Commerce.</text>
          <actionDate>2019-04-12</actionDate>
        </latestAction>
        <type>HRES</type>
        <relationshipDetails>
          <item>
            <type>Related bill</type>
            <identifiedBy>CRS</identifiedBy>
          </item>
        </relationshipDetails>
        <congress>116</congress>
        <number>317</number>
        <latestTitle>Supporting the designation of the week of April 11 through April 17, 2019 as "Black Maternal Health Week".</latestTitle>
      </item>
    </relatedBills>
    <cboCostEstimates />
    <latestAction>
      <text>Referred to the Committee on Health, Education, Labor, and Pensions. (text: CR S2390)</text>
      <links />
      <actionDate>2019-04-10</actionDate>
    </latestAction>
  </bill>
  <dublinCore xmlns:dc="http://purl.org/dc/elements/1.1/">
    <dc:format>text/xml</dc:format>
    <dc:language>EN</dc:language>
    <dc:rights>Pursuant to Title 17 Section 105 of the United States Code, this file is not subject to copyright protection and is in the public domain.</dc:rights>
    <dc:contributor>Congressional Research Service, Library of Congress</dc:contributor>
    <dc:description>This file contains bill summaries and statuses for federal legislation. A bill summary describes the most significant provisions of a piece of legislation and details the effects the legislative text may have on current law and federal programs. Bill summaries are authored by the Congressional Research Service (CRS) of the Library of Congress. As stated in Public Law 91-510 (2 USC 166 (d)(6)), one of the duties of CRS is "to prepare summaries and digests of bills and resolutions of a public general nature introduced in the Senate or House of Representatives". For more information, refer to the User Guide that accompanies this file.</dc:description>
  </dublinCore>
</billStatus>

