<?xml version="1.0" encoding="UTF-8"?>
<billStatus>
  <bill>
    <summaries>
      <billSummaries>
        <item>
          <lastSummaryUpdateDate>2019-10-07T21:26:45Z</lastSummaryUpdateDate>
          <text><![CDATA[<p> This resolution expresses support for the designation of April 2019 as National Donate Life Month and for promoting awareness of organ and tissue donation.</p>]]></text>
          <versionCode>00</versionCode>
          <actionDate>2019-04-11</actionDate>
          <actionDesc>Introduced in Senate</actionDesc>
          <updateDate>2019-04-11T04:00:00Z</updateDate>
          <name>Introduced in Senate</name>
        </item>
        <item>
          <lastSummaryUpdateDate>2019-10-07T21:27:42Z</lastSummaryUpdateDate>
          <text><![CDATA[<p> This resolution expresses support for the designation of April 2019 as National Donate Life Month and for promoting awareness of organ and tissue donation.</p>]]></text>
          <versionCode>55</versionCode>
          <actionDate>2019-05-06</actionDate>
          <actionDesc>Passed Senate</actionDesc>
          <updateDate>2019-05-06T13:03:54Z</updateDate>
          <name>Passed Senate</name>
        </item>
      </billSummaries>
    </summaries>
    <congress>116</congress>
    <titles>
      <item>
        <titleType>Official Title as Introduced</titleType>
        <chamberCode />
        <title>A resolution supporting the designation of April 2019 as "National Donate Life Month".</title>
        <parentTitleType />
        <chamberName />
      </item>
      <item>
        <titleType>Display Title</titleType>
        <chamberCode />
        <title>A resolution supporting the designation of April 2019 as "National Donate Life Month".</title>
        <parentTitleType />
        <chamberName />
      </item>
    </titles>
    <billType>SRES</billType>
    <updateDate>2019-11-15T22:00:43Z</updateDate>
    <title>A resolution supporting the designation of April 2019 as "National Donate Life Month".</title>
    <recordedVotes />
    <committees>
      <billCommittees>
        <item>
          <subcommittees />
          <type>Standing</type>
          <systemCode>sshr00</systemCode>
          <chamber>Senate</chamber>
          <name>HELP Committee</name>
          <activities>
            <item>
              <date>2019-05-06T22:50:04Z</date>
              <name>Discharged from</name>
            </item>
            <item>
              <date>2019-04-11T20:10:15Z</date>
              <name>Referred to</name>
            </item>
          </activities>
        </item>
      </billCommittees>
    </committees>
    <actions>
      <actionByCounts>
        <senate>6</senate>
      </actionByCounts>
      <actionTypeCounts>
        <committeeDischarged>1</committeeDischarged>
        <introducedInSenate>1</introducedInSenate>
        <passedAgreedToInSenate>1</passedAgreedToInSenate>
        <referredToCommittee>1</referredToCommittee>
        <agreedToInSenate>1</agreedToInSenate>
        <senateCommitteeDischarged>1</senateCommitteeDischarged>
      </actionTypeCounts>
      <item>
        <actionDate>2019-05-06</actionDate>
        <committee />
        <links>
          <link>
            <name>CR 4/11/2019 S2441</name>
            <url>https://www.congress.gov/congressional-record/volume-165/senate-section/page/S2441</url>
          </link>
        </links>
        <sourceSystem>
          <code>0</code>
          <name>Senate</name>
        </sourceSystem>
        <text>Resolution agreed to in Senate without amendment and with a preamble by Unanimous Consent. (text: CR 4/11/2019 S2441)</text>
        <type>Floor</type>
      </item>
      <item>
        <type>Floor</type>
        <actionDate>2019-05-06</actionDate>
        <actionCode>17000</actionCode>
        <text>Passed/agreed to in Senate: Resolution agreed to in Senate without amendment and with a preamble by Unanimous Consent.(text: CR 4/11/2019 S2441)</text>
        <links>
          <link>
            <name>CR 4/11/2019 S2441</name>
            <url>https://www.congress.gov/congressional-record/volume-165/senate-section/page/S2441</url>
          </link>
        </links>
        <sourceSystem>
          <code>9</code>
          <name>Library of Congress</name>
        </sourceSystem>
        <committee />
      </item>
      <item>
        <actionDate>2019-05-06</actionDate>
        <committee>
          <name>HELP Committee</name>
          <systemCode>sshr00</systemCode>
        </committee>
        <links>
          <link>
            <name>S2655</name>
            <url>https://www.congress.gov/congressional-record/volume-165/senate-section/page/S2655</url>
          </link>
        </links>
        <sourceSystem>
          <code>0</code>
          <name>Senate</name>
        </sourceSystem>
        <text>Senate Committee on Health, Education, Labor, and Pensions discharged by Unanimous Consent. (consideration: CR S2655)</text>
        <type>Discharge</type>
      </item>
      <item>
        <type>Committee</type>
        <actionDate>2019-05-06</actionDate>
        <sourceSystem>
          <code>9</code>
          <name>Library of Congress</name>
        </sourceSystem>
        <text>Senate Committee on Health, Education, Labor, and Pensions discharged by Unanimous Consent.(consideration: CR S2655)</text>
        <links>
          <link>
            <name>S2655</name>
            <url>https://www.congress.gov/congressional-record/volume-165/senate-section/page/S2655</url>
          </link>
        </links>
        <actionCode>14500</actionCode>
        <committee>
          <name>HELP Committee</name>
          <systemCode>sshr00</systemCode>
        </committee>
      </item>
      <item>
        <actionDate>2019-04-11</actionDate>
        <committee>
          <name>HELP Committee</name>
          <systemCode>sshr00</systemCode>
        </committee>
        <links />
        <sourceSystem>
          <code>0</code>
          <name>Senate</name>
        </sourceSystem>
        <text>Referred to the Committee on Health, Education, Labor, and Pensions.</text>
        <type>IntroReferral</type>
      </item>
      <item>
        <type>IntroReferral</type>
        <actionDate>2019-04-11</actionDate>
        <actionCode>10000</actionCode>
        <text>Introduced in Senate</text>
        <links />
        <sourceSystem>
          <code>9</code>
          <name>Library of Congress</name>
        </sourceSystem>
        <committee />
      </item>
    </actions>
    <createDate>2019-04-12T04:57:08Z</createDate>
    <policyArea>
      <name>Health</name>
    </policyArea>
    <originChamber>Senate</originChamber>
    <committeeReports />
    <version>1.0.0</version>
    <textVersions>
      <item>
        <type>Agreed to Senate</type>
        <formats>
          <item>
            <url>https://www.govinfo.gov/content/pkg/BILLS-116sres162ats/xml/BILLS-116sres162ats.xml</url>
          </item>
        </formats>
        <date>2019-05-06T04:00:00Z</date>
      </item>
      <item>
        <type>Introduced in Senate</type>
        <formats>
          <item>
            <url>https://www.govinfo.gov/content/pkg/BILLS-116sres162is/xml/BILLS-116sres162is.xml</url>
          </item>
        </formats>
        <date>2019-04-11T04:00:00Z</date>
      </item>
    </textVersions>
    <billNumber>162</billNumber>
    <notes />
    <sponsors>
      <item>
        <firstName>Elizabeth</firstName>
        <middleName>A.</middleName>
        <lastName>Warren</lastName>
        <identifiers>
          <lisID>2182</lisID>
          <gpoId />
          <bioguideId>W000817</bioguideId>
        </identifiers>
        <bioguideId>W000817</bioguideId>
        <byRequestType />
        <state>MA</state>
        <fullName>Sen. Warren, Elizabeth [D-MA]</fullName>
        <party>D</party>
      </item>
    </sponsors>
    <calendarNumbers />
    <introducedDate>2019-04-11</introducedDate>
    <amendments />
    <subjects>
      <billSubjects>
        <policyArea>
          <name>Health</name>
        </policyArea>
        <legislativeSubjects>
          <item>
            <name>Commemorative events and holidays</name>
          </item>
          <item>
            <name>Congressional tributes</name>
          </item>
          <item>
            <name>Health personnel</name>
          </item>
          <item>
            <name>Health promotion and preventive care</name>
          </item>
          <item>
            <name>Health technology, devices, supplies</name>
          </item>
          <item>
            <name>Organ and tissue donation and transplantation</name>
          </item>
        </legislativeSubjects>
      </billSubjects>
    </subjects>
    <laws />
    <cosponsors>
      <item>
        <firstName>SUSAN</firstName>
        <middleName>MARGARET</middleName>
        <isOriginalCosponsor>True</isOriginalCosponsor>
        <state>ME</state>
        <bioguideId>C001035</bioguideId>
        <identifiers>
          <lisID>1541</lisID>
          <gpoId>8291</gpoId>
          <bioguideId>C001035</bioguideId>
        </identifiers>
        <sponsorshipWithdrawnDate />
        <sponsorshipDate>2019-04-11</sponsorshipDate>
        <fullName>Sen. Collins, Susan M. [R-ME]</fullName>
        <party>R</party>
        <lastName>COLLINS</lastName>
      </item>
    </cosponsors>
    <relatedBills>
      <item>
        <number>315</number>
        <congress>116</congress>
        <type>HRES</type>
        <latestAction>
          <actionDate>2019-04-12</actionDate>
          <text>Referred to the House Committee on Energy and Commerce.</text>
        </latestAction>
        <latestTitle>Expressing support for the designation of April 2019 as "National Donate Life Month".</latestTitle>
        <relationshipDetails>
          <item>
            <type>Related bill</type>
            <identifiedBy>CRS</identifiedBy>
          </item>
        </relationshipDetails>
      </item>
    </relatedBills>
    <cboCostEstimates />
    <latestAction>
      <text>Resolution agreed to in Senate without amendment and with a preamble by Unanimous Consent. (text: CR 4/11/2019 S2441)</text>
      <links />
      <actionDate>2019-05-06</actionDate>
    </latestAction>
  </bill>
  <dublinCore xmlns:dc="http://purl.org/dc/elements/1.1/">
    <dc:format>text/xml</dc:format>
    <dc:language>EN</dc:language>
    <dc:rights>Pursuant to Title 17 Section 105 of the United States Code, this file is not subject to copyright protection and is in the public domain.</dc:rights>
    <dc:contributor>Congressional Research Service, Library of Congress</dc:contributor>
    <dc:description>This file contains bill summaries and statuses for federal legislation. A bill summary describes the most significant provisions of a piece of legislation and details the effects the legislative text may have on current law and federal programs. Bill summaries are authored by the Congressional Research Service (CRS) of the Library of Congress. As stated in Public Law 91-510 (2 USC 166 (d)(6)), one of the duties of CRS is "to prepare summaries and digests of bills and resolutions of a public general nature introduced in the Senate or House of Representatives". For more information, refer to the User Guide that accompanies this file.</dc:description>
  </dublinCore>
</billStatus>

