<?xml version="1.0" encoding="UTF-8"?>
<billStatus>
  <bill>
    <sponsors>
      <item>
        <lastName>Coons</lastName>
        <firstName>Christopher</firstName>
        <middleName>A.</middleName>
        <bioguideId>C001088</bioguideId>
        <identifiers>
          <gpoId>8297</gpoId>
          <lisID>1984</lisID>
          <bioguideId>C001088</bioguideId>
        </identifiers>
        <byRequestType />
        <party>D</party>
        <fullName>Sen. Coons, Christopher A. [D-DE]</fullName>
        <state>DE</state>
      </item>
    </sponsors>
    <createDate>2019-03-28T04:42:07Z</createDate>
    <textVersions>
      <item>
        <formats>
          <item>
            <url>https://www.govinfo.gov/content/pkg/BILLS-116sres127ats/xml/BILLS-116sres127ats.xml</url>
          </item>
        </formats>
        <date>2019-03-27T04:00:00Z</date>
        <type>Agreed to Senate</type>
      </item>
    </textVersions>
    <cosponsors>
      <item>
        <fullName>Sen. Cassidy, Bill [R-LA]</fullName>
        <sponsorshipWithdrawnDate />
        <middleName />
        <firstName>Bill</firstName>
        <identifiers>
          <bioguideId>C001075</bioguideId>
          <gpoId>7964</gpoId>
          <lisID>1925</lisID>
        </identifiers>
        <lastName>Cassidy</lastName>
        <isOriginalCosponsor>True</isOriginalCosponsor>
        <bioguideId>C001075</bioguideId>
        <sponsorshipDate>2019-03-27</sponsorshipDate>
        <state>LA</state>
        <party>R</party>
      </item>
      <item>
        <fullName>Sen. Whitehouse, Sheldon [D-RI]</fullName>
        <sponsorshipWithdrawnDate />
        <middleName />
        <firstName>Sheldon</firstName>
        <identifiers>
          <gpoId>8264</gpoId>
          <lisID>1823</lisID>
          <bioguideId>W000802</bioguideId>
        </identifiers>
        <lastName>Whitehouse</lastName>
        <isOriginalCosponsor>True</isOriginalCosponsor>
        <bioguideId>W000802</bioguideId>
        <sponsorshipDate>2019-03-27</sponsorshipDate>
        <state>RI</state>
        <party>D</party>
      </item>
      <item>
        <fullName>Sen. Brown, Sherrod [D-OH]</fullName>
        <sponsorshipWithdrawnDate />
        <middleName />
        <firstName>Sherrod</firstName>
        <identifiers>
          <lisID>136</lisID>
          <bioguideId>B000944</bioguideId>
          <gpoId>8309</gpoId>
        </identifiers>
        <lastName>Brown</lastName>
        <isOriginalCosponsor>True</isOriginalCosponsor>
        <bioguideId>B000944</bioguideId>
        <sponsorshipDate>2019-03-27</sponsorshipDate>
        <state>OH</state>
        <party>D</party>
      </item>
      <item>
        <fullName>Sen. Hassan, Margaret Wood [D-NH]</fullName>
        <sponsorshipWithdrawnDate />
        <middleName>Wood</middleName>
        <firstName>Margaret</firstName>
        <identifiers>
          <gpoId />
          <lisID>2302</lisID>
          <bioguideId>H001076</bioguideId>
        </identifiers>
        <lastName>Hassan</lastName>
        <isOriginalCosponsor>True</isOriginalCosponsor>
        <bioguideId>H001076</bioguideId>
        <sponsorshipDate>2019-03-27</sponsorshipDate>
        <state>NH</state>
        <party>D</party>
      </item>
      <item>
        <fullName>Sen. Harris, Kamala D. [D-CA]</fullName>
        <sponsorshipWithdrawnDate />
        <middleName>D.</middleName>
        <firstName>Kamala</firstName>
        <identifiers>
          <lisID>2301</lisID>
          <gpoId />
          <bioguideId>H001075</bioguideId>
        </identifiers>
        <lastName>Harris</lastName>
        <isOriginalCosponsor>True</isOriginalCosponsor>
        <bioguideId>H001075</bioguideId>
        <sponsorshipDate>2019-03-27</sponsorshipDate>
        <state>CA</state>
        <party>D</party>
      </item>
      <item>
        <fullName>Sen. Carper, Thomas R. [D-DE]</fullName>
        <sponsorshipWithdrawnDate />
        <middleName>R.</middleName>
        <firstName>THOMAS</firstName>
        <identifiers>
          <lisID>179</lisID>
          <bioguideId>C000174</bioguideId>
          <gpoId>8283</gpoId>
        </identifiers>
        <lastName>CARPER</lastName>
        <isOriginalCosponsor>True</isOriginalCosponsor>
        <bioguideId>C000174</bioguideId>
        <sponsorshipDate>2019-03-27</sponsorshipDate>
        <state>DE</state>
        <party>D</party>
      </item>
      <item>
        <fullName>Sen. Baldwin, Tammy [D-WI]</fullName>
        <sponsorshipWithdrawnDate />
        <middleName />
        <firstName>Tammy</firstName>
        <identifiers>
          <lisID>1558</lisID>
          <gpoId>8215</gpoId>
          <bioguideId>B001230</bioguideId>
        </identifiers>
        <lastName>Baldwin</lastName>
        <isOriginalCosponsor>True</isOriginalCosponsor>
        <bioguideId>B001230</bioguideId>
        <sponsorshipDate>2019-03-27</sponsorshipDate>
        <state>WI</state>
        <party>D</party>
      </item>
      <item>
        <fullName>Sen. Reed, Jack [D-RI]</fullName>
        <sponsorshipWithdrawnDate />
        <middleName>F.</middleName>
        <firstName>JOHN</firstName>
        <identifiers>
          <gpoId>8272</gpoId>
          <lisID>949</lisID>
          <bioguideId>R000122</bioguideId>
        </identifiers>
        <lastName>REED</lastName>
        <isOriginalCosponsor>True</isOriginalCosponsor>
        <bioguideId>R000122</bioguideId>
        <sponsorshipDate>2019-03-27</sponsorshipDate>
        <state>RI</state>
        <party>D</party>
      </item>
      <item>
        <fullName>Sen. Durbin, Richard J. [D-IL]</fullName>
        <sponsorshipWithdrawnDate />
        <middleName>J.</middleName>
        <firstName>RICHARD</firstName>
        <identifiers>
          <gpoId>8326</gpoId>
          <lisID>326</lisID>
          <bioguideId>D000563</bioguideId>
        </identifiers>
        <lastName>DURBIN</lastName>
        <isOriginalCosponsor>True</isOriginalCosponsor>
        <bioguideId>D000563</bioguideId>
        <sponsorshipDate>2019-03-27</sponsorshipDate>
        <state>IL</state>
        <party>D</party>
      </item>
      <item>
        <fullName>Sen. King, Angus S., Jr. [I-ME]</fullName>
        <sponsorshipWithdrawnDate />
        <middleName />
        <firstName>Angus</firstName>
        <identifiers>
          <lisID>2185</lisID>
          <gpoId />
          <bioguideId>K000383</bioguideId>
        </identifiers>
        <lastName>King</lastName>
        <isOriginalCosponsor>True</isOriginalCosponsor>
        <bioguideId>K000383</bioguideId>
        <sponsorshipDate>2019-03-27</sponsorshipDate>
        <state>ME</state>
        <party>I</party>
      </item>
      <item>
        <fullName>Sen. Shaheen, Jeanne [D-NH]</fullName>
        <sponsorshipWithdrawnDate />
        <middleName />
        <firstName>Jeanne</firstName>
        <identifiers>
          <lisID>1901</lisID>
          <bioguideId>S001181</bioguideId>
          <gpoId>8276</gpoId>
        </identifiers>
        <lastName>Shaheen</lastName>
        <isOriginalCosponsor>True</isOriginalCosponsor>
        <bioguideId>S001181</bioguideId>
        <sponsorshipDate>2019-03-27</sponsorshipDate>
        <state>NH</state>
        <party>D</party>
      </item>
      <item>
        <fullName>Sen. Duckworth, Tammy [D-IL]</fullName>
        <sponsorshipWithdrawnDate />
        <middleName />
        <firstName>Tammy</firstName>
        <identifiers>
          <lisID>2123</lisID>
          <bioguideId>D000622</bioguideId>
          <gpoId />
        </identifiers>
        <lastName>Duckworth</lastName>
        <isOriginalCosponsor>True</isOriginalCosponsor>
        <bioguideId>D000622</bioguideId>
        <sponsorshipDate>2019-03-27</sponsorshipDate>
        <state>IL</state>
        <party>D</party>
      </item>
      <item>
        <fullName>Sen. Collins, Susan M. [R-ME]</fullName>
        <sponsorshipWithdrawnDate />
        <middleName>MARGARET</middleName>
        <firstName>SUSAN</firstName>
        <identifiers>
          <bioguideId>C001035</bioguideId>
          <lisID>1541</lisID>
          <gpoId>8291</gpoId>
        </identifiers>
        <lastName>COLLINS</lastName>
        <isOriginalCosponsor>True</isOriginalCosponsor>
        <bioguideId>C001035</bioguideId>
        <sponsorshipDate>2019-03-27</sponsorshipDate>
        <state>ME</state>
        <party>R</party>
      </item>
      <item>
        <fullName>Sen. Hirono, Mazie K. [D-HI]</fullName>
        <sponsorshipWithdrawnDate />
        <middleName>K.</middleName>
        <firstName>Mazie</firstName>
        <identifiers>
          <lisID>1844</lisID>
          <gpoId>7913</gpoId>
          <bioguideId>H001042</bioguideId>
        </identifiers>
        <lastName>Hirono</lastName>
        <isOriginalCosponsor>True</isOriginalCosponsor>
        <bioguideId>H001042</bioguideId>
        <sponsorshipDate>2019-03-27</sponsorshipDate>
        <state>HI</state>
        <party>D</party>
      </item>
      <item>
        <fullName>Sen. Markey, Edward J. [D-MA]</fullName>
        <sponsorshipWithdrawnDate />
        <middleName>J.</middleName>
        <firstName>EDWARD</firstName>
        <identifiers>
          <bioguideId>M000133</bioguideId>
          <lisID>735</lisID>
          <gpoId>7972</gpoId>
        </identifiers>
        <lastName>MARKEY</lastName>
        <isOriginalCosponsor>True</isOriginalCosponsor>
        <bioguideId>M000133</bioguideId>
        <sponsorshipDate>2019-03-27</sponsorshipDate>
        <state>MA</state>
        <party>D</party>
      </item>
      <item>
        <fullName>Sen. Manchin, Joe, III [D-WV]</fullName>
        <sponsorshipWithdrawnDate />
        <middleName />
        <firstName>Joe</firstName>
        <identifiers>
          <bioguideId>M001183</bioguideId>
          <gpoId>8256</gpoId>
          <lisID>1983</lisID>
        </identifiers>
        <lastName>Manchin</lastName>
        <isOriginalCosponsor>True</isOriginalCosponsor>
        <bioguideId>M001183</bioguideId>
        <sponsorshipDate>2019-03-27</sponsorshipDate>
        <state>WV</state>
        <party>D</party>
      </item>
      <item>
        <fullName>Sen. Heinrich, Martin [D-NM]</fullName>
        <sponsorshipWithdrawnDate />
        <middleName />
        <firstName>Martin</firstName>
        <identifiers>
          <gpoId>8056</gpoId>
          <lisID>1937</lisID>
          <bioguideId>H001046</bioguideId>
        </identifiers>
        <lastName>Heinrich</lastName>
        <isOriginalCosponsor>True</isOriginalCosponsor>
        <bioguideId>H001046</bioguideId>
        <sponsorshipDate>2019-03-27</sponsorshipDate>
        <state>NM</state>
        <party>D</party>
      </item>
      <item>
        <fullName>Sen. Wyden, Ron [D-OR]</fullName>
        <sponsorshipWithdrawnDate />
        <middleName />
        <firstName>RON</firstName>
        <identifiers>
          <bioguideId>W000779</bioguideId>
          <lisID>1247</lisID>
          <gpoId>8265</gpoId>
        </identifiers>
        <lastName>WYDEN</lastName>
        <isOriginalCosponsor>True</isOriginalCosponsor>
        <bioguideId>W000779</bioguideId>
        <sponsorshipDate>2019-03-27</sponsorshipDate>
        <state>OR</state>
        <party>D</party>
      </item>
      <item>
        <fullName>Sen. Boozman, John [R-AR]</fullName>
        <sponsorshipWithdrawnDate />
        <middleName />
        <firstName>John</firstName>
        <identifiers>
          <gpoId>8247</gpoId>
          <lisID>1687</lisID>
          <bioguideId>B001236</bioguideId>
        </identifiers>
        <lastName>Boozman</lastName>
        <isOriginalCosponsor>True</isOriginalCosponsor>
        <bioguideId>B001236</bioguideId>
        <sponsorshipDate>2019-03-27</sponsorshipDate>
        <state>AR</state>
        <party>R</party>
      </item>
      <item>
        <fullName>Sen. Wicker, Roger F. [R-MS]</fullName>
        <sponsorshipWithdrawnDate />
        <middleName>F.</middleName>
        <firstName>ROGER</firstName>
        <identifiers>
          <gpoId>8263</gpoId>
          <bioguideId>W000437</bioguideId>
          <lisID>1226</lisID>
        </identifiers>
        <lastName>WICKER</lastName>
        <isOriginalCosponsor>True</isOriginalCosponsor>
        <bioguideId>W000437</bioguideId>
        <sponsorshipDate>2019-03-27</sponsorshipDate>
        <state>MS</state>
        <party>R</party>
      </item>
      <item>
        <fullName>Sen. Klobuchar, Amy [D-MN]</fullName>
        <sponsorshipWithdrawnDate />
        <middleName />
        <firstName>Amy</firstName>
        <identifiers>
          <gpoId>8249</gpoId>
          <lisID>1826</lisID>
          <bioguideId>K000367</bioguideId>
        </identifiers>
        <lastName>Klobuchar</lastName>
        <isOriginalCosponsor>True</isOriginalCosponsor>
        <bioguideId>K000367</bioguideId>
        <sponsorshipDate>2019-03-27</sponsorshipDate>
        <state>MN</state>
        <party>D</party>
      </item>
      <item>
        <fullName>Sen. Tester, Jon [D-MT]</fullName>
        <sponsorshipWithdrawnDate />
        <middleName />
        <firstName>Jon</firstName>
        <identifiers>
          <gpoId>8258</gpoId>
          <lisID>1829</lisID>
          <bioguideId>T000464</bioguideId>
        </identifiers>
        <lastName>Tester</lastName>
        <isOriginalCosponsor>True</isOriginalCosponsor>
        <bioguideId>T000464</bioguideId>
        <sponsorshipDate>2019-03-27</sponsorshipDate>
        <state>MT</state>
        <party>D</party>
      </item>
      <item>
        <fullName>Sen. Peters, Gary C. [D-MI]</fullName>
        <sponsorshipWithdrawnDate />
        <middleName>C.</middleName>
        <firstName>Gary</firstName>
        <identifiers>
          <bioguideId>P000595</bioguideId>
          <lisID>1929</lisID>
          <gpoId>7994</gpoId>
        </identifiers>
        <lastName>Peters</lastName>
        <isOriginalCosponsor>True</isOriginalCosponsor>
        <bioguideId>P000595</bioguideId>
        <sponsorshipDate>2019-03-27</sponsorshipDate>
        <state>MI</state>
        <party>D</party>
      </item>
      <item>
        <fullName>Sen. Bennet, Michael F. [D-CO]</fullName>
        <sponsorshipWithdrawnDate />
        <middleName>F.</middleName>
        <firstName>Michael</firstName>
        <identifiers>
          <bioguideId>B001267</bioguideId>
          <gpoId>8302</gpoId>
          <lisID>1965</lisID>
        </identifiers>
        <lastName>Bennet</lastName>
        <isOriginalCosponsor>True</isOriginalCosponsor>
        <bioguideId>B001267</bioguideId>
        <sponsorshipDate>2019-03-27</sponsorshipDate>
        <state>CO</state>
        <party>D</party>
      </item>
      <item>
        <fullName>Sen. Booker, Cory A. [D-NJ]</fullName>
        <sponsorshipWithdrawnDate />
        <middleName>A.</middleName>
        <firstName>Cory</firstName>
        <identifiers>
          <bioguideId>B001288</bioguideId>
          <lisID>2194</lisID>
          <gpoId />
        </identifiers>
        <lastName>Booker</lastName>
        <isOriginalCosponsor>True</isOriginalCosponsor>
        <bioguideId>B001288</bioguideId>
        <sponsorshipDate>2019-03-27</sponsorshipDate>
        <state>NJ</state>
        <party>D</party>
      </item>
      <item>
        <fullName>Sen. Van Hollen, Chris [D-MD]</fullName>
        <sponsorshipWithdrawnDate />
        <middleName />
        <firstName>Chris</firstName>
        <identifiers>
          <lisID>1729</lisID>
          <bioguideId>V000128</bioguideId>
          <gpoId>7983</gpoId>
        </identifiers>
        <lastName>Van Hollen</lastName>
        <isOriginalCosponsor>True</isOriginalCosponsor>
        <bioguideId>V000128</bioguideId>
        <sponsorshipDate>2019-03-27</sponsorshipDate>
        <state>MD</state>
        <party>D</party>
      </item>
      <item>
        <fullName>Sen. Warren, Elizabeth [D-MA]</fullName>
        <sponsorshipWithdrawnDate />
        <middleName>A.</middleName>
        <firstName>Elizabeth</firstName>
        <identifiers>
          <bioguideId>W000817</bioguideId>
          <lisID>2182</lisID>
          <gpoId />
        </identifiers>
        <lastName>Warren</lastName>
        <isOriginalCosponsor>True</isOriginalCosponsor>
        <bioguideId>W000817</bioguideId>
        <sponsorshipDate>2019-03-27</sponsorshipDate>
        <state>MA</state>
        <party>D</party>
      </item>
    </cosponsors>
    <policyArea>
      <name>Labor and Employment</name>
    </policyArea>
    <laws />
    <subjects>
      <billSubjects>
        <policyArea>
          <name>Labor and Employment</name>
        </policyArea>
        <legislativeSubjects>
          <item>
            <name>Congressional tributes</name>
          </item>
          <item>
            <name>National and community service</name>
          </item>
          <item>
            <name>Social work, volunteer service, charitable organizations</name>
          </item>
        </legislativeSubjects>
      </billSubjects>
    </subjects>
    <billNumber>127</billNumber>
    <titles>
      <item>
        <chamberName />
        <titleType>Official Title as Introduced</titleType>
        <parentTitleType />
        <chamberCode />
        <title>A resolution recognizing the contributions of AmeriCorps members and alumni to the lives of the people of the United States.</title>
      </item>
      <item>
        <chamberName />
        <titleType>Display Title</titleType>
        <parentTitleType />
        <chamberCode />
        <title>A resolution recognizing the contributions of AmeriCorps members and alumni to the lives of the people of the United States.</title>
      </item>
    </titles>
    <notes />
    <congress>116</congress>
    <summaries>
      <billSummaries>
        <item>
          <text><![CDATA[<p>This resolution encourages (1) the people of the United States to join in a national effort to salute AmeriCorps members and alumni and to raise awareness about the importance of national and community service, and (2) all individuals to consider opportunities to serve in AmeriCorps. This resolution also acknowledges the accomplishments of AmeriCorps members, alumni, and community partners, and recognizes its important contributions to the lives of the people of the United States.</p>]]></text>
          <name>Introduced in Senate</name>
          <versionCode>00</versionCode>
          <actionDesc>Introduced in Senate</actionDesc>
          <actionDate>2019-03-27</actionDate>
          <lastSummaryUpdateDate>2019-04-02T19:19:40Z</lastSummaryUpdateDate>
          <updateDate>2019-03-27T04:00:00Z</updateDate>
        </item>
        <item>
          <text><![CDATA[<p>This resolution encourages (1) the people of the United States to join in a national effort to salute AmeriCorps members and alumni and to raise awareness about the importance of national and community service, and (2) all individuals to consider opportunities to serve in AmeriCorps. This resolution also acknowledges the accomplishments of AmeriCorps members, alumni, and community partners, and recognizes its important contributions to the lives of the people of the United States.</p>]]></text>
          <name>Passed Senate</name>
          <versionCode>55</versionCode>
          <actionDesc>Passed Senate</actionDesc>
          <actionDate>2019-03-27</actionDate>
          <lastSummaryUpdateDate>2019-04-02T19:21:49Z</lastSummaryUpdateDate>
          <updateDate>2019-03-27T18:59:56Z</updateDate>
        </item>
      </billSummaries>
    </summaries>
    <introducedDate>2019-03-27</introducedDate>
    <committees>
      <billCommittees />
    </committees>
    <committeeReports />
    <version>1.0.0</version>
    <calendarNumbers />
    <amendments />
    <updateDate>2019-04-05T04:42:29Z</updateDate>
    <billType>SRES</billType>
    <recordedVotes />
    <latestAction>
      <links />
      <actionDate>2019-03-27</actionDate>
      <text>Submitted in the Senate, considered, and agreed to without amendment and with a preamble by Unanimous Consent. (consideration: CR S2062; text: CR S2057)</text>
    </latestAction>
    <actions>
      <actionTypeCounts>
        <introducedInSenate>1</introducedInSenate>
        <passedAgreedToInSenate>1</passedAgreedToInSenate>
        <passedOrAgreedToInSenateDayOf>1</passedOrAgreedToInSenateDayOf>
      </actionTypeCounts>
      <item>
        <actionDate>2019-03-27</actionDate>
        <committee />
        <links>
          <link>
            <url>https://www.congress.gov/congressional-record/volume-165/senate-section/page/S2057</url>
            <name>S2057</name>
          </link>
          <link>
            <url>https://www.congress.gov/congressional-record/volume-165/senate-section/page/S2062</url>
            <name>S2062</name>
          </link>
        </links>
        <sourceSystem>
          <code>0</code>
          <name>Senate</name>
        </sourceSystem>
        <text>Submitted in the Senate, considered, and agreed to without amendment and with a preamble by Unanimous Consent. (consideration: CR S2062; text: CR S2057)</text>
        <type>Floor</type>
      </item>
      <item>
        <links>
          <link>
            <url>https://www.congress.gov/congressional-record/volume-165/senate-section/page/S2057</url>
            <name>S2057</name>
          </link>
          <link>
            <url>https://www.congress.gov/congressional-record/volume-165/senate-section/page/S2062</url>
            <name>S2062</name>
          </link>
        </links>
        <actionCode>17000</actionCode>
        <sourceSystem>
          <code>9</code>
          <name>Library of Congress</name>
        </sourceSystem>
        <text>Passed/agreed to in Senate: Submitted in the Senate, considered, and agreed to without amendment and with a preamble by Unanimous Consent.(consideration: CR S2062; text: CR S2057)</text>
        <actionDate>2019-03-27</actionDate>
        <type>Floor</type>
        <committee />
      </item>
      <item>
        <links />
        <actionCode>10000</actionCode>
        <sourceSystem>
          <code>9</code>
          <name>Library of Congress</name>
        </sourceSystem>
        <text>Introduced in Senate</text>
        <actionDate>2019-03-27</actionDate>
        <type>IntroReferral</type>
        <committee />
      </item>
      <actionByCounts>
        <senate>3</senate>
      </actionByCounts>
    </actions>
    <cboCostEstimates />
    <relatedBills>
      <item>
        <latestTitle>Recognizing the contributions of AmeriCorps members and alumni to the lives of the people of the United States.</latestTitle>
        <latestAction>
          <text>Referred to the House Committee on Education and Labor.</text>
          <actionDate>2019-03-13</actionDate>
        </latestAction>
        <type>HRES</type>
        <congress>116</congress>
        <number>227</number>
        <relationshipDetails>
          <item>
            <type>Identical bill</type>
            <identifiedBy>CRS</identifiedBy>
          </item>
        </relationshipDetails>
      </item>
    </relatedBills>
    <title>A resolution recognizing the contributions of AmeriCorps members and alumni to the lives of the people of the United States.</title>
    <originChamber>Senate</originChamber>
  </bill>
  <dublinCore xmlns:dc="http://purl.org/dc/elements/1.1/">
    <dc:format>text/xml</dc:format>
    <dc:language>EN</dc:language>
    <dc:rights>Pursuant to Title 17 Section 105 of the United States Code, this file is not subject to copyright protection and is in the public domain.</dc:rights>
    <dc:contributor>Congressional Research Service, Library of Congress</dc:contributor>
    <dc:description>This file contains bill summaries and statuses for federal legislation. A bill summary describes the most significant provisions of a piece of legislation and details the effects the legislative text may have on current law and federal programs. Bill summaries are authored by the Congressional Research Service (CRS) of the Library of Congress. As stated in Public Law 91-510 (2 USC 166 (d)(6)), one of the duties of CRS is "to prepare summaries and digests of bills and resolutions of a public general nature introduced in the Senate or House of Representatives". For more information, refer to the User Guide that accompanies this file.</dc:description>
  </dublinCore>
</billStatus>

