<?xml version="1.0" encoding="UTF-8"?>
<billStatus>
  <bill>
    <relatedBills />
    <policyArea>
      <name>Science, Technology, Communications</name>
    </policyArea>
    <introducedDate>2019-11-21</introducedDate>
    <titles>
      <item>
        <parentTitleType />
        <titleType>Official Title as Introduced</titleType>
        <title>A resolution condemning the VH1 television show Cartel Crew.</title>
        <chamberCode />
        <chamberName />
      </item>
      <item>
        <parentTitleType />
        <titleType>Display Title</titleType>
        <title>A resolution condemning the VH1 television show Cartel Crew.</title>
        <chamberCode />
        <chamberName />
      </item>
    </titles>
    <laws />
    <subjects>
      <billSubjects>
        <policyArea>
          <name>Science, Technology, Communications</name>
        </policyArea>
        <legislativeSubjects />
      </billSubjects>
    </subjects>
    <recordedVotes />
    <notes />
    <actions>
      <item>
        <actionDate>2019-11-21</actionDate>
        <committee>
          <name>Commerce, Science, and Transportation Committee</name>
          <systemCode>sscm00</systemCode>
        </committee>
        <links>
          <link>
            <name>S6762</name>
            <url>https://www.congress.gov/congressional-record/volume-165/senate-section/page/S6762</url>
          </link>
        </links>
        <sourceSystem>
          <name>Senate</name>
          <code>0</code>
        </sourceSystem>
        <text>Referred to the Committee on Commerce, Science, and Transportation. (text: CR S6762)</text>
        <type>IntroReferral</type>
      </item>
      <item>
        <sourceSystem>
          <name>Library of Congress</name>
          <code>9</code>
        </sourceSystem>
        <links />
        <text>Introduced in Senate</text>
        <actionCode>10000</actionCode>
        <committee />
        <type>IntroReferral</type>
        <actionDate>2019-11-21</actionDate>
      </item>
      <actionTypeCounts>
        <introducedInSenate>1</introducedInSenate>
        <referredToCommittee>1</referredToCommittee>
      </actionTypeCounts>
      <actionByCounts>
        <senate>2</senate>
      </actionByCounts>
    </actions>
    <committeeReports />
    <sponsors>
      <item>
        <middleName>Neely</middleName>
        <bioguideId>K000393</bioguideId>
        <fullName>Sen. Kennedy, John [R-LA]</fullName>
        <identifiers>
          <gpoId />
          <lisID>2303</lisID>
          <bioguideId>K000393</bioguideId>
        </identifiers>
        <firstName>John</firstName>
        <byRequestType />
        <state>LA</state>
        <party>R</party>
        <lastName>Kennedy</lastName>
      </item>
    </sponsors>
    <title>A resolution condemning the VH1 television show Cartel Crew.</title>
    <updateDate>2019-11-27T05:42:52Z</updateDate>
    <createDate>2019-11-22T05:42:33Z</createDate>
    <committees>
      <billCommittees>
        <item>
          <type>Standing</type>
          <name>Commerce, Science, and Transportation Committee</name>
          <subcommittees />
          <systemCode>sscm00</systemCode>
          <chamber>Senate</chamber>
          <activities>
            <item>
              <date>2019-11-21T22:23:30Z</date>
              <name>Referred to</name>
            </item>
          </activities>
        </item>
      </billCommittees>
    </committees>
    <originChamber>Senate</originChamber>
    <latestAction>
      <actionDate>2019-11-21</actionDate>
      <text>Referred to the Committee on Commerce, Science, and Transportation. (text: CR S6762)</text>
      <links />
    </latestAction>
    <cosponsors />
    <congress>116</congress>
    <cboCostEstimates />
    <calendarNumbers />
    <billType>SRES</billType>
    <textVersions>
      <item>
        <type>Introduced in Senate</type>
        <date>2019-11-21T05:00:00Z</date>
        <formats>
          <item>
            <url>https://www.govinfo.gov/content/pkg/BILLS-116sres444is/xml/BILLS-116sres444is.xml</url>
          </item>
        </formats>
      </item>
    </textVersions>
    <summaries>
      <billSummaries />
    </summaries>
    <billNumber>444</billNumber>
    <amendments />
    <version>1.0.0</version>
  </bill>
  <dublinCore xmlns:dc="http://purl.org/dc/elements/1.1/">
    <dc:format>text/xml</dc:format>
    <dc:language>EN</dc:language>
    <dc:rights>Pursuant to Title 17 Section 105 of the United States Code, this file is not subject to copyright protection and is in the public domain.</dc:rights>
    <dc:contributor>Congressional Research Service, Library of Congress</dc:contributor>
    <dc:description>This file contains bill summaries and statuses for federal legislation. A bill summary describes the most significant provisions of a piece of legislation and details the effects the legislative text may have on current law and federal programs. Bill summaries are authored by the Congressional Research Service (CRS) of the Library of Congress. As stated in Public Law 91-510 (2 USC 166 (d)(6)), one of the duties of CRS is "to prepare summaries and digests of bills and resolutions of a public general nature introduced in the Senate or House of Representatives". For more information, refer to the User Guide that accompanies this file.</dc:description>
  </dublinCore>
</billStatus>

