<?xml version="1.0" encoding="UTF-8"?>
<billStatus>
  <bill>
    <summaries>
      <billSummaries />
    </summaries>
    <updateDate>2019-10-04T13:02:51Z</updateDate>
    <subjects>
      <billSubjects>
        <policyArea>
          <name>Government Operations and Politics</name>
        </policyArea>
        <legislativeSubjects />
      </billSubjects>
    </subjects>
    <committeeReports />
    <createDate>2019-09-27T04:42:29Z</createDate>
    <sponsors>
      <item>
        <bioguideId>K000367</bioguideId>
        <byRequestType />
        <fullName>Sen. Klobuchar, Amy [D-MN]</fullName>
        <party>D</party>
        <state>MN</state>
        <middleName />
        <identifiers>
          <gpoId>8249</gpoId>
          <lisID>1826</lisID>
          <bioguideId>K000367</bioguideId>
        </identifiers>
        <lastName>Klobuchar</lastName>
        <firstName>Amy</firstName>
      </item>
    </sponsors>
    <policyArea>
      <name>Government Operations and Politics</name>
    </policyArea>
    <billType>SRES</billType>
    <latestAction>
      <actionDate>2019-09-26</actionDate>
      <text>Submitted in the Senate, considered, and agreed to without amendment by Unanimous Consent. (consideration: CR S5760; text: CR S5756)</text>
      <links />
    </latestAction>
    <notes />
    <cosponsors>
      <item>
        <sponsorshipWithdrawnDate />
        <identifiers>
          <bioguideId>B000575</bioguideId>
          <lisID>1464</lisID>
          <gpoId>8313</gpoId>
        </identifiers>
        <sponsorshipDate>2019-09-26</sponsorshipDate>
        <isOriginalCosponsor>True</isOriginalCosponsor>
        <lastName>Blunt</lastName>
        <firstName>Roy</firstName>
        <middleName />
        <fullName>Sen. Blunt, Roy [R-MO]</fullName>
        <party>R</party>
        <bioguideId>B000575</bioguideId>
        <state>MO</state>
      </item>
      <item>
        <sponsorshipWithdrawnDate />
        <identifiers>
          <bioguideId>B001267</bioguideId>
          <gpoId>8302</gpoId>
          <lisID>1965</lisID>
        </identifiers>
        <sponsorshipDate>2019-09-26</sponsorshipDate>
        <isOriginalCosponsor>True</isOriginalCosponsor>
        <lastName>Bennet</lastName>
        <firstName>Michael</firstName>
        <middleName>F.</middleName>
        <fullName>Sen. Bennet, Michael F. [D-CO]</fullName>
        <party>D</party>
        <bioguideId>B001267</bioguideId>
        <state>CO</state>
      </item>
      <item>
        <sponsorshipWithdrawnDate />
        <identifiers>
          <bioguideId>B001277</bioguideId>
          <lisID>2076</lisID>
          <gpoId>8332</gpoId>
        </identifiers>
        <sponsorshipDate>2019-09-26</sponsorshipDate>
        <isOriginalCosponsor>True</isOriginalCosponsor>
        <lastName>Blumenthal</lastName>
        <firstName>Richard</firstName>
        <middleName />
        <fullName>Sen. Blumenthal, Richard [D-CT]</fullName>
        <party>D</party>
        <bioguideId>B001277</bioguideId>
        <state>CT</state>
      </item>
      <item>
        <sponsorshipWithdrawnDate />
        <identifiers>
          <bioguideId>B001288</bioguideId>
          <gpoId />
          <lisID>2194</lisID>
        </identifiers>
        <sponsorshipDate>2019-09-26</sponsorshipDate>
        <isOriginalCosponsor>True</isOriginalCosponsor>
        <lastName>Booker</lastName>
        <firstName>Cory</firstName>
        <middleName>A.</middleName>
        <fullName>Sen. Booker, Cory A. [D-NJ]</fullName>
        <party>D</party>
        <bioguideId>B001288</bioguideId>
        <state>NJ</state>
      </item>
      <item>
        <sponsorshipWithdrawnDate />
        <identifiers>
          <bioguideId>C000141</bioguideId>
          <gpoId>8287</gpoId>
          <lisID>174</lisID>
        </identifiers>
        <sponsorshipDate>2019-09-26</sponsorshipDate>
        <isOriginalCosponsor>True</isOriginalCosponsor>
        <lastName>CARDIN</lastName>
        <firstName>BENJAMIN</firstName>
        <middleName>L.</middleName>
        <fullName>Sen. Cardin, Benjamin L. [D-MD]</fullName>
        <party>D</party>
        <bioguideId>C000141</bioguideId>
        <state>MD</state>
      </item>
      <item>
        <sponsorshipWithdrawnDate />
        <identifiers>
          <bioguideId>C001070</bioguideId>
          <gpoId>8282</gpoId>
          <lisID>1828</lisID>
        </identifiers>
        <sponsorshipDate>2019-09-26</sponsorshipDate>
        <isOriginalCosponsor>True</isOriginalCosponsor>
        <lastName>Casey</lastName>
        <firstName>Bob</firstName>
        <middleName />
        <fullName>Sen. Casey, Robert P., Jr. [D-PA]</fullName>
        <party>D</party>
        <bioguideId>C001070</bioguideId>
        <state>PA</state>
      </item>
      <item>
        <sponsorshipWithdrawnDate />
        <identifiers>
          <bioguideId>D000563</bioguideId>
          <gpoId>8326</gpoId>
          <lisID>326</lisID>
        </identifiers>
        <sponsorshipDate>2019-09-26</sponsorshipDate>
        <isOriginalCosponsor>True</isOriginalCosponsor>
        <lastName>DURBIN</lastName>
        <firstName>RICHARD</firstName>
        <middleName>J.</middleName>
        <fullName>Sen. Durbin, Richard J. [D-IL]</fullName>
        <party>D</party>
        <bioguideId>D000563</bioguideId>
        <state>IL</state>
      </item>
      <item>
        <sponsorshipWithdrawnDate />
        <identifiers>
          <lisID>1332</lisID>
          <gpoId>8338</gpoId>
          <bioguideId>F000062</bioguideId>
        </identifiers>
        <sponsorshipDate>2019-09-26</sponsorshipDate>
        <isOriginalCosponsor>True</isOriginalCosponsor>
        <lastName>FEINSTEIN</lastName>
        <firstName>DIANNE</firstName>
        <middleName />
        <fullName>Sen. Feinstein, Dianne [D-CA]</fullName>
        <party>D</party>
        <bioguideId>F000062</bioguideId>
        <state>CA</state>
      </item>
      <item>
        <sponsorshipWithdrawnDate />
        <identifiers>
          <bioguideId>H001075</bioguideId>
          <gpoId />
          <lisID>2301</lisID>
        </identifiers>
        <sponsorshipDate>2019-09-26</sponsorshipDate>
        <isOriginalCosponsor>True</isOriginalCosponsor>
        <lastName>Harris</lastName>
        <firstName>Kamala</firstName>
        <middleName>D.</middleName>
        <fullName>Sen. Harris, Kamala D. [D-CA]</fullName>
        <party>D</party>
        <bioguideId>H001075</bioguideId>
        <state>CA</state>
      </item>
      <item>
        <sponsorshipWithdrawnDate />
        <identifiers>
          <lisID>2366</lisID>
          <gpoId />
          <bioguideId>H001079</bioguideId>
        </identifiers>
        <sponsorshipDate>2019-09-26</sponsorshipDate>
        <isOriginalCosponsor>True</isOriginalCosponsor>
        <lastName>Hyde-Smith</lastName>
        <firstName>Cindy</firstName>
        <middleName />
        <fullName>Sen. Hyde-Smith, Cindy [R-MS]</fullName>
        <party>R</party>
        <bioguideId>H001079</bioguideId>
        <state>MS</state>
      </item>
      <item>
        <sponsorshipWithdrawnDate />
        <identifiers>
          <bioguideId>H001042</bioguideId>
          <gpoId>7913</gpoId>
          <lisID>1844</lisID>
        </identifiers>
        <sponsorshipDate>2019-09-26</sponsorshipDate>
        <isOriginalCosponsor>True</isOriginalCosponsor>
        <lastName>Hirono</lastName>
        <firstName>Mazie</firstName>
        <middleName>K.</middleName>
        <fullName>Sen. Hirono, Mazie K. [D-HI]</fullName>
        <party>D</party>
        <bioguideId>H001042</bioguideId>
        <state>HI</state>
      </item>
      <item>
        <sponsorshipWithdrawnDate />
        <identifiers>
          <bioguideId>J000300</bioguideId>
          <gpoId />
          <lisID>2364</lisID>
        </identifiers>
        <sponsorshipDate>2019-09-26</sponsorshipDate>
        <isOriginalCosponsor>True</isOriginalCosponsor>
        <lastName>Jones</lastName>
        <firstName>Doug</firstName>
        <middleName />
        <fullName>Sen. Jones, Doug  [D-AL]</fullName>
        <party>D</party>
        <bioguideId>J000300</bioguideId>
        <state>AL</state>
      </item>
      <item>
        <sponsorshipWithdrawnDate />
        <identifiers>
          <bioguideId>M000133</bioguideId>
          <lisID>735</lisID>
          <gpoId>7972</gpoId>
        </identifiers>
        <sponsorshipDate>2019-09-26</sponsorshipDate>
        <isOriginalCosponsor>True</isOriginalCosponsor>
        <lastName>MARKEY</lastName>
        <firstName>EDWARD</firstName>
        <middleName>J.</middleName>
        <fullName>Sen. Markey, Edward J. [D-MA]</fullName>
        <party>D</party>
        <bioguideId>M000133</bioguideId>
        <state>MA</state>
      </item>
      <item>
        <sponsorshipWithdrawnDate />
        <identifiers>
          <bioguideId>V000128</bioguideId>
          <gpoId>7983</gpoId>
          <lisID>1729</lisID>
        </identifiers>
        <sponsorshipDate>2019-09-26</sponsorshipDate>
        <isOriginalCosponsor>True</isOriginalCosponsor>
        <lastName>Van Hollen</lastName>
        <firstName>Chris</firstName>
        <middleName />
        <fullName>Sen. Van Hollen, Chris [D-MD]</fullName>
        <party>D</party>
        <bioguideId>V000128</bioguideId>
        <state>MD</state>
      </item>
      <item>
        <sponsorshipWithdrawnDate />
        <identifiers>
          <gpoId>8265</gpoId>
          <lisID>1247</lisID>
          <bioguideId>W000779</bioguideId>
        </identifiers>
        <sponsorshipDate>2019-09-26</sponsorshipDate>
        <isOriginalCosponsor>True</isOriginalCosponsor>
        <lastName>WYDEN</lastName>
        <firstName>RON</firstName>
        <middleName />
        <fullName>Sen. Wyden, Ron [D-OR]</fullName>
        <party>D</party>
        <bioguideId>W000779</bioguideId>
        <state>OR</state>
      </item>
      <item>
        <sponsorshipWithdrawnDate />
        <identifiers>
          <lisID>2299</lisID>
          <gpoId />
          <bioguideId>C001113</bioguideId>
        </identifiers>
        <sponsorshipDate>2019-09-26</sponsorshipDate>
        <isOriginalCosponsor>True</isOriginalCosponsor>
        <lastName>Cortez Masto</lastName>
        <firstName>Catherine</firstName>
        <middleName />
        <fullName>Sen. Cortez Masto, Catherine  [D-NV]</fullName>
        <party>D</party>
        <bioguideId>C001113</bioguideId>
        <state>NV</state>
      </item>
    </cosponsors>
    <originChamber>Senate</originChamber>
    <billNumber>353</billNumber>
    <calendarNumbers />
    <amendments />
    <introducedDate>2019-09-26</introducedDate>
    <version>1.0.0</version>
    <cboCostEstimates />
    <relatedBills>
      <item>
        <latestTitle>Expressing support for the designation of September 24, 2019, as "National Voter Registration Day".</latestTitle>
        <relationshipDetails>
          <item>
            <identifiedBy>CRS</identifiedBy>
            <type>Related bill</type>
          </item>
        </relationshipDetails>
        <number>571</number>
        <latestAction>
          <text>Referred to the House Committee on House Administration.</text>
          <actionDate>2019-09-20</actionDate>
        </latestAction>
        <congress>116</congress>
        <type>HRES</type>
      </item>
    </relatedBills>
    <textVersions>
      <item>
        <formats>
          <item>
            <url>https://www.govinfo.gov/content/pkg/BILLS-116sres353ats/xml/BILLS-116sres353ats.xml</url>
          </item>
        </formats>
        <date>2019-09-26T04:00:00Z</date>
        <type>Agreed to Senate</type>
      </item>
    </textVersions>
    <recordedVotes />
    <congress>116</congress>
    <title>A resolution recognizing September 24, 2019, as "National Voter Registration Day".</title>
    <titles>
      <item>
        <titleType>Official Title as Introduced</titleType>
        <parentTitleType />
        <chamberCode />
        <title>A resolution recognizing September 24, 2019, as "National Voter Registration Day".</title>
        <chamberName />
      </item>
      <item>
        <titleType>Display Title</titleType>
        <parentTitleType />
        <chamberCode />
        <title>A resolution recognizing September 24, 2019, as "National Voter Registration Day".</title>
        <chamberName />
      </item>
    </titles>
    <committees>
      <billCommittees />
    </committees>
    <actions>
      <item>
        <actionDate>2019-09-26</actionDate>
        <committee />
        <links>
          <link>
            <name>S5756</name>
            <url>https://www.congress.gov/congressional-record/volume-165/senate-section/page/S5756</url>
          </link>
          <link>
            <name>S5760</name>
            <url>https://www.congress.gov/congressional-record/volume-165/senate-section/page/S5760</url>
          </link>
        </links>
        <sourceSystem>
          <name>Senate</name>
          <code>0</code>
        </sourceSystem>
        <text>Submitted in the Senate, considered, and agreed to without amendment by Unanimous Consent. (consideration: CR S5760; text: CR S5756)</text>
        <type>Floor</type>
      </item>
      <item>
        <links>
          <link>
            <name>S5756</name>
            <url>https://www.congress.gov/congressional-record/volume-165/senate-section/page/S5756</url>
          </link>
          <link>
            <name>S5760</name>
            <url>https://www.congress.gov/congressional-record/volume-165/senate-section/page/S5760</url>
          </link>
        </links>
        <committee />
        <actionDate>2019-09-26</actionDate>
        <sourceSystem>
          <name>Library of Congress</name>
          <code>9</code>
        </sourceSystem>
        <type>Floor</type>
        <text>Passed/agreed to in Senate: Submitted in the Senate, considered, and agreed to without amendment by Unanimous Consent.(consideration: CR S5760; text: CR S5756)</text>
        <actionCode>17000</actionCode>
      </item>
      <item>
        <links />
        <committee />
        <actionDate>2019-09-26</actionDate>
        <sourceSystem>
          <name>Library of Congress</name>
          <code>9</code>
        </sourceSystem>
        <type>IntroReferral</type>
        <text>Introduced in Senate</text>
        <actionCode>10000</actionCode>
      </item>
      <actionByCounts>
        <senate>3</senate>
      </actionByCounts>
      <actionTypeCounts>
        <introducedInSenate>1</introducedInSenate>
        <passedOrAgreedToInSenateDayOf>1</passedOrAgreedToInSenateDayOf>
        <passedAgreedToInSenate>1</passedAgreedToInSenate>
      </actionTypeCounts>
    </actions>
    <laws />
  </bill>
  <dublinCore xmlns:dc="http://purl.org/dc/elements/1.1/">
    <dc:format>text/xml</dc:format>
    <dc:language>EN</dc:language>
    <dc:rights>Pursuant to Title 17 Section 105 of the United States Code, this file is not subject to copyright protection and is in the public domain.</dc:rights>
    <dc:contributor>Congressional Research Service, Library of Congress</dc:contributor>
    <dc:description>This file contains bill summaries and statuses for federal legislation. A bill summary describes the most significant provisions of a piece of legislation and details the effects the legislative text may have on current law and federal programs. Bill summaries are authored by the Congressional Research Service (CRS) of the Library of Congress. As stated in Public Law 91-510 (2 USC 166 (d)(6)), one of the duties of CRS is "to prepare summaries and digests of bills and resolutions of a public general nature introduced in the Senate or House of Representatives". For more information, refer to the User Guide that accompanies this file.</dc:description>
  </dublinCore>
</billStatus>

