<?xml version="1.0" encoding="UTF-8"?>
<billStatus>
  <bill>
    <policyArea>
      <name>Armed Forces and National Security</name>
    </policyArea>
    <version>1.0.0</version>
    <recordedVotes />
    <amendments />
    <relatedBills>
      <item>
        <relationshipDetails>
          <item>
            <type>Related bill</type>
            <identifiedBy>CRS</identifiedBy>
          </item>
        </relationshipDetails>
        <latestTitle>Expressing support for the designation of the week of June 16 through June 23, 2019, as National GI Bill Commemoration Week and Celebrating the 75th Anniversary of the Servicemen's Readjustment Act of 1944.</latestTitle>
        <congress>116</congress>
        <type>HRES</type>
        <number>451</number>
        <latestAction>
          <actionDate>2019-07-16</actionDate>
          <text>Referred to the Subcommittee on Economic Opportunity.</text>
        </latestAction>
      </item>
    </relatedBills>
    <billNumber>256</billNumber>
    <subjects>
      <billSubjects>
        <legislativeSubjects>
          <item>
            <name>Commemorative events and holidays</name>
          </item>
          <item>
            <name>Congressional tributes</name>
          </item>
          <item>
            <name>Higher education</name>
          </item>
          <item>
            <name>Student aid and college costs</name>
          </item>
          <item>
            <name>Veterans' education, employment, rehabilitation</name>
          </item>
          <item>
            <name>Veterans' organizations and recognition</name>
          </item>
        </legislativeSubjects>
        <policyArea>
          <name>Armed Forces and National Security</name>
        </policyArea>
      </billSubjects>
    </subjects>
    <textVersions>
      <item>
        <type>Introduced in Senate</type>
        <date>2019-06-20T04:00:00Z</date>
        <formats>
          <item>
            <url>https://www.govinfo.gov/content/pkg/BILLS-116sres256is/xml/BILLS-116sres256is.xml</url>
          </item>
        </formats>
      </item>
    </textVersions>
    <summaries>
      <billSummaries />
    </summaries>
    <billType>SRES</billType>
    <createDate>2019-06-21T04:42:09Z</createDate>
    <cosponsors>
      <item>
        <lastName>Isakson</lastName>
        <fullName>Sen. Isakson, Johnny [R-GA]</fullName>
        <party>R</party>
        <isOriginalCosponsor>True</isOriginalCosponsor>
        <identifiers>
          <lisID>1608</lisID>
          <bioguideId>I000055</bioguideId>
          <gpoId>8323</gpoId>
        </identifiers>
        <firstName>Johnny</firstName>
        <state>GA</state>
        <sponsorshipDate>2019-06-20</sponsorshipDate>
        <sponsorshipWithdrawnDate />
        <bioguideId>I000055</bioguideId>
        <middleName />
      </item>
      <item>
        <lastName>Tester</lastName>
        <fullName>Sen. Tester, Jon [D-MT]</fullName>
        <party>D</party>
        <isOriginalCosponsor>True</isOriginalCosponsor>
        <identifiers>
          <bioguideId>T000464</bioguideId>
          <lisID>1829</lisID>
          <gpoId>8258</gpoId>
        </identifiers>
        <firstName>Jon</firstName>
        <state>MT</state>
        <sponsorshipDate>2019-06-20</sponsorshipDate>
        <sponsorshipWithdrawnDate />
        <bioguideId>T000464</bioguideId>
        <middleName />
      </item>
    </cosponsors>
    <sponsors>
      <item>
        <bioguideId>C000174</bioguideId>
        <firstName>THOMAS</firstName>
        <middleName>R.</middleName>
        <identifiers>
          <lisID>179</lisID>
          <gpoId>8283</gpoId>
          <bioguideId>C000174</bioguideId>
        </identifiers>
        <lastName>CARPER</lastName>
        <byRequestType />
        <party>D</party>
        <state>DE</state>
        <fullName>Sen. Carper, Thomas R. [D-DE]</fullName>
      </item>
    </sponsors>
    <titles>
      <item>
        <chamberCode />
        <titleType>Official Title as Introduced</titleType>
        <parentTitleType />
        <title>A resolution expressing support for the designation of the week of June 16 through June 23, 2019, as "National GI Bill Commemoration Week" and celebrating the 75th anniversary of the Servicemen's Readjustment Act of 1944.</title>
        <chamberName />
      </item>
      <item>
        <chamberCode />
        <titleType>Display Title</titleType>
        <parentTitleType />
        <title>A resolution expressing support for the designation of the week of June 16 through June 23, 2019, as "National GI Bill Commemoration Week" and celebrating the 75th anniversary of the Servicemen's Readjustment Act of 1944.</title>
        <chamberName />
      </item>
    </titles>
    <title>A resolution expressing support for the designation of the week of June 16 through June 23, 2019, as "National GI Bill Commemoration Week" and celebrating the 75th anniversary of the Servicemen's Readjustment Act of 1944.</title>
    <committeeReports />
    <updateDate>2019-11-05T13:35:03Z</updateDate>
    <cboCostEstimates />
    <laws />
    <notes />
    <introducedDate>2019-06-20</introducedDate>
    <congress>116</congress>
    <originChamber>Senate</originChamber>
    <latestAction>
      <actionDate>2019-06-20</actionDate>
      <links />
      <text>Referred to the Committee on Veterans' Affairs. (text: CR S4177-4178)</text>
    </latestAction>
    <actions>
      <actionTypeCounts>
        <referredToCommittee>1</referredToCommittee>
        <introducedInSenate>1</introducedInSenate>
      </actionTypeCounts>
      <item>
        <actionDate>2019-06-20</actionDate>
        <committee>
          <systemCode>ssva00</systemCode>
          <name>Veterans' Affairs Committee</name>
        </committee>
        <links>
          <link>
            <url>https://www.congress.gov/congressional-record/volume-165/senate-section/page/S4177-4178</url>
            <name>S4177-4178</name>
          </link>
        </links>
        <sourceSystem>
          <code>0</code>
          <name>Senate</name>
        </sourceSystem>
        <text>Referred to the Committee on Veterans' Affairs. (text: CR S4177-4178)</text>
        <type>IntroReferral</type>
      </item>
      <item>
        <text>Introduced in Senate</text>
        <committee />
        <links />
        <type>IntroReferral</type>
        <actionCode>10000</actionCode>
        <actionDate>2019-06-20</actionDate>
        <sourceSystem>
          <code>9</code>
          <name>Library of Congress</name>
        </sourceSystem>
      </item>
      <actionByCounts>
        <senate>2</senate>
      </actionByCounts>
    </actions>
    <committees>
      <billCommittees>
        <item>
          <chamber>Senate</chamber>
          <systemCode>ssva00</systemCode>
          <name>Veterans' Affairs Committee</name>
          <activities>
            <item>
              <date>2019-06-20T19:43:24Z</date>
              <name>Referred to</name>
            </item>
          </activities>
          <type>Standing</type>
          <subcommittees />
        </item>
      </billCommittees>
    </committees>
    <calendarNumbers />
  </bill>
  <dublinCore xmlns:dc="http://purl.org/dc/elements/1.1/">
    <dc:format>text/xml</dc:format>
    <dc:language>EN</dc:language>
    <dc:rights>Pursuant to Title 17 Section 105 of the United States Code, this file is not subject to copyright protection and is in the public domain.</dc:rights>
    <dc:contributor>Congressional Research Service, Library of Congress</dc:contributor>
    <dc:description>This file contains bill summaries and statuses for federal legislation. A bill summary describes the most significant provisions of a piece of legislation and details the effects the legislative text may have on current law and federal programs. Bill summaries are authored by the Congressional Research Service (CRS) of the Library of Congress. As stated in Public Law 91-510 (2 USC 166 (d)(6)), one of the duties of CRS is "to prepare summaries and digests of bills and resolutions of a public general nature introduced in the Senate or House of Representatives". For more information, refer to the User Guide that accompanies this file.</dc:description>
  </dublinCore>
</billStatus>

