<?xml version="1.0" encoding="UTF-8"?>
<billStatus>
  <bill>
    <policyArea>
      <name>International Affairs</name>
    </policyArea>
    <relatedBills />
    <introducedDate>2019-07-31</introducedDate>
    <committeeReports />
    <amendments />
    <textVersions>
      <item>
        <type>Introduced in Senate</type>
        <formats>
          <item>
            <url>https://www.govinfo.gov/content/pkg/BILLS-116sres297is/xml/BILLS-116sres297is.xml</url>
          </item>
        </formats>
        <date>2019-07-31T04:00:00Z</date>
      </item>
    </textVersions>
    <cboCostEstimates />
    <subjects>
      <billSubjects>
        <legislativeSubjects />
        <policyArea>
          <name>International Affairs</name>
        </policyArea>
      </billSubjects>
    </subjects>
    <laws />
    <calendarNumbers />
    <notes />
    <actions>
      <actionByCounts>
        <senate>2</senate>
      </actionByCounts>
      <actionTypeCounts>
        <introducedInSenate>1</introducedInSenate>
        <referredToCommittee>1</referredToCommittee>
      </actionTypeCounts>
      <item>
        <actionDate>2019-07-31</actionDate>
        <committee>
          <name>Foreign Relations Committee</name>
          <systemCode>ssfr00</systemCode>
        </committee>
        <links>
          <link>
            <name>S5257</name>
            <url>https://www.congress.gov/congressional-record/volume-165/senate-section/page/S5257</url>
          </link>
        </links>
        <sourceSystem>
          <code>0</code>
          <name>Senate</name>
        </sourceSystem>
        <text>Referred to the Committee on Foreign Relations. (text: CR S5257)</text>
        <type>IntroReferral</type>
      </item>
      <item>
        <type>IntroReferral</type>
        <actionDate>2019-07-31</actionDate>
        <actionCode>10000</actionCode>
        <text>Introduced in Senate</text>
        <links />
        <sourceSystem>
          <code>9</code>
          <name>Library of Congress</name>
        </sourceSystem>
        <committee />
      </item>
    </actions>
    <originChamber>Senate</originChamber>
    <committees>
      <billCommittees>
        <item>
          <subcommittees />
          <type>Standing</type>
          <systemCode>ssfr00</systemCode>
          <chamber>Senate</chamber>
          <name>Foreign Relations Committee</name>
          <activities>
            <item>
              <date>2019-07-31T20:45:37Z</date>
              <name>Referred to</name>
            </item>
          </activities>
        </item>
      </billCommittees>
    </committees>
    <titles>
      <item>
        <titleType>Official Title as Introduced</titleType>
        <chamberCode />
        <title>A resolution commending the Inter-American Foundation (IAF) on the occasion of its 50th anniversary for its significant accomplishments and contributions to the economic and social development of the Americas.</title>
        <parentTitleType />
        <chamberName />
      </item>
      <item>
        <titleType>Display Title</titleType>
        <chamberCode />
        <title>A resolution commending the Inter-American Foundation (IAF) on the occasion of its 50th anniversary for its significant accomplishments and contributions to the economic and social development of the Americas.</title>
        <parentTitleType />
        <chamberName />
      </item>
    </titles>
    <summaries>
      <billSummaries />
    </summaries>
    <recordedVotes />
    <title>A resolution commending the Inter-American Foundation (IAF) on the occasion of its 50th anniversary for its significant accomplishments and contributions to the economic and social development of the Americas.</title>
    <sponsors>
      <item>
        <party>D</party>
        <state>NJ</state>
        <identifiers>
          <bioguideId>M000639</bioguideId>
          <lisID>791</lisID>
          <gpoId>8239</gpoId>
        </identifiers>
        <middleName />
        <byRequestType />
        <bioguideId>M000639</bioguideId>
        <firstName>Robert</firstName>
        <fullName>Sen. Menendez, Robert [D-NJ]</fullName>
        <lastName>Menendez</lastName>
      </item>
    </sponsors>
    <cosponsors>
      <item>
        <firstName>Marco</firstName>
        <middleName />
        <isOriginalCosponsor>True</isOriginalCosponsor>
        <state>FL</state>
        <bioguideId>R000595</bioguideId>
        <identifiers>
          <lisID>2084</lisID>
          <gpoId>8242</gpoId>
          <bioguideId>R000595</bioguideId>
        </identifiers>
        <sponsorshipWithdrawnDate />
        <sponsorshipDate>2019-07-31</sponsorshipDate>
        <fullName>Sen. Rubio, Marco [R-FL]</fullName>
        <party>R</party>
        <lastName>Rubio</lastName>
      </item>
      <item>
        <firstName>BENJAMIN</firstName>
        <middleName>L.</middleName>
        <isOriginalCosponsor>True</isOriginalCosponsor>
        <state>MD</state>
        <bioguideId>C000141</bioguideId>
        <identifiers>
          <bioguideId>C000141</bioguideId>
          <gpoId>8287</gpoId>
          <lisID>174</lisID>
        </identifiers>
        <sponsorshipWithdrawnDate />
        <sponsorshipDate>2019-07-31</sponsorshipDate>
        <fullName>Sen. Cardin, Benjamin L. [D-MD]</fullName>
        <party>D</party>
        <lastName>CARDIN</lastName>
      </item>
      <item>
        <firstName>Ted</firstName>
        <middleName />
        <isOriginalCosponsor>True</isOriginalCosponsor>
        <state>TX</state>
        <bioguideId>C001098</bioguideId>
        <identifiers>
          <lisID>2175</lisID>
          <gpoId />
          <bioguideId>C001098</bioguideId>
        </identifiers>
        <sponsorshipWithdrawnDate />
        <sponsorshipDate>2019-07-31</sponsorshipDate>
        <fullName>Sen. Cruz, Ted [R-TX]</fullName>
        <party>R</party>
        <lastName>Cruz</lastName>
      </item>
      <item>
        <firstName>Timothy</firstName>
        <middleName />
        <isOriginalCosponsor>True</isOriginalCosponsor>
        <state>VA</state>
        <bioguideId>K000384</bioguideId>
        <identifiers>
          <lisID>2176</lisID>
          <gpoId />
          <bioguideId>K000384</bioguideId>
        </identifiers>
        <sponsorshipWithdrawnDate />
        <sponsorshipDate>2019-07-31</sponsorshipDate>
        <fullName>Sen. Kaine, Tim [D-VA]</fullName>
        <party>D</party>
        <lastName>Kaine</lastName>
      </item>
      <item>
        <firstName>Christopher</firstName>
        <middleName>A.</middleName>
        <isOriginalCosponsor>False</isOriginalCosponsor>
        <state>DE</state>
        <bioguideId>C001088</bioguideId>
        <identifiers>
          <lisID>1984</lisID>
          <gpoId>8297</gpoId>
          <bioguideId>C001088</bioguideId>
        </identifiers>
        <sponsorshipWithdrawnDate />
        <sponsorshipDate>2019-10-22</sponsorshipDate>
        <fullName>Sen. Coons, Christopher A. [D-DE]</fullName>
        <party>D</party>
        <lastName>Coons</lastName>
      </item>
      <item>
        <firstName>PATRICK</firstName>
        <middleName>JOSEPH</middleName>
        <isOriginalCosponsor>False</isOriginalCosponsor>
        <state>VT</state>
        <bioguideId>L000174</bioguideId>
        <identifiers>
          <bioguideId>L000174</bioguideId>
          <gpoId>8244</gpoId>
          <lisID>1383</lisID>
        </identifiers>
        <sponsorshipWithdrawnDate />
        <sponsorshipDate>2019-10-28</sponsorshipDate>
        <fullName>Sen. Leahy, Patrick J. [D-VT]</fullName>
        <party>D</party>
        <lastName>LEAHY</lastName>
      </item>
    </cosponsors>
    <billNumber>297</billNumber>
    <congress>116</congress>
    <latestAction>
      <links />
      <actionDate>2019-07-31</actionDate>
      <text>Referred to the Committee on Foreign Relations. (text: CR S5257)</text>
    </latestAction>
    <billType>SRES</billType>
    <updateDate>2019-11-15T21:56:30Z</updateDate>
    <createDate>2019-08-01T07:42:15Z</createDate>
    <version>1.0.0</version>
  </bill>
  <dublinCore xmlns:dc="http://purl.org/dc/elements/1.1/">
    <dc:format>text/xml</dc:format>
    <dc:language>EN</dc:language>
    <dc:rights>Pursuant to Title 17 Section 105 of the United States Code, this file is not subject to copyright protection and is in the public domain.</dc:rights>
    <dc:contributor>Congressional Research Service, Library of Congress</dc:contributor>
    <dc:description>This file contains bill summaries and statuses for federal legislation. A bill summary describes the most significant provisions of a piece of legislation and details the effects the legislative text may have on current law and federal programs. Bill summaries are authored by the Congressional Research Service (CRS) of the Library of Congress. As stated in Public Law 91-510 (2 USC 166 (d)(6)), one of the duties of CRS is "to prepare summaries and digests of bills and resolutions of a public general nature introduced in the Senate or House of Representatives". For more information, refer to the User Guide that accompanies this file.</dc:description>
  </dublinCore>
</billStatus>

