<?xml version="1.0" encoding="UTF-8"?>
<billStatus>
  <bill>
    <recordedVotes />
    <textVersions>
      <item>
        <date>2019-01-09T05:00:00Z</date>
        <formats>
          <item>
            <url>https://www.govinfo.gov/content/pkg/BILLS-116sres13ats/xml/BILLS-116sres13ats.xml</url>
          </item>
        </formats>
        <type>Agreed to Senate</type>
      </item>
    </textVersions>
    <billType>SRES</billType>
    <titles>
      <item>
        <titleType>Official Title as Introduced</titleType>
        <chamberName />
        <title>A resolution to constitute the minority party's membership on certain committees for the One Hundred Sixteenth Congress, or until their successors are chosen.</title>
        <chamberCode />
        <parentTitleType />
      </item>
      <item>
        <titleType>Display Title</titleType>
        <chamberName />
        <title>A resolution to constitute the minority party's membership on certain committees for the One Hundred Sixteenth Congress, or until their successors are chosen.</title>
        <chamberCode />
        <parentTitleType />
      </item>
    </titles>
    <cboCostEstimates />
    <calendarNumbers />
    <laws />
    <committeeReports />
    <sponsors>
      <item>
        <firstName>CHARLES</firstName>
        <byRequestType />
        <identifiers>
          <gpoId>8279</gpoId>
          <lisID>1036</lisID>
          <bioguideId>S000148</bioguideId>
        </identifiers>
        <middleName>E.</middleName>
        <party>D</party>
        <bioguideId>S000148</bioguideId>
        <lastName>SCHUMER</lastName>
        <state>NY</state>
        <fullName>Sen. Schumer, Charles E. [D-NY]</fullName>
      </item>
    </sponsors>
    <subjects>
      <billSubjects>
        <policyArea>
          <name>Congress</name>
        </policyArea>
        <legislativeSubjects>
          <item>
            <name>Congressional committees</name>
          </item>
          <item>
            <name>Joint Economic Committee</name>
          </item>
          <item>
            <name>Members of Congress</name>
          </item>
          <item>
            <name>Senate</name>
          </item>
          <item>
            <name>Senate Committee on Agriculture, Nutrition, and Forestry</name>
          </item>
          <item>
            <name>Senate Committee on Appropriations</name>
          </item>
          <item>
            <name>Senate Committee on Armed Services</name>
          </item>
          <item>
            <name>Senate Committee on Banking, Housing, and Urban Affairs</name>
          </item>
          <item>
            <name>Senate Committee on Commerce, Science, and Transportation</name>
          </item>
          <item>
            <name>Senate Committee on Energy and Natural Resources</name>
          </item>
          <item>
            <name>Senate Committee on Environment and Public Works</name>
          </item>
          <item>
            <name>Senate Committee on Finance</name>
          </item>
          <item>
            <name>Senate Committee on Foreign Relations</name>
          </item>
          <item>
            <name>Senate Committee on Health, Education, Labor, and Pensions</name>
          </item>
          <item>
            <name>Senate Committee on Homeland Security and Governmental Affairs</name>
          </item>
          <item>
            <name>Senate Committee on Indian Affairs</name>
          </item>
          <item>
            <name>Senate Committee on Rules and Administration</name>
          </item>
          <item>
            <name>Senate Committee on Small Business and Entrepreneurship</name>
          </item>
          <item>
            <name>Senate Committee on Veterans' Affairs</name>
          </item>
          <item>
            <name>Senate Committee on the Budget</name>
          </item>
          <item>
            <name>Senate Committee on the Judiciary</name>
          </item>
          <item>
            <name>Senate Select Committee on Ethics</name>
          </item>
          <item>
            <name>Senate Select Committee on Intelligence</name>
          </item>
        </legislativeSubjects>
      </billSubjects>
    </subjects>
    <committees>
      <billCommittees />
    </committees>
    <policyArea>
      <name>Congress</name>
    </policyArea>
    <updateDate>2019-02-06T06:18:14Z</updateDate>
    <createDate>2019-01-10T05:40:14Z</createDate>
    <amendments />
    <billNumber>13</billNumber>
    <latestAction>
      <actionDate>2019-01-09</actionDate>
      <text>Submitted in the Senate, considered, and agreed to without amendment by Unanimous Consent. (consideration: CR S87; text: CR S106)</text>
      <links />
    </latestAction>
    <cosponsors />
    <introducedDate>2019-01-09</introducedDate>
    <summaries>
      <billSummaries>
        <item>
          <versionCode>00</versionCode>
          <name>Introduced in Senate</name>
          <actionDate>2019-01-09</actionDate>
          <text><![CDATA[<p>This resolution designates the minority party's membership on specified Senate committees for the 116th Congress.</p>]]></text>
          <lastSummaryUpdateDate>2019-02-01T22:35:06Z</lastSummaryUpdateDate>
          <actionDesc>Introduced in Senate</actionDesc>
          <updateDate>2019-01-09T05:00:00Z</updateDate>
        </item>
        <item>
          <versionCode>55</versionCode>
          <name>Passed Senate</name>
          <actionDate>2019-01-09</actionDate>
          <text><![CDATA[<p>This resolution designates the minority party's membership on specified Senate committees for the 116th Congress.</p>]]></text>
          <lastSummaryUpdateDate>2019-02-01T22:35:11Z</lastSummaryUpdateDate>
          <actionDesc>Passed Senate</actionDesc>
          <updateDate>2019-01-09T20:42:11Z</updateDate>
        </item>
      </billSummaries>
    </summaries>
    <version>1.0.0</version>
    <relatedBills />
    <congress>116</congress>
    <notes />
    <title>A resolution to constitute the minority party's membership on certain committees for the One Hundred Sixteenth Congress, or until their successors are chosen.</title>
    <originChamber>Senate</originChamber>
    <actions>
      <item>
        <actionDate>2019-01-09</actionDate>
        <committee />
        <links>
          <link>
            <name>S106</name>
            <url>https://www.congress.gov/congressional-record/volume-165/senate-section/page/S106</url>
          </link>
          <link>
            <name>S87</name>
            <url>https://www.congress.gov/congressional-record/volume-165/senate-section/page/S87</url>
          </link>
        </links>
        <sourceSystem>
          <code>0</code>
          <name>Senate</name>
        </sourceSystem>
        <text>Submitted in the Senate, considered, and agreed to without amendment by Unanimous Consent. (consideration: CR S87; text: CR S106)</text>
        <type>Floor</type>
      </item>
      <item>
        <sourceSystem>
          <code>9</code>
          <name>Library of Congress</name>
        </sourceSystem>
        <text>Passed/agreed to in Senate: Submitted in the Senate, considered, and agreed to without amendment by Unanimous Consent.(consideration: CR S87; text: CR S106)</text>
        <actionCode>17000</actionCode>
        <committee />
        <links>
          <link>
            <name>S106</name>
            <url>https://www.congress.gov/congressional-record/volume-165/senate-section/page/S106</url>
          </link>
          <link>
            <name>S87</name>
            <url>https://www.congress.gov/congressional-record/volume-165/senate-section/page/S87</url>
          </link>
        </links>
        <type>Floor</type>
        <actionDate>2019-01-09</actionDate>
      </item>
      <item>
        <sourceSystem>
          <code>9</code>
          <name>Library of Congress</name>
        </sourceSystem>
        <text>Introduced in Senate</text>
        <actionCode>10000</actionCode>
        <committee />
        <links />
        <type>IntroReferral</type>
        <actionDate>2019-01-09</actionDate>
      </item>
      <actionTypeCounts>
        <passedOrAgreedToInSenateDayOf>1</passedOrAgreedToInSenateDayOf>
        <introducedInSenate>1</introducedInSenate>
        <passedAgreedToInSenate>1</passedAgreedToInSenate>
      </actionTypeCounts>
      <actionByCounts>
        <senate>3</senate>
      </actionByCounts>
    </actions>
  </bill>
  <dublinCore xmlns:dc="http://purl.org/dc/elements/1.1/">
    <dc:format>text/xml</dc:format>
    <dc:language>EN</dc:language>
    <dc:rights>Pursuant to Title 17 Section 105 of the United States Code, this file is not subject to copyright protection and is in the public domain.</dc:rights>
    <dc:contributor>Congressional Research Service, Library of Congress</dc:contributor>
    <dc:description>This file contains bill summaries and statuses for federal legislation. A bill summary describes the most significant provisions of a piece of legislation and details the effects the legislative text may have on current law and federal programs. Bill summaries are authored by the Congressional Research Service (CRS) of the Library of Congress. As stated in Public Law 91-510 (2 USC 166 (d)(6)), one of the duties of CRS is "to prepare summaries and digests of bills and resolutions of a public general nature introduced in the Senate or House of Representatives". For more information, refer to the User Guide that accompanies this file.</dc:description>
  </dublinCore>
</billStatus>

