<?xml version="1.0" encoding="UTF-8"?>
<billStatus>
  <bill>
    <policyArea>
      <name>International Affairs</name>
    </policyArea>
    <relatedBills />
    <introducedDate>2019-03-27</introducedDate>
    <committeeReports />
    <amendments />
    <textVersions>
      <item>
        <type>Agreed to Senate</type>
        <date>2019-03-28T04:00:00Z</date>
        <formats>
          <item>
            <url>https://www.govinfo.gov/content/pkg/BILLS-116sres124ats/xml/BILLS-116sres124ats.xml</url>
          </item>
        </formats>
      </item>
      <item>
        <type>Introduced in Senate</type>
        <date>2019-03-27T04:00:00Z</date>
        <formats>
          <item>
            <url>https://www.govinfo.gov/content/pkg/BILLS-116sres124is/xml/BILLS-116sres124is.xml</url>
          </item>
        </formats>
      </item>
    </textVersions>
    <cboCostEstimates />
    <subjects>
      <billSubjects>
        <legislativeSubjects>
          <item>
            <name>Congressional tributes</name>
          </item>
          <item>
            <name>Crime victims</name>
          </item>
          <item>
            <name>Hate crimes</name>
          </item>
          <item>
            <name>New Zealand</name>
          </item>
          <item>
            <name>Oceania</name>
          </item>
          <item>
            <name>Racial and ethnic relations</name>
          </item>
          <item>
            <name>Religion</name>
          </item>
          <item>
            <name>Terrorism</name>
          </item>
          <item>
            <name>Violent crime</name>
          </item>
        </legislativeSubjects>
        <policyArea>
          <name>International Affairs</name>
        </policyArea>
      </billSubjects>
    </subjects>
    <laws />
    <calendarNumbers />
    <notes />
    <actions>
      <actionByCounts>
        <senate>6</senate>
      </actionByCounts>
      <item>
        <actionDate>2019-03-28</actionDate>
        <committee />
        <links>
          <link>
            <url>https://www.congress.gov/congressional-record/volume-165/senate-section/page/S2055</url>
            <name>CR 3/27/2019 S2055</name>
          </link>
        </links>
        <sourceSystem>
          <code>0</code>
          <name>Senate</name>
        </sourceSystem>
        <text>Resolution agreed to in Senate without amendment and with a preamble by Unanimous Consent. (text: CR 3/27/2019 S2055-2056)</text>
        <type>Floor</type>
      </item>
      <item>
        <actionDate>2019-03-28</actionDate>
        <committee />
        <type>Floor</type>
        <actionCode>17000</actionCode>
        <links>
          <link>
            <url>https://www.congress.gov/congressional-record/volume-165/senate-section/page/S2055</url>
            <name>CR 3/27/2019 S2055</name>
          </link>
        </links>
        <sourceSystem>
          <code>9</code>
          <name>Library of Congress</name>
        </sourceSystem>
        <text>Passed/agreed to in Senate: Resolution agreed to in Senate without amendment and with a preamble by Unanimous Consent.(text: CR 3/27/2019 S2055-2056)</text>
      </item>
      <item>
        <actionDate>2019-03-28</actionDate>
        <committee>
          <name>Foreign Relations Committee</name>
          <systemCode>ssfr00</systemCode>
        </committee>
        <links>
          <link>
            <url>https://www.congress.gov/congressional-record/volume-165/senate-section/page/S2100</url>
            <name>S2100</name>
          </link>
        </links>
        <sourceSystem>
          <code>0</code>
          <name>Senate</name>
        </sourceSystem>
        <text>Senate Committee on Foreign Relations discharged by Unanimous Consent. (consideration: CR S2100)</text>
        <type>Discharge</type>
      </item>
      <item>
        <actionDate>2019-03-28</actionDate>
        <committee>
          <name>Foreign Relations Committee</name>
          <systemCode>ssfr00</systemCode>
        </committee>
        <type>Committee</type>
        <actionCode>14500</actionCode>
        <links>
          <link>
            <url>https://www.congress.gov/congressional-record/volume-165/senate-section/page/S2100</url>
            <name>S2100</name>
          </link>
        </links>
        <sourceSystem>
          <code>9</code>
          <name>Library of Congress</name>
        </sourceSystem>
        <text>Senate Committee on Foreign Relations discharged by Unanimous Consent.(consideration: CR S2100)</text>
      </item>
      <item>
        <actionDate>2019-03-27</actionDate>
        <committee>
          <name>Foreign Relations Committee</name>
          <systemCode>ssfr00</systemCode>
        </committee>
        <links />
        <sourceSystem>
          <code>0</code>
          <name>Senate</name>
        </sourceSystem>
        <text>Referred to the Committee on Foreign Relations.</text>
        <type>IntroReferral</type>
      </item>
      <item>
        <actionDate>2019-03-27</actionDate>
        <committee />
        <type>IntroReferral</type>
        <actionCode>10000</actionCode>
        <links />
        <sourceSystem>
          <code>9</code>
          <name>Library of Congress</name>
        </sourceSystem>
        <text>Introduced in Senate</text>
      </item>
      <actionTypeCounts>
        <senateCommitteeDischarged>1</senateCommitteeDischarged>
        <referredToCommittee>1</referredToCommittee>
        <introducedInSenate>1</introducedInSenate>
        <passedAgreedToInSenate>1</passedAgreedToInSenate>
        <agreedToInSenate>1</agreedToInSenate>
        <committeeDischarged>1</committeeDischarged>
      </actionTypeCounts>
    </actions>
    <originChamber>Senate</originChamber>
    <committees>
      <billCommittees>
        <item>
          <chamber>Senate</chamber>
          <subcommittees />
          <type>Standing</type>
          <activities>
            <item>
              <name>Discharged from</name>
              <date>2019-03-28T19:44:04Z</date>
            </item>
            <item>
              <name>Referred to</name>
              <date>2019-03-27T21:32:59Z</date>
            </item>
          </activities>
          <name>Foreign Relations Committee</name>
          <systemCode>ssfr00</systemCode>
        </item>
      </billCommittees>
    </committees>
    <titles>
      <item>
        <titleType>Official Title as Introduced</titleType>
        <chamberCode />
        <title>A resolution condemning the March 15, 2019, terrorist attacks in Christchurch, New Zealand, offering sincere condolences to all of the victims and their families, and expressing and standing in solidarity with the people and Government of New Zealand.</title>
        <parentTitleType />
        <chamberName />
      </item>
      <item>
        <titleType>Display Title</titleType>
        <chamberCode />
        <title>A resolution condemning the March 15, 2019, terrorist attacks in Christchurch, New Zealand, offering sincere condolences to all of the victims and their families, and expressing and standing in solidarity with the people and Government of New Zealand.</title>
        <parentTitleType />
        <chamberName />
      </item>
    </titles>
    <summaries>
      <billSummaries>
        <item>
          <versionCode>00</versionCode>
          <text><![CDATA[<p>This resolution condemns the March 15, 2019, terrorist attacks on the Al Noor and Linwood mosques in Christchurch, New Zealand, and expresses condolences to the victims and their families. It also calls on the U.S. government to redouble efforts to combat the spread of white supremacist terrorism. </p>]]></text>
          <actionDate>2019-03-27</actionDate>
          <lastSummaryUpdateDate>2019-04-10T16:33:15Z</lastSummaryUpdateDate>
          <actionDesc>Introduced in Senate</actionDesc>
          <updateDate>2019-03-27T04:00:00Z</updateDate>
          <name>Introduced in Senate</name>
        </item>
      </billSummaries>
    </summaries>
    <recordedVotes />
    <title>A resolution condemning the March 15, 2019, terrorist attacks in Christchurch, New Zealand, offering sincere condolences to all of the victims and their families, and expressing and standing in solidarity with the people and Government of New Zealand.</title>
    <sponsors>
      <item>
        <party>D</party>
        <state>NJ</state>
        <identifiers>
          <lisID>791</lisID>
          <gpoId>8239</gpoId>
          <bioguideId>M000639</bioguideId>
        </identifiers>
        <middleName />
        <byRequestType />
        <bioguideId>M000639</bioguideId>
        <firstName>Robert</firstName>
        <fullName>Sen. Menendez, Robert [D-NJ]</fullName>
        <lastName>Menendez</lastName>
      </item>
    </sponsors>
    <cosponsors>
      <item>
        <party>R</party>
        <state>ID</state>
        <identifiers>
          <lisID>1896</lisID>
          <gpoId>8274</gpoId>
          <bioguideId>R000584</bioguideId>
        </identifiers>
        <middleName>E.</middleName>
        <sponsorshipWithdrawnDate />
        <bioguideId>R000584</bioguideId>
        <isOriginalCosponsor>True</isOriginalCosponsor>
        <firstName>James</firstName>
        <fullName>Sen. Risch, James E. [R-ID]</fullName>
        <sponsorshipDate>2019-03-27</sponsorshipDate>
        <lastName>Risch</lastName>
      </item>
      <item>
        <party>D</party>
        <state>MI</state>
        <identifiers>
          <lisID>1929</lisID>
          <gpoId>7994</gpoId>
          <bioguideId>P000595</bioguideId>
        </identifiers>
        <middleName>C.</middleName>
        <sponsorshipWithdrawnDate />
        <bioguideId>P000595</bioguideId>
        <isOriginalCosponsor>True</isOriginalCosponsor>
        <firstName>Gary</firstName>
        <fullName>Sen. Peters, Gary C. [D-MI]</fullName>
        <sponsorshipDate>2019-03-27</sponsorshipDate>
        <lastName>Peters</lastName>
      </item>
      <item>
        <party>R</party>
        <state>CO</state>
        <identifiers>
          <bioguideId>G000562</bioguideId>
          <gpoId>7862</gpoId>
          <lisID>1998</lisID>
        </identifiers>
        <middleName />
        <sponsorshipWithdrawnDate />
        <bioguideId>G000562</bioguideId>
        <isOriginalCosponsor>True</isOriginalCosponsor>
        <firstName>Cory</firstName>
        <fullName>Sen. Gardner, Cory [R-CO]</fullName>
        <sponsorshipDate>2019-03-27</sponsorshipDate>
        <lastName>Gardner</lastName>
      </item>
      <item>
        <party>D</party>
        <state>IL</state>
        <identifiers>
          <bioguideId>D000563</bioguideId>
          <gpoId>8326</gpoId>
          <lisID>326</lisID>
        </identifiers>
        <middleName>J.</middleName>
        <sponsorshipWithdrawnDate />
        <bioguideId>D000563</bioguideId>
        <isOriginalCosponsor>True</isOriginalCosponsor>
        <firstName>RICHARD</firstName>
        <fullName>Sen. Durbin, Richard J. [D-IL]</fullName>
        <sponsorshipDate>2019-03-27</sponsorshipDate>
        <lastName>DURBIN</lastName>
      </item>
      <item>
        <party>R</party>
        <state>KY</state>
        <identifiers>
          <bioguideId>M000355</bioguideId>
          <gpoId>8254</gpoId>
          <lisID>1395</lisID>
        </identifiers>
        <middleName />
        <sponsorshipWithdrawnDate />
        <bioguideId>M000355</bioguideId>
        <isOriginalCosponsor>True</isOriginalCosponsor>
        <firstName>MITCH</firstName>
        <fullName>Sen. McConnell, Mitch [R-KY]</fullName>
        <sponsorshipDate>2019-03-27</sponsorshipDate>
        <lastName>MCCONNELL</lastName>
      </item>
      <item>
        <party>D</party>
        <state>MA</state>
        <identifiers>
          <lisID>735</lisID>
          <gpoId>7972</gpoId>
          <bioguideId>M000133</bioguideId>
        </identifiers>
        <middleName>J.</middleName>
        <sponsorshipWithdrawnDate />
        <bioguideId>M000133</bioguideId>
        <isOriginalCosponsor>True</isOriginalCosponsor>
        <firstName>EDWARD</firstName>
        <fullName>Sen. Markey, Edward J. [D-MA]</fullName>
        <sponsorshipDate>2019-03-27</sponsorshipDate>
        <lastName>MARKEY</lastName>
      </item>
      <item>
        <party>D</party>
        <state>NY</state>
        <identifiers>
          <lisID>1036</lisID>
          <gpoId>8279</gpoId>
          <bioguideId>S000148</bioguideId>
        </identifiers>
        <middleName>E.</middleName>
        <sponsorshipWithdrawnDate />
        <bioguideId>S000148</bioguideId>
        <isOriginalCosponsor>True</isOriginalCosponsor>
        <firstName>CHARLES</firstName>
        <fullName>Sen. Schumer, Charles E. [D-NY]</fullName>
        <sponsorshipDate>2019-03-27</sponsorshipDate>
        <lastName>SCHUMER</lastName>
      </item>
    </cosponsors>
    <billNumber>124</billNumber>
    <congress>116</congress>
    <latestAction>
      <links />
      <actionDate>2019-03-28</actionDate>
      <text>Resolution agreed to in Senate without amendment and with a preamble by Unanimous Consent. (text: CR 3/27/2019 S2055-2056)</text>
    </latestAction>
    <billType>SRES</billType>
    <updateDate>2019-11-15T21:56:27Z</updateDate>
    <createDate>2019-03-28T04:42:07Z</createDate>
    <version>1.0.0</version>
  </bill>
  <dublinCore xmlns:dc="http://purl.org/dc/elements/1.1/">
    <dc:format>text/xml</dc:format>
    <dc:language>EN</dc:language>
    <dc:rights>Pursuant to Title 17 Section 105 of the United States Code, this file is not subject to copyright protection and is in the public domain.</dc:rights>
    <dc:contributor>Congressional Research Service, Library of Congress</dc:contributor>
    <dc:description>This file contains bill summaries and statuses for federal legislation. A bill summary describes the most significant provisions of a piece of legislation and details the effects the legislative text may have on current law and federal programs. Bill summaries are authored by the Congressional Research Service (CRS) of the Library of Congress. As stated in Public Law 91-510 (2 USC 166 (d)(6)), one of the duties of CRS is "to prepare summaries and digests of bills and resolutions of a public general nature introduced in the Senate or House of Representatives". For more information, refer to the User Guide that accompanies this file.</dc:description>
  </dublinCore>
</billStatus>

