<?xml version="1.0" encoding="UTF-8"?>
<billStatus>
  <bill>
    <recordedVotes />
    <committees>
      <billCommittees>
        <item>
          <type>Standing</type>
          <chamber>Senate</chamber>
          <subcommittees />
          <systemCode>ssga00</systemCode>
          <activities>
            <item>
              <date>2019-03-07T17:37:58Z</date>
              <name>Referred to</name>
            </item>
          </activities>
          <name>Homeland Security and Governmental Affairs Committee</name>
        </item>
      </billCommittees>
    </committees>
    <cboCostEstimates />
    <policyArea>
      <name>Government Operations and Politics</name>
    </policyArea>
    <title>A resolution expressing the sense of the Senate that Congress should take all appropriate measures to ensure that the United States Postal Service remains an independent establishment of the Federal Government and is not subject to privatization.</title>
    <version>1.0.0</version>
    <updateDate>2019-06-11T09:19:23Z</updateDate>
    <textVersions>
      <item>
        <date>2019-03-07T05:00:00Z</date>
        <formats>
          <item>
            <url>https://www.govinfo.gov/content/pkg/BILLS-116sres99is/xml/BILLS-116sres99is.xml</url>
          </item>
        </formats>
        <type>Introduced in Senate</type>
      </item>
    </textVersions>
    <congress>116</congress>
    <subjects>
      <billSubjects>
        <policyArea>
          <name>Government Operations and Politics</name>
        </policyArea>
        <legislativeSubjects>
          <item>
            <name>Executive agency funding and structure</name>
          </item>
          <item>
            <name>Postal service</name>
          </item>
          <item>
            <name>U.S. Postal Service</name>
          </item>
        </legislativeSubjects>
      </billSubjects>
    </subjects>
    <summaries>
      <billSummaries />
    </summaries>
    <laws />
    <actions>
      <actionTypeCounts>
        <introducedInSenate>1</introducedInSenate>
        <referredToCommittee>1</referredToCommittee>
      </actionTypeCounts>
      <item>
        <actionDate>2019-03-07</actionDate>
        <committee>
          <name>Homeland Security and Governmental Affairs Committee</name>
          <systemCode>ssga00</systemCode>
        </committee>
        <links />
        <sourceSystem>
          <name>Senate</name>
          <code>0</code>
        </sourceSystem>
        <text>Referred to the Committee on Homeland Security and Governmental Affairs.</text>
        <type>IntroReferral</type>
      </item>
      <item>
        <links />
        <sourceSystem>
          <name>Library of Congress</name>
          <code>9</code>
        </sourceSystem>
        <actionDate>2019-03-07</actionDate>
        <text>Introduced in Senate</text>
        <committee />
        <actionCode>10000</actionCode>
        <type>IntroReferral</type>
      </item>
      <actionByCounts>
        <senate>2</senate>
      </actionByCounts>
    </actions>
    <notes />
    <latestAction>
      <text>Referred to the Committee on Homeland Security and Governmental Affairs.</text>
      <links />
      <actionDate>2019-03-07</actionDate>
    </latestAction>
    <titles>
      <item>
        <chamberCode />
        <parentTitleType />
        <chamberName />
        <title>A resolution expressing the sense of the Senate that Congress should take all appropriate measures to ensure that the United States Postal Service remains an independent establishment of the Federal Government and is not subject to privatization.</title>
        <titleType>Official Title as Introduced</titleType>
      </item>
      <item>
        <chamberCode />
        <parentTitleType />
        <chamberName />
        <title>A resolution expressing the sense of the Senate that Congress should take all appropriate measures to ensure that the United States Postal Service remains an independent establishment of the Federal Government and is not subject to privatization.</title>
        <titleType>Display Title</titleType>
      </item>
    </titles>
    <sponsors>
      <item>
        <bioguideId>P000595</bioguideId>
        <state>MI</state>
        <identifiers>
          <bioguideId>P000595</bioguideId>
          <gpoId>7994</gpoId>
          <lisID>1929</lisID>
        </identifiers>
        <lastName>Peters</lastName>
        <byRequestType />
        <firstName>Gary</firstName>
        <fullName>Sen. Peters, Gary C. [D-MI]</fullName>
        <middleName>C.</middleName>
        <party>D</party>
      </item>
    </sponsors>
    <committeeReports />
    <calendarNumbers />
    <originChamber>Senate</originChamber>
    <amendments />
    <relatedBills>
      <item>
        <congress>116</congress>
        <number>33</number>
        <relationshipDetails>
          <item>
            <identifiedBy>CRS</identifiedBy>
            <type>Related bill</type>
          </item>
        </relationshipDetails>
        <latestTitle>Expressing the sense of the House of Representatives that Congress should take all appropriate measures to ensure that the United States Postal Service remains an independent establishment of the Federal Government and is not subject to privatization.</latestTitle>
        <type>HRES</type>
        <latestAction>
          <actionDate>2019-01-09</actionDate>
          <text>Referred to the House Committee on Oversight and Reform.</text>
        </latestAction>
      </item>
    </relatedBills>
    <cosponsors>
      <item>
        <sponsorshipDate>2019-03-07</sponsorshipDate>
        <state>KS</state>
        <bioguideId>M000934</bioguideId>
        <middleName />
        <lastName>Moran</lastName>
        <fullName>Sen. Moran, Jerry [R-KS]</fullName>
        <party>R</party>
        <identifiers>
          <bioguideId>M000934</bioguideId>
          <gpoId>8307</gpoId>
          <lisID>1507</lisID>
        </identifiers>
        <isOriginalCosponsor>True</isOriginalCosponsor>
        <firstName>Jerry</firstName>
        <sponsorshipWithdrawnDate />
      </item>
      <item>
        <sponsorshipDate>2019-03-07</sponsorshipDate>
        <state>DE</state>
        <bioguideId>C000174</bioguideId>
        <middleName>R.</middleName>
        <lastName>CARPER</lastName>
        <fullName>Sen. Carper, Thomas R. [D-DE]</fullName>
        <party>D</party>
        <identifiers>
          <lisID>179</lisID>
          <gpoId>8283</gpoId>
          <bioguideId>C000174</bioguideId>
        </identifiers>
        <isOriginalCosponsor>True</isOriginalCosponsor>
        <firstName>THOMAS</firstName>
        <sponsorshipWithdrawnDate />
      </item>
      <item>
        <sponsorshipDate>2019-03-07</sponsorshipDate>
        <state>AK</state>
        <bioguideId>M001153</bioguideId>
        <middleName />
        <lastName>Murkowski</lastName>
        <fullName>Sen. Murkowski, Lisa [R-AK]</fullName>
        <party>R</party>
        <identifiers>
          <bioguideId>M001153</bioguideId>
          <gpoId>8234</gpoId>
          <lisID>1694</lisID>
        </identifiers>
        <isOriginalCosponsor>True</isOriginalCosponsor>
        <firstName>Lisa</firstName>
        <sponsorshipWithdrawnDate />
      </item>
      <item>
        <sponsorshipDate>2019-03-07</sponsorshipDate>
        <state>MN</state>
        <bioguideId>S001203</bioguideId>
        <middleName />
        <lastName>Smith</lastName>
        <fullName>Sen. Smith, Tina  [D-MN]</fullName>
        <party>D</party>
        <identifiers>
          <bioguideId>S001203</bioguideId>
          <gpoId />
          <lisID>2365</lisID>
        </identifiers>
        <isOriginalCosponsor>True</isOriginalCosponsor>
        <firstName>Tina</firstName>
        <sponsorshipWithdrawnDate />
      </item>
      <item>
        <sponsorshipDate>2019-03-07</sponsorshipDate>
        <state>ME</state>
        <bioguideId>C001035</bioguideId>
        <middleName>MARGARET</middleName>
        <lastName>COLLINS</lastName>
        <fullName>Sen. Collins, Susan M. [R-ME]</fullName>
        <party>R</party>
        <identifiers>
          <bioguideId>C001035</bioguideId>
          <lisID>1541</lisID>
          <gpoId>8291</gpoId>
        </identifiers>
        <isOriginalCosponsor>True</isOriginalCosponsor>
        <firstName>SUSAN</firstName>
        <sponsorshipWithdrawnDate />
      </item>
      <item>
        <sponsorshipDate>2019-03-07</sponsorshipDate>
        <state>AL</state>
        <bioguideId>J000300</bioguideId>
        <middleName />
        <lastName>Jones</lastName>
        <fullName>Sen. Jones, Doug  [D-AL]</fullName>
        <party>D</party>
        <identifiers>
          <bioguideId>J000300</bioguideId>
          <gpoId />
          <lisID>2364</lisID>
        </identifiers>
        <isOriginalCosponsor>True</isOriginalCosponsor>
        <firstName>Doug</firstName>
        <sponsorshipWithdrawnDate />
      </item>
      <item>
        <sponsorshipDate>2019-03-07</sponsorshipDate>
        <state>AK</state>
        <bioguideId>S001198</bioguideId>
        <middleName />
        <lastName>Sullivan</lastName>
        <fullName>Sen. Sullivan, Dan  [R-AK]</fullName>
        <party>R</party>
        <identifiers>
          <lisID>2290</lisID>
          <gpoId />
          <bioguideId>S001198</bioguideId>
        </identifiers>
        <isOriginalCosponsor>True</isOriginalCosponsor>
        <firstName>Dan</firstName>
        <sponsorshipWithdrawnDate />
      </item>
      <item>
        <sponsorshipDate>2019-03-07</sponsorshipDate>
        <state>VT</state>
        <bioguideId>S000033</bioguideId>
        <middleName />
        <lastName>Sanders</lastName>
        <fullName>Sen. Sanders, Bernard [I-VT]</fullName>
        <party>I</party>
        <identifiers>
          <lisID>1010</lisID>
          <gpoId>8270</gpoId>
          <bioguideId>S000033</bioguideId>
        </identifiers>
        <isOriginalCosponsor>True</isOriginalCosponsor>
        <firstName>Bernard</firstName>
        <sponsorshipWithdrawnDate />
      </item>
      <item>
        <sponsorshipDate>2019-03-07</sponsorshipDate>
        <state>MO</state>
        <bioguideId>B000575</bioguideId>
        <middleName />
        <lastName>Blunt</lastName>
        <fullName>Sen. Blunt, Roy [R-MO]</fullName>
        <party>R</party>
        <identifiers>
          <lisID>1464</lisID>
          <bioguideId>B000575</bioguideId>
          <gpoId>8313</gpoId>
        </identifiers>
        <isOriginalCosponsor>True</isOriginalCosponsor>
        <firstName>Roy</firstName>
        <sponsorshipWithdrawnDate />
      </item>
      <item>
        <sponsorshipDate>2019-03-07</sponsorshipDate>
        <state>RI</state>
        <bioguideId>W000802</bioguideId>
        <middleName />
        <lastName>Whitehouse</lastName>
        <fullName>Sen. Whitehouse, Sheldon [D-RI]</fullName>
        <party>D</party>
        <identifiers>
          <bioguideId>W000802</bioguideId>
          <gpoId>8264</gpoId>
          <lisID>1823</lisID>
        </identifiers>
        <isOriginalCosponsor>True</isOriginalCosponsor>
        <firstName>Sheldon</firstName>
        <sponsorshipWithdrawnDate />
      </item>
      <item>
        <sponsorshipDate>2019-03-07</sponsorshipDate>
        <state>KS</state>
        <bioguideId>R000307</bioguideId>
        <middleName />
        <lastName>ROBERTS</lastName>
        <fullName>Sen. Roberts, Pat [R-KS]</fullName>
        <party>R</party>
        <identifiers>
          <bioguideId>R000307</bioguideId>
          <gpoId>8275</gpoId>
          <lisID>968</lisID>
        </identifiers>
        <isOriginalCosponsor>True</isOriginalCosponsor>
        <firstName>PAT</firstName>
        <sponsorshipWithdrawnDate />
      </item>
      <item>
        <sponsorshipDate>2019-03-07</sponsorshipDate>
        <state>ME</state>
        <bioguideId>K000383</bioguideId>
        <middleName />
        <lastName>King</lastName>
        <fullName>Sen. King, Angus S., Jr. [I-ME]</fullName>
        <party>I</party>
        <identifiers>
          <bioguideId>K000383</bioguideId>
          <gpoId />
          <lisID>2185</lisID>
        </identifiers>
        <isOriginalCosponsor>True</isOriginalCosponsor>
        <firstName>Angus</firstName>
        <sponsorshipWithdrawnDate />
      </item>
      <item>
        <sponsorshipDate>2019-03-07</sponsorshipDate>
        <state>MD</state>
        <bioguideId>V000128</bioguideId>
        <middleName />
        <lastName>Van Hollen</lastName>
        <fullName>Sen. Van Hollen, Chris [D-MD]</fullName>
        <party>D</party>
        <identifiers>
          <lisID>1729</lisID>
          <bioguideId>V000128</bioguideId>
          <gpoId>7983</gpoId>
        </identifiers>
        <isOriginalCosponsor>True</isOriginalCosponsor>
        <firstName>Chris</firstName>
        <sponsorshipWithdrawnDate />
      </item>
      <item>
        <sponsorshipDate>2019-03-07</sponsorshipDate>
        <state>CA</state>
        <bioguideId>H001075</bioguideId>
        <middleName>D.</middleName>
        <lastName>Harris</lastName>
        <fullName>Sen. Harris, Kamala D. [D-CA]</fullName>
        <party>D</party>
        <identifiers>
          <bioguideId>H001075</bioguideId>
          <lisID>2301</lisID>
          <gpoId />
        </identifiers>
        <isOriginalCosponsor>True</isOriginalCosponsor>
        <firstName>Kamala</firstName>
        <sponsorshipWithdrawnDate />
      </item>
      <item>
        <sponsorshipDate>2019-03-07</sponsorshipDate>
        <state>NM</state>
        <bioguideId>U000039</bioguideId>
        <middleName />
        <lastName>UDALL</lastName>
        <fullName>Sen. Udall, Tom [D-NM]</fullName>
        <party>D</party>
        <identifiers>
          <lisID>1567</lisID>
          <gpoId>8260</gpoId>
          <bioguideId>U000039</bioguideId>
        </identifiers>
        <isOriginalCosponsor>True</isOriginalCosponsor>
        <firstName>TOM</firstName>
        <sponsorshipWithdrawnDate />
      </item>
      <item>
        <sponsorshipDate>2019-03-07</sponsorshipDate>
        <state>RI</state>
        <bioguideId>R000122</bioguideId>
        <middleName>F.</middleName>
        <lastName>REED</lastName>
        <fullName>Sen. Reed, Jack [D-RI]</fullName>
        <party>D</party>
        <identifiers>
          <bioguideId>R000122</bioguideId>
          <gpoId>8272</gpoId>
          <lisID>949</lisID>
        </identifiers>
        <isOriginalCosponsor>True</isOriginalCosponsor>
        <firstName>JOHN</firstName>
        <sponsorshipWithdrawnDate />
      </item>
      <item>
        <sponsorshipDate>2019-03-07</sponsorshipDate>
        <state>WI</state>
        <bioguideId>B001230</bioguideId>
        <middleName />
        <lastName>Baldwin</lastName>
        <fullName>Sen. Baldwin, Tammy [D-WI]</fullName>
        <party>D</party>
        <identifiers>
          <bioguideId>B001230</bioguideId>
          <lisID>1558</lisID>
          <gpoId>8215</gpoId>
        </identifiers>
        <isOriginalCosponsor>True</isOriginalCosponsor>
        <firstName>Tammy</firstName>
        <sponsorshipWithdrawnDate />
      </item>
      <item>
        <sponsorshipDate>2019-03-07</sponsorshipDate>
        <state>NH</state>
        <bioguideId>S001181</bioguideId>
        <middleName />
        <lastName>Shaheen</lastName>
        <fullName>Sen. Shaheen, Jeanne [D-NH]</fullName>
        <party>D</party>
        <identifiers>
          <bioguideId>S001181</bioguideId>
          <gpoId>8276</gpoId>
          <lisID>1901</lisID>
        </identifiers>
        <isOriginalCosponsor>True</isOriginalCosponsor>
        <firstName>Jeanne</firstName>
        <sponsorshipWithdrawnDate />
      </item>
      <item>
        <sponsorshipDate>2019-03-07</sponsorshipDate>
        <state>IL</state>
        <bioguideId>D000622</bioguideId>
        <middleName />
        <lastName>Duckworth</lastName>
        <fullName>Sen. Duckworth, Tammy [D-IL]</fullName>
        <party>D</party>
        <identifiers>
          <gpoId />
          <lisID>2123</lisID>
          <bioguideId>D000622</bioguideId>
        </identifiers>
        <isOriginalCosponsor>True</isOriginalCosponsor>
        <firstName>Tammy</firstName>
        <sponsorshipWithdrawnDate />
      </item>
      <item>
        <sponsorshipDate>2019-03-07</sponsorshipDate>
        <state>AZ</state>
        <bioguideId>S001191</bioguideId>
        <middleName />
        <lastName>Sinema</lastName>
        <fullName>Sen. Sinema, Kyrsten [D-AZ]</fullName>
        <party>D</party>
        <identifiers>
          <lisID>2099</lisID>
          <gpoId />
          <bioguideId>S001191</bioguideId>
        </identifiers>
        <isOriginalCosponsor>True</isOriginalCosponsor>
        <firstName>Kyrsten</firstName>
        <sponsorshipWithdrawnDate />
      </item>
      <item>
        <sponsorshipDate>2019-03-07</sponsorshipDate>
        <state>VA</state>
        <bioguideId>K000384</bioguideId>
        <middleName />
        <lastName>Kaine</lastName>
        <fullName>Sen. Kaine, Tim [D-VA]</fullName>
        <party>D</party>
        <identifiers>
          <bioguideId>K000384</bioguideId>
          <gpoId />
          <lisID>2176</lisID>
        </identifiers>
        <isOriginalCosponsor>True</isOriginalCosponsor>
        <firstName>Timothy</firstName>
        <sponsorshipWithdrawnDate />
      </item>
      <item>
        <sponsorshipDate>2019-03-07</sponsorshipDate>
        <state>MT</state>
        <bioguideId>T000464</bioguideId>
        <middleName />
        <lastName>Tester</lastName>
        <fullName>Sen. Tester, Jon [D-MT]</fullName>
        <party>D</party>
        <identifiers>
          <bioguideId>T000464</bioguideId>
          <gpoId>8258</gpoId>
          <lisID>1829</lisID>
        </identifiers>
        <isOriginalCosponsor>True</isOriginalCosponsor>
        <firstName>Jon</firstName>
        <sponsorshipWithdrawnDate />
      </item>
      <item>
        <sponsorshipDate>2019-03-07</sponsorshipDate>
        <state>NV</state>
        <bioguideId>R000608</bioguideId>
        <middleName />
        <lastName>Rosen</lastName>
        <fullName>Sen. Rosen, Jacky [D-NV]</fullName>
        <party>D</party>
        <identifiers>
          <bioguideId>R000608</bioguideId>
          <gpoId />
          <lisID>2339</lisID>
        </identifiers>
        <isOriginalCosponsor>True</isOriginalCosponsor>
        <firstName>Jacklyn</firstName>
        <sponsorshipWithdrawnDate />
      </item>
      <item>
        <sponsorshipDate>2019-03-07</sponsorshipDate>
        <state>NH</state>
        <bioguideId>H001076</bioguideId>
        <middleName>Wood</middleName>
        <lastName>Hassan</lastName>
        <fullName>Sen. Hassan, Margaret Wood [D-NH]</fullName>
        <party>D</party>
        <identifiers>
          <gpoId />
          <lisID>2302</lisID>
          <bioguideId>H001076</bioguideId>
        </identifiers>
        <isOriginalCosponsor>True</isOriginalCosponsor>
        <firstName>Margaret</firstName>
        <sponsorshipWithdrawnDate />
      </item>
      <item>
        <sponsorshipDate>2019-03-14</sponsorshipDate>
        <state>NY</state>
        <bioguideId>S000148</bioguideId>
        <middleName>E.</middleName>
        <lastName>SCHUMER</lastName>
        <fullName>Sen. Schumer, Charles E. [D-NY]</fullName>
        <party>D</party>
        <identifiers>
          <bioguideId>S000148</bioguideId>
          <gpoId>8279</gpoId>
          <lisID>1036</lisID>
        </identifiers>
        <isOriginalCosponsor>False</isOriginalCosponsor>
        <firstName>CHARLES</firstName>
        <sponsorshipWithdrawnDate />
      </item>
      <item>
        <sponsorshipDate>2019-03-14</sponsorshipDate>
        <state>WA</state>
        <bioguideId>M001111</bioguideId>
        <middleName />
        <lastName>MURRAY</lastName>
        <fullName>Sen. Murray, Patty [D-WA]</fullName>
        <party>D</party>
        <identifiers>
          <bioguideId>M001111</bioguideId>
          <lisID>1409</lisID>
          <gpoId>8237</gpoId>
        </identifiers>
        <isOriginalCosponsor>False</isOriginalCosponsor>
        <firstName>PATTY</firstName>
        <sponsorshipWithdrawnDate />
      </item>
      <item>
        <sponsorshipDate>2019-03-14</sponsorshipDate>
        <state>CT</state>
        <bioguideId>M001169</bioguideId>
        <middleName />
        <lastName>Murphy</lastName>
        <fullName>Sen. Murphy, Christopher [D-CT]</fullName>
        <party>D</party>
        <identifiers>
          <bioguideId>M001169</bioguideId>
          <gpoId>7870</gpoId>
          <lisID>1837</lisID>
        </identifiers>
        <isOriginalCosponsor>False</isOriginalCosponsor>
        <firstName>Christopher</firstName>
        <sponsorshipWithdrawnDate />
      </item>
      <item>
        <sponsorshipDate>2019-03-14</sponsorshipDate>
        <state>NV</state>
        <bioguideId>C001113</bioguideId>
        <middleName />
        <lastName>Cortez Masto</lastName>
        <fullName>Sen. Cortez Masto, Catherine  [D-NV]</fullName>
        <party>D</party>
        <identifiers>
          <bioguideId>C001113</bioguideId>
          <gpoId />
          <lisID>2299</lisID>
        </identifiers>
        <isOriginalCosponsor>False</isOriginalCosponsor>
        <firstName>Catherine</firstName>
        <sponsorshipWithdrawnDate />
      </item>
      <item>
        <sponsorshipDate>2019-03-14</sponsorshipDate>
        <state>MA</state>
        <bioguideId>M000133</bioguideId>
        <middleName>J.</middleName>
        <lastName>MARKEY</lastName>
        <fullName>Sen. Markey, Edward J. [D-MA]</fullName>
        <party>D</party>
        <identifiers>
          <bioguideId>M000133</bioguideId>
          <gpoId>7972</gpoId>
          <lisID>735</lisID>
        </identifiers>
        <isOriginalCosponsor>False</isOriginalCosponsor>
        <firstName>EDWARD</firstName>
        <sponsorshipWithdrawnDate />
      </item>
      <item>
        <sponsorshipDate>2019-04-01</sponsorshipDate>
        <state>MT</state>
        <bioguideId>D000618</bioguideId>
        <middleName />
        <lastName>Daines</lastName>
        <fullName>Sen. Daines, Steve [R-MT]</fullName>
        <party>R</party>
        <identifiers>
          <bioguideId>D000618</bioguideId>
          <gpoId />
          <lisID>2138</lisID>
        </identifiers>
        <isOriginalCosponsor>False</isOriginalCosponsor>
        <firstName>Steve</firstName>
        <sponsorshipWithdrawnDate />
      </item>
      <item>
        <sponsorshipDate>2019-04-01</sponsorshipDate>
        <state>OR</state>
        <bioguideId>W000779</bioguideId>
        <middleName />
        <lastName>WYDEN</lastName>
        <fullName>Sen. Wyden, Ron [D-OR]</fullName>
        <party>D</party>
        <identifiers>
          <bioguideId>W000779</bioguideId>
          <gpoId>8265</gpoId>
          <lisID>1247</lisID>
        </identifiers>
        <isOriginalCosponsor>False</isOriginalCosponsor>
        <firstName>RON</firstName>
        <sponsorshipWithdrawnDate />
      </item>
      <item>
        <sponsorshipDate>2019-04-01</sponsorshipDate>
        <state>MD</state>
        <bioguideId>C000141</bioguideId>
        <middleName>L.</middleName>
        <lastName>CARDIN</lastName>
        <fullName>Sen. Cardin, Benjamin L. [D-MD]</fullName>
        <party>D</party>
        <identifiers>
          <lisID>174</lisID>
          <bioguideId>C000141</bioguideId>
          <gpoId>8287</gpoId>
        </identifiers>
        <isOriginalCosponsor>False</isOriginalCosponsor>
        <firstName>BENJAMIN</firstName>
        <sponsorshipWithdrawnDate />
      </item>
      <item>
        <sponsorshipDate>2019-04-01</sponsorshipDate>
        <state>HI</state>
        <bioguideId>S001194</bioguideId>
        <middleName />
        <lastName>Schatz</lastName>
        <fullName>Sen. Schatz, Brian [D-HI]</fullName>
        <party>D</party>
        <identifiers>
          <bioguideId>S001194</bioguideId>
          <gpoId />
          <lisID>2173</lisID>
        </identifiers>
        <isOriginalCosponsor>False</isOriginalCosponsor>
        <firstName>Brian</firstName>
        <sponsorshipWithdrawnDate />
      </item>
      <item>
        <sponsorshipDate>2019-04-08</sponsorshipDate>
        <state>HI</state>
        <bioguideId>H001042</bioguideId>
        <middleName>K.</middleName>
        <lastName>Hirono</lastName>
        <fullName>Sen. Hirono, Mazie K. [D-HI]</fullName>
        <party>D</party>
        <identifiers>
          <gpoId>7913</gpoId>
          <lisID>1844</lisID>
          <bioguideId>H001042</bioguideId>
        </identifiers>
        <isOriginalCosponsor>False</isOriginalCosponsor>
        <firstName>Mazie</firstName>
        <sponsorshipWithdrawnDate />
      </item>
      <item>
        <sponsorshipDate>2019-04-08</sponsorshipDate>
        <state>CA</state>
        <bioguideId>F000062</bioguideId>
        <middleName />
        <lastName>FEINSTEIN</lastName>
        <fullName>Sen. Feinstein, Dianne [D-CA]</fullName>
        <party>D</party>
        <identifiers>
          <lisID>1332</lisID>
          <bioguideId>F000062</bioguideId>
          <gpoId>8338</gpoId>
        </identifiers>
        <isOriginalCosponsor>False</isOriginalCosponsor>
        <firstName>DIANNE</firstName>
        <sponsorshipWithdrawnDate />
      </item>
      <item>
        <sponsorshipDate>2019-04-08</sponsorshipDate>
        <state>VA</state>
        <bioguideId>W000805</bioguideId>
        <middleName>R.</middleName>
        <lastName>Warner</lastName>
        <fullName>Sen. Warner, Mark R. [D-VA]</fullName>
        <party>D</party>
        <identifiers>
          <gpoId>8269</gpoId>
          <lisID>1897</lisID>
          <bioguideId>W000805</bioguideId>
        </identifiers>
        <isOriginalCosponsor>False</isOriginalCosponsor>
        <firstName>Mark</firstName>
        <sponsorshipWithdrawnDate />
      </item>
      <item>
        <sponsorshipDate>2019-04-08</sponsorshipDate>
        <state>OR</state>
        <bioguideId>M001176</bioguideId>
        <middleName />
        <lastName>Merkley</lastName>
        <fullName>Sen. Merkley, Jeff [D-OR]</fullName>
        <party>D</party>
        <identifiers>
          <lisID>1900</lisID>
          <bioguideId>M001176</bioguideId>
          <gpoId>8238</gpoId>
        </identifiers>
        <isOriginalCosponsor>False</isOriginalCosponsor>
        <firstName>Jeff</firstName>
        <sponsorshipWithdrawnDate />
      </item>
      <item>
        <sponsorshipDate>2019-05-01</sponsorshipDate>
        <state>OH</state>
        <bioguideId>B000944</bioguideId>
        <middleName />
        <lastName>Brown</lastName>
        <fullName>Sen. Brown, Sherrod [D-OH]</fullName>
        <party>D</party>
        <identifiers>
          <bioguideId>B000944</bioguideId>
          <lisID>136</lisID>
          <gpoId>8309</gpoId>
        </identifiers>
        <isOriginalCosponsor>False</isOriginalCosponsor>
        <firstName>Sherrod</firstName>
        <sponsorshipWithdrawnDate />
      </item>
      <item>
        <sponsorshipDate>2019-05-13</sponsorshipDate>
        <state>PA</state>
        <bioguideId>C001070</bioguideId>
        <middleName />
        <lastName>Casey</lastName>
        <fullName>Sen. Casey, Robert P., Jr. [D-PA]</fullName>
        <party>D</party>
        <identifiers>
          <lisID>1828</lisID>
          <gpoId>8282</gpoId>
          <bioguideId>C001070</bioguideId>
        </identifiers>
        <isOriginalCosponsor>False</isOriginalCosponsor>
        <firstName>Bob</firstName>
        <sponsorshipWithdrawnDate />
      </item>
      <item>
        <sponsorshipDate>2019-05-13</sponsorshipDate>
        <state>MI</state>
        <bioguideId>S000770</bioguideId>
        <middleName>ANN</middleName>
        <lastName>STABENOW</lastName>
        <fullName>Sen. Stabenow, Debbie [D-MI]</fullName>
        <party>D</party>
        <identifiers>
          <lisID>1531</lisID>
          <gpoId>8261</gpoId>
          <bioguideId>S000770</bioguideId>
        </identifiers>
        <isOriginalCosponsor>False</isOriginalCosponsor>
        <firstName>DEBORAH</firstName>
        <sponsorshipWithdrawnDate />
      </item>
      <item>
        <sponsorshipDate>2019-05-13</sponsorshipDate>
        <state>MA</state>
        <bioguideId>W000817</bioguideId>
        <middleName>A.</middleName>
        <lastName>Warren</lastName>
        <fullName>Sen. Warren, Elizabeth [D-MA]</fullName>
        <party>D</party>
        <identifiers>
          <bioguideId>W000817</bioguideId>
          <gpoId />
          <lisID>2182</lisID>
        </identifiers>
        <isOriginalCosponsor>False</isOriginalCosponsor>
        <firstName>Elizabeth</firstName>
        <sponsorshipWithdrawnDate />
      </item>
      <item>
        <sponsorshipDate>2019-05-13</sponsorshipDate>
        <state>CT</state>
        <bioguideId>B001277</bioguideId>
        <middleName />
        <lastName>Blumenthal</lastName>
        <fullName>Sen. Blumenthal, Richard [D-CT]</fullName>
        <party>D</party>
        <identifiers>
          <gpoId>8332</gpoId>
          <lisID>2076</lisID>
          <bioguideId>B001277</bioguideId>
        </identifiers>
        <isOriginalCosponsor>False</isOriginalCosponsor>
        <firstName>Richard</firstName>
        <sponsorshipWithdrawnDate />
      </item>
      <item>
        <sponsorshipDate>2019-05-13</sponsorshipDate>
        <state>WV</state>
        <bioguideId>M001183</bioguideId>
        <middleName />
        <lastName>Manchin</lastName>
        <fullName>Sen. Manchin, Joe, III [D-WV]</fullName>
        <party>D</party>
        <identifiers>
          <lisID>1983</lisID>
          <gpoId>8256</gpoId>
          <bioguideId>M001183</bioguideId>
        </identifiers>
        <isOriginalCosponsor>False</isOriginalCosponsor>
        <firstName>Joe</firstName>
        <sponsorshipWithdrawnDate />
      </item>
      <item>
        <sponsorshipDate>2019-05-13</sponsorshipDate>
        <state>MN</state>
        <bioguideId>K000367</bioguideId>
        <middleName />
        <lastName>Klobuchar</lastName>
        <fullName>Sen. Klobuchar, Amy [D-MN]</fullName>
        <party>D</party>
        <identifiers>
          <bioguideId>K000367</bioguideId>
          <gpoId>8249</gpoId>
          <lisID>1826</lisID>
        </identifiers>
        <isOriginalCosponsor>False</isOriginalCosponsor>
        <firstName>Amy</firstName>
        <sponsorshipWithdrawnDate />
      </item>
      <item>
        <sponsorshipDate>2019-05-16</sponsorshipDate>
        <state>CO</state>
        <bioguideId>B001267</bioguideId>
        <middleName>F.</middleName>
        <lastName>Bennet</lastName>
        <fullName>Sen. Bennet, Michael F. [D-CO]</fullName>
        <party>D</party>
        <identifiers>
          <lisID>1965</lisID>
          <gpoId>8302</gpoId>
          <bioguideId>B001267</bioguideId>
        </identifiers>
        <isOriginalCosponsor>False</isOriginalCosponsor>
        <firstName>Michael</firstName>
        <sponsorshipWithdrawnDate />
      </item>
      <item>
        <sponsorshipDate>2019-05-16</sponsorshipDate>
        <state>DE</state>
        <bioguideId>C001088</bioguideId>
        <middleName>A.</middleName>
        <lastName>Coons</lastName>
        <fullName>Sen. Coons, Christopher A. [D-DE]</fullName>
        <party>D</party>
        <identifiers>
          <lisID>1984</lisID>
          <gpoId>8297</gpoId>
          <bioguideId>C001088</bioguideId>
        </identifiers>
        <isOriginalCosponsor>False</isOriginalCosponsor>
        <firstName>Christopher</firstName>
        <sponsorshipWithdrawnDate />
      </item>
      <item>
        <sponsorshipDate>2019-05-16</sponsorshipDate>
        <state>WA</state>
        <bioguideId>C000127</bioguideId>
        <middleName />
        <lastName>CANTWELL</lastName>
        <fullName>Sen. Cantwell, Maria [D-WA]</fullName>
        <party>D</party>
        <identifiers>
          <bioguideId>C000127</bioguideId>
          <gpoId>8288</gpoId>
          <lisID>172</lisID>
        </identifiers>
        <isOriginalCosponsor>False</isOriginalCosponsor>
        <firstName>MARIA</firstName>
        <sponsorshipWithdrawnDate />
      </item>
      <item>
        <sponsorshipDate>2019-05-23</sponsorshipDate>
        <state>NJ</state>
        <bioguideId>M000639</bioguideId>
        <middleName />
        <lastName>Menendez</lastName>
        <fullName>Sen. Menendez, Robert [D-NJ]</fullName>
        <party>D</party>
        <identifiers>
          <bioguideId>M000639</bioguideId>
          <gpoId>8239</gpoId>
          <lisID>791</lisID>
        </identifiers>
        <isOriginalCosponsor>False</isOriginalCosponsor>
        <firstName>Robert</firstName>
        <sponsorshipWithdrawnDate />
      </item>
      <item>
        <sponsorshipDate>2019-05-23</sponsorshipDate>
        <state>IL</state>
        <bioguideId>D000563</bioguideId>
        <middleName>J.</middleName>
        <lastName>DURBIN</lastName>
        <fullName>Sen. Durbin, Richard J. [D-IL]</fullName>
        <party>D</party>
        <identifiers>
          <lisID>326</lisID>
          <gpoId>8326</gpoId>
          <bioguideId>D000563</bioguideId>
        </identifiers>
        <isOriginalCosponsor>False</isOriginalCosponsor>
        <firstName>RICHARD</firstName>
        <sponsorshipWithdrawnDate />
      </item>
      <item>
        <sponsorshipDate>2019-06-03</sponsorshipDate>
        <state>NY</state>
        <bioguideId>G000555</bioguideId>
        <middleName>E.</middleName>
        <lastName>Gillibrand</lastName>
        <fullName>Sen. Gillibrand, Kirsten E. [D-NY]</fullName>
        <party>D</party>
        <identifiers>
          <bioguideId>G000555</bioguideId>
          <gpoId>8336</gpoId>
          <lisID>1866</lisID>
        </identifiers>
        <isOriginalCosponsor>False</isOriginalCosponsor>
        <firstName>Kirsten</firstName>
        <sponsorshipWithdrawnDate />
      </item>
      <item>
        <sponsorshipDate>2019-06-04</sponsorshipDate>
        <state>AR</state>
        <bioguideId>B001236</bioguideId>
        <middleName />
        <lastName>Boozman</lastName>
        <fullName>Sen. Boozman, John [R-AR]</fullName>
        <party>R</party>
        <identifiers>
          <lisID>1687</lisID>
          <bioguideId>B001236</bioguideId>
          <gpoId>8247</gpoId>
        </identifiers>
        <isOriginalCosponsor>False</isOriginalCosponsor>
        <firstName>John</firstName>
        <sponsorshipWithdrawnDate />
      </item>
      <item>
        <sponsorshipDate>2019-06-04</sponsorshipDate>
        <state>NM</state>
        <bioguideId>H001046</bioguideId>
        <middleName />
        <lastName>Heinrich</lastName>
        <fullName>Sen. Heinrich, Martin [D-NM]</fullName>
        <party>D</party>
        <identifiers>
          <bioguideId>H001046</bioguideId>
          <lisID>1937</lisID>
          <gpoId>8056</gpoId>
        </identifiers>
        <isOriginalCosponsor>False</isOriginalCosponsor>
        <firstName>Martin</firstName>
        <sponsorshipWithdrawnDate />
      </item>
      <item>
        <sponsorshipDate>2019-06-10</sponsorshipDate>
        <state>NJ</state>
        <bioguideId>B001288</bioguideId>
        <middleName>A.</middleName>
        <lastName>Booker</lastName>
        <fullName>Sen. Booker, Cory A. [D-NJ]</fullName>
        <party>D</party>
        <identifiers>
          <bioguideId>B001288</bioguideId>
          <gpoId />
          <lisID>2194</lisID>
        </identifiers>
        <isOriginalCosponsor>False</isOriginalCosponsor>
        <firstName>Cory</firstName>
        <sponsorshipWithdrawnDate />
      </item>
    </cosponsors>
    <billType>SRES</billType>
    <billNumber>99</billNumber>
    <introducedDate>2019-03-07</introducedDate>
    <createDate>2019-03-08T05:42:06Z</createDate>
  </bill>
  <dublinCore xmlns:dc="http://purl.org/dc/elements/1.1/">
    <dc:format>text/xml</dc:format>
    <dc:language>EN</dc:language>
    <dc:rights>Pursuant to Title 17 Section 105 of the United States Code, this file is not subject to copyright protection and is in the public domain.</dc:rights>
    <dc:contributor>Congressional Research Service, Library of Congress</dc:contributor>
    <dc:description>This file contains bill summaries and statuses for federal legislation. A bill summary describes the most significant provisions of a piece of legislation and details the effects the legislative text may have on current law and federal programs. Bill summaries are authored by the Congressional Research Service (CRS) of the Library of Congress. As stated in Public Law 91-510 (2 USC 166 (d)(6)), one of the duties of CRS is "to prepare summaries and digests of bills and resolutions of a public general nature introduced in the Senate or House of Representatives". For more information, refer to the User Guide that accompanies this file.</dc:description>
  </dublinCore>
</billStatus>

