<?xml version="1.0" encoding="UTF-8"?>
<billStatus>
  <bill>
    <createDate>2019-03-29T04:42:14Z</createDate>
    <title>A resolution honoring the life of Ted Lindsay.</title>
    <summaries>
      <billSummaries>
        <item>
          <updateDate>2019-03-28T04:00:00Z</updateDate>
          <name>Introduced in Senate</name>
          <lastSummaryUpdateDate>2019-06-05T15:10:36Z</lastSummaryUpdateDate>
          <versionCode>00</versionCode>
          <text><![CDATA[<p>This resolution (1) honors the life and legacy of Ted Lindsay for his contributions to the sport of hockey, the city of Detroit, and the state of Michigan; and (2) expresses condolences to his family upon his passing.</p>]]></text>
          <actionDate>2019-03-28</actionDate>
          <actionDesc>Introduced in Senate</actionDesc>
        </item>
        <item>
          <updateDate>2019-04-02T13:14:06Z</updateDate>
          <name>Passed Senate</name>
          <lastSummaryUpdateDate>2019-07-15T16:18:32Z</lastSummaryUpdateDate>
          <versionCode>55</versionCode>
          <text><![CDATA[<p>This resolution (1) honors the life and legacy of Ted Lindsay for his contributions to the sport of hockey, the city of Detroit, and the state of Michigan; and (2) expresses condolences to his family upon his passing.</p>]]></text>
          <actionDate>2019-04-02</actionDate>
          <actionDesc>Passed Senate</actionDesc>
        </item>
      </billSummaries>
    </summaries>
    <textVersions>
      <item>
        <type>Agreed to Senate</type>
        <formats>
          <item>
            <url>https://www.govinfo.gov/content/pkg/BILLS-116sres132ats/xml/BILLS-116sres132ats.xml</url>
          </item>
        </formats>
        <date>2019-04-02T04:00:00Z</date>
      </item>
      <item>
        <type>Introduced in Senate</type>
        <formats>
          <item>
            <url>https://www.govinfo.gov/content/pkg/BILLS-116sres132is/xml/BILLS-116sres132is.xml</url>
          </item>
        </formats>
        <date>2019-03-28T04:00:00Z</date>
      </item>
    </textVersions>
    <amendments />
    <policyArea>
      <name>Sports and Recreation</name>
    </policyArea>
    <actions>
      <item>
        <actionDate>2019-04-02</actionDate>
        <committee />
        <links>
          <link>
            <name>CR 3/28/2019 S2094</name>
            <url>https://www.congress.gov/congressional-record/volume-165/senate-section/page/S2094</url>
          </link>
        </links>
        <sourceSystem>
          <code>0</code>
          <name>Senate</name>
        </sourceSystem>
        <text>Resolution agreed to in Senate without amendment and with a preamble by Unanimous Consent. (text: CR 3/28/2019 S2094)</text>
        <type>Floor</type>
      </item>
      <item>
        <committee />
        <actionCode>17000</actionCode>
        <actionDate>2019-04-02</actionDate>
        <links>
          <link>
            <name>CR 3/28/2019 S2094</name>
            <url>https://www.congress.gov/congressional-record/volume-165/senate-section/page/S2094</url>
          </link>
        </links>
        <sourceSystem>
          <code>9</code>
          <name>Library of Congress</name>
        </sourceSystem>
        <type>Floor</type>
        <text>Passed/agreed to in Senate: Resolution agreed to in Senate without amendment and with a preamble by Unanimous Consent.(text: CR 3/28/2019 S2094)</text>
      </item>
      <item>
        <actionDate>2019-04-02</actionDate>
        <committee>
          <name>Judiciary Committee</name>
          <systemCode>ssju00</systemCode>
        </committee>
        <links>
          <link>
            <url>https://www.congress.gov/congressional-record/volume-165/senate-section/page/S2203-2204</url>
            <name>S2203-2204</name>
          </link>
        </links>
        <sourceSystem>
          <code>0</code>
          <name>Senate</name>
        </sourceSystem>
        <text>Senate Committee on the Judiciary discharged by Unanimous Consent. (consideration: CR S2203-2204)</text>
        <type>Discharge</type>
      </item>
      <item>
        <committee>
          <name>Judiciary Committee</name>
          <systemCode>ssju00</systemCode>
        </committee>
        <actionCode>14500</actionCode>
        <actionDate>2019-04-02</actionDate>
        <links>
          <link>
            <url>https://www.congress.gov/congressional-record/volume-165/senate-section/page/S2203-2204</url>
            <name>S2203-2204</name>
          </link>
        </links>
        <sourceSystem>
          <code>9</code>
          <name>Library of Congress</name>
        </sourceSystem>
        <type>Committee</type>
        <text>Senate Committee on the Judiciary discharged by Unanimous Consent.(consideration: CR S2203-2204)</text>
      </item>
      <item>
        <actionDate>2019-03-28</actionDate>
        <committee>
          <name>Judiciary Committee</name>
          <systemCode>ssju00</systemCode>
        </committee>
        <links />
        <sourceSystem>
          <code>0</code>
          <name>Senate</name>
        </sourceSystem>
        <text>Referred to the Committee on the Judiciary.</text>
        <type>IntroReferral</type>
      </item>
      <item>
        <committee />
        <actionCode>10000</actionCode>
        <actionDate>2019-03-28</actionDate>
        <links />
        <sourceSystem>
          <code>9</code>
          <name>Library of Congress</name>
        </sourceSystem>
        <type>IntroReferral</type>
        <text>Introduced in Senate</text>
      </item>
      <actionTypeCounts>
        <passedAgreedToInSenate>1</passedAgreedToInSenate>
        <agreedToInSenate>1</agreedToInSenate>
        <referredToCommittee>1</referredToCommittee>
        <introducedInSenate>1</introducedInSenate>
        <senateCommitteeDischarged>1</senateCommitteeDischarged>
        <committeeDischarged>1</committeeDischarged>
      </actionTypeCounts>
      <actionByCounts>
        <senate>6</senate>
      </actionByCounts>
    </actions>
    <notes />
    <version>1.0.0</version>
    <committeeReports />
    <updateDate>2019-07-19T07:39:43Z</updateDate>
    <billType>SRES</billType>
    <committees>
      <billCommittees>
        <item>
          <systemCode>ssju00</systemCode>
          <subcommittees />
          <type>Standing</type>
          <chamber>Senate</chamber>
          <name>Judiciary Committee</name>
          <activities>
            <item>
              <date>2019-04-02T22:09:54Z</date>
              <name>Discharged from</name>
            </item>
            <item>
              <date>2019-03-28T20:40:22Z</date>
              <name>Referred to</name>
            </item>
          </activities>
        </item>
      </billCommittees>
    </committees>
    <subjects>
      <billSubjects>
        <policyArea>
          <name>Sports and Recreation</name>
        </policyArea>
        <legislativeSubjects>
          <item>
            <name>Athletes</name>
          </item>
          <item>
            <name>Congressional tributes</name>
          </item>
          <item>
            <name>Michigan</name>
          </item>
          <item>
            <name>Professional sports</name>
          </item>
        </legislativeSubjects>
      </billSubjects>
    </subjects>
    <latestAction>
      <actionDate>2019-04-02</actionDate>
      <text>Resolution agreed to in Senate without amendment and with a preamble by Unanimous Consent. (text: CR 3/28/2019 S2094)</text>
      <links />
    </latestAction>
    <laws />
    <congress>116</congress>
    <billNumber>132</billNumber>
    <sponsors>
      <item>
        <fullName>Sen. Stabenow, Debbie [D-MI]</fullName>
        <identifiers>
          <gpoId>8261</gpoId>
          <bioguideId>S000770</bioguideId>
          <lisID>1531</lisID>
        </identifiers>
        <bioguideId>S000770</bioguideId>
        <middleName>ANN</middleName>
        <state>MI</state>
        <byRequestType />
        <firstName>DEBORAH</firstName>
        <party>D</party>
        <lastName>STABENOW</lastName>
      </item>
    </sponsors>
    <recordedVotes />
    <cosponsors>
      <item>
        <fullName>Sen. Peters, Gary C. [D-MI]</fullName>
        <identifiers>
          <lisID>1929</lisID>
          <gpoId>7994</gpoId>
          <bioguideId>P000595</bioguideId>
        </identifiers>
        <bioguideId>P000595</bioguideId>
        <firstName>Gary</firstName>
        <middleName>C.</middleName>
        <sponsorshipDate>2019-03-28</sponsorshipDate>
        <state>MI</state>
        <isOriginalCosponsor>True</isOriginalCosponsor>
        <sponsorshipWithdrawnDate />
        <party>D</party>
        <lastName>Peters</lastName>
      </item>
    </cosponsors>
    <calendarNumbers />
    <originChamber>Senate</originChamber>
    <cboCostEstimates />
    <introducedDate>2019-03-28</introducedDate>
    <relatedBills />
    <titles>
      <item>
        <titleType>Official Title as Introduced</titleType>
        <parentTitleType />
        <title>A resolution honoring the life of Ted Lindsay.</title>
        <chamberName />
        <chamberCode />
      </item>
      <item>
        <titleType>Display Title</titleType>
        <parentTitleType />
        <title>A resolution honoring the life of Ted Lindsay.</title>
        <chamberName />
        <chamberCode />
      </item>
    </titles>
  </bill>
  <dublinCore xmlns:dc="http://purl.org/dc/elements/1.1/">
    <dc:format>text/xml</dc:format>
    <dc:language>EN</dc:language>
    <dc:rights>Pursuant to Title 17 Section 105 of the United States Code, this file is not subject to copyright protection and is in the public domain.</dc:rights>
    <dc:contributor>Congressional Research Service, Library of Congress</dc:contributor>
    <dc:description>This file contains bill summaries and statuses for federal legislation. A bill summary describes the most significant provisions of a piece of legislation and details the effects the legislative text may have on current law and federal programs. Bill summaries are authored by the Congressional Research Service (CRS) of the Library of Congress. As stated in Public Law 91-510 (2 USC 166 (d)(6)), one of the duties of CRS is "to prepare summaries and digests of bills and resolutions of a public general nature introduced in the Senate or House of Representatives". For more information, refer to the User Guide that accompanies this file.</dc:description>
  </dublinCore>
</billStatus>

