<?xml version="1.0" encoding="UTF-8"?>
<billStatus>
  <bill>
    <amendments />
    <committees>
      <billCommittees>
        <item>
          <activities>
            <item>
              <date>2019-01-17T23:31:01Z</date>
              <name>Discharged from</name>
            </item>
            <item>
              <date>2019-01-08T20:59:46Z</date>
              <name>Referred to</name>
            </item>
          </activities>
          <subcommittees />
          <name>Judiciary Committee</name>
          <chamber>Senate</chamber>
          <type>Standing</type>
          <systemCode>ssju00</systemCode>
        </item>
      </billCommittees>
    </committees>
    <title>A resolution honoring the life of Richard Arvin Overton.</title>
    <originChamber>Senate</originChamber>
    <recordedVotes />
    <committeeReports />
    <textVersions>
      <item>
        <formats>
          <item>
            <url>https://www.govinfo.gov/content/pkg/BILLS-116sres10ats/xml/BILLS-116sres10ats.xml</url>
          </item>
        </formats>
        <date>2019-01-17T05:00:00Z</date>
        <type>Agreed to Senate</type>
      </item>
      <item>
        <formats>
          <item>
            <url>https://www.govinfo.gov/content/pkg/BILLS-116sres10is/xml/BILLS-116sres10is.xml</url>
          </item>
        </formats>
        <date>2019-01-08T05:00:00Z</date>
        <type>Introduced in Senate</type>
      </item>
    </textVersions>
    <introducedDate>2019-01-08</introducedDate>
    <billNumber>10</billNumber>
    <cboCostEstimates />
    <subjects>
      <billSubjects>
        <policyArea>
          <name>Armed Forces and National Security</name>
        </policyArea>
        <legislativeSubjects>
          <item>
            <name>Congressional tributes</name>
          </item>
          <item>
            <name>Veterans' organizations and recognition</name>
          </item>
        </legislativeSubjects>
      </billSubjects>
    </subjects>
    <actions>
      <actionByCounts>
        <senate>6</senate>
      </actionByCounts>
      <item>
        <actionDate>2019-01-17</actionDate>
        <committee />
        <links>
          <link>
            <name>CR 1/8/2019 S70</name>
            <url>https://www.congress.gov/congressional-record/volume-165/senate-section/page/S70</url>
          </link>
        </links>
        <sourceSystem>
          <code>0</code>
          <name>Senate</name>
        </sourceSystem>
        <text>Resolution agreed to in Senate without amendment and with a preamble by Unanimous Consent. (text: CR 1/8/2019 S70)</text>
        <type>Floor</type>
      </item>
      <item>
        <type>Floor</type>
        <links>
          <link>
            <name>CR 1/8/2019 S70</name>
            <url>https://www.congress.gov/congressional-record/volume-165/senate-section/page/S70</url>
          </link>
        </links>
        <text>Passed/agreed to in Senate: Resolution agreed to in Senate without amendment and with a preamble by Unanimous Consent.(text: CR 1/8/2019 S70)</text>
        <actionDate>2019-01-17</actionDate>
        <sourceSystem>
          <code>9</code>
          <name>Library of Congress</name>
        </sourceSystem>
        <committee />
        <actionCode>17000</actionCode>
      </item>
      <item>
        <actionDate>2019-01-17</actionDate>
        <committee>
          <systemCode>ssju00</systemCode>
          <name>Judiciary Committee</name>
        </committee>
        <links>
          <link>
            <name>S297</name>
            <url>https://www.congress.gov/congressional-record/volume-165/senate-section/page/S297</url>
          </link>
        </links>
        <sourceSystem>
          <code>0</code>
          <name>Senate</name>
        </sourceSystem>
        <text>Senate Committee on the Judiciary discharged by Unanimous Consent. (consideration: CR S297)</text>
        <type>Discharge</type>
      </item>
      <item>
        <type>Committee</type>
        <links>
          <link>
            <name>S297</name>
            <url>https://www.congress.gov/congressional-record/volume-165/senate-section/page/S297</url>
          </link>
        </links>
        <text>Senate Committee on the Judiciary discharged by Unanimous Consent.(consideration: CR S297)</text>
        <actionDate>2019-01-17</actionDate>
        <sourceSystem>
          <code>9</code>
          <name>Library of Congress</name>
        </sourceSystem>
        <committee>
          <systemCode>ssju00</systemCode>
          <name>Judiciary Committee</name>
        </committee>
        <actionCode>14500</actionCode>
      </item>
      <item>
        <actionDate>2019-01-08</actionDate>
        <committee>
          <systemCode>ssju00</systemCode>
          <name>Judiciary Committee</name>
        </committee>
        <links />
        <sourceSystem>
          <code>0</code>
          <name>Senate</name>
        </sourceSystem>
        <text>Referred to the Committee on the Judiciary.</text>
        <type>IntroReferral</type>
      </item>
      <item>
        <type>IntroReferral</type>
        <links />
        <text>Introduced in Senate</text>
        <actionDate>2019-01-08</actionDate>
        <sourceSystem>
          <code>9</code>
          <name>Library of Congress</name>
        </sourceSystem>
        <committee />
        <actionCode>10000</actionCode>
      </item>
      <actionTypeCounts>
        <agreedToInSenate>1</agreedToInSenate>
        <referredToCommittee>1</referredToCommittee>
        <introducedInSenate>1</introducedInSenate>
        <committeeDischarged>1</committeeDischarged>
        <passedAgreedToInSenate>1</passedAgreedToInSenate>
        <senateCommitteeDischarged>1</senateCommitteeDischarged>
      </actionTypeCounts>
    </actions>
    <congress>116</congress>
    <updateDate>2019-05-17T09:21:32Z</updateDate>
    <laws />
    <titles>
      <item>
        <titleType>Official Title as Introduced</titleType>
        <title>A resolution honoring the life of Richard Arvin Overton.</title>
        <chamberCode />
        <parentTitleType />
        <chamberName />
      </item>
      <item>
        <titleType>Display Title</titleType>
        <title>A resolution honoring the life of Richard Arvin Overton.</title>
        <chamberCode />
        <parentTitleType />
        <chamberName />
      </item>
    </titles>
    <createDate>2019-01-09T05:40:14Z</createDate>
    <relatedBills>
      <item>
        <congress>116</congress>
        <latestTitle>Honoring the life of Richard Arvin Overton.</latestTitle>
        <relationshipDetails>
          <item>
            <identifiedBy>CRS</identifiedBy>
            <type>Related bill</type>
          </item>
        </relationshipDetails>
        <type>HRES</type>
        <number>37</number>
        <latestAction>
          <actionDate>2019-01-11</actionDate>
          <text>Referred to the House Committee on Oversight and Reform.</text>
        </latestAction>
      </item>
    </relatedBills>
    <policyArea>
      <name>Armed Forces and National Security</name>
    </policyArea>
    <notes />
    <sponsors>
      <item>
        <firstName>John</firstName>
        <lastName>Cornyn</lastName>
        <byRequestType />
        <middleName />
        <bioguideId>C001056</bioguideId>
        <state>TX</state>
        <party>R</party>
        <fullName>Sen. Cornyn, John [R-TX]</fullName>
        <identifiers>
          <lisID>1692</lisID>
          <gpoId>8295</gpoId>
          <bioguideId>C001056</bioguideId>
        </identifiers>
      </item>
    </sponsors>
    <calendarNumbers />
    <version>1.0.0</version>
    <latestAction>
      <text>Resolution agreed to in Senate without amendment and with a preamble by Unanimous Consent. (text: CR 1/8/2019 S70)</text>
      <actionDate>2019-01-17</actionDate>
      <links />
    </latestAction>
    <cosponsors>
      <item>
        <sponsorshipWithdrawnDate />
        <bioguideId>C001098</bioguideId>
        <state>TX</state>
        <isOriginalCosponsor>True</isOriginalCosponsor>
        <middleName />
        <party>R</party>
        <identifiers>
          <lisID>2175</lisID>
          <bioguideId>C001098</bioguideId>
          <gpoId />
        </identifiers>
        <lastName>Cruz</lastName>
        <firstName>Ted</firstName>
        <fullName>Sen. Cruz, Ted [R-TX]</fullName>
        <sponsorshipDate>2019-01-08</sponsorshipDate>
      </item>
      <item>
        <sponsorshipWithdrawnDate />
        <bioguideId>P000595</bioguideId>
        <state>MI</state>
        <isOriginalCosponsor>False</isOriginalCosponsor>
        <middleName>C.</middleName>
        <party>D</party>
        <identifiers>
          <lisID>1929</lisID>
          <bioguideId>P000595</bioguideId>
          <gpoId>7994</gpoId>
        </identifiers>
        <lastName>Peters</lastName>
        <firstName>Gary</firstName>
        <fullName>Sen. Peters, Gary C. [D-MI]</fullName>
        <sponsorshipDate>2019-01-17</sponsorshipDate>
      </item>
    </cosponsors>
    <summaries>
      <billSummaries>
        <item>
          <text><![CDATA[<p>This resolution (1) extends heartfelt sympathy to the family of Richard Arvin Overton, who was the oldest surviving veteran, on the occasion of his death; and (2) honors his life and his service to the United States.</p>]]></text>
          <actionDesc>Introduced in Senate</actionDesc>
          <updateDate>2019-01-08T05:00:00Z</updateDate>
          <versionCode>00</versionCode>
          <lastSummaryUpdateDate>2019-01-23T17:18:50Z</lastSummaryUpdateDate>
          <name>Introduced in Senate</name>
          <actionDate>2019-01-08</actionDate>
        </item>
        <item>
          <text><![CDATA[<p>This resolution (1) extends heartfelt sympathy to the family of Richard Arvin Overton, who was the oldest surviving veteran, on the occasion of his death; and (2) honors his life and his service to the United States.</p>]]></text>
          <actionDesc>Passed Senate</actionDesc>
          <updateDate>2019-01-17T16:00:23Z</updateDate>
          <versionCode>55</versionCode>
          <lastSummaryUpdateDate>2019-01-23T17:25:13Z</lastSummaryUpdateDate>
          <name>Passed Senate</name>
          <actionDate>2019-01-17</actionDate>
        </item>
      </billSummaries>
    </summaries>
    <billType>SRES</billType>
  </bill>
  <dublinCore xmlns:dc="http://purl.org/dc/elements/1.1/">
    <dc:format>text/xml</dc:format>
    <dc:language>EN</dc:language>
    <dc:rights>Pursuant to Title 17 Section 105 of the United States Code, this file is not subject to copyright protection and is in the public domain.</dc:rights>
    <dc:contributor>Congressional Research Service, Library of Congress</dc:contributor>
    <dc:description>This file contains bill summaries and statuses for federal legislation. A bill summary describes the most significant provisions of a piece of legislation and details the effects the legislative text may have on current law and federal programs. Bill summaries are authored by the Congressional Research Service (CRS) of the Library of Congress. As stated in Public Law 91-510 (2 USC 166 (d)(6)), one of the duties of CRS is "to prepare summaries and digests of bills and resolutions of a public general nature introduced in the Senate or House of Representatives". For more information, refer to the User Guide that accompanies this file.</dc:description>
  </dublinCore>
</billStatus>

