<?xml version="1.0" encoding="UTF-8"?>
<billStatus>
  <bill>
    <updateDate>2019-08-30T09:33:09Z</updateDate>
    <recordedVotes />
    <latestAction>
      <text>Submitted in the Senate, considered, and passed without amendment and with a preamble by Voice Vote. (consideration: CR S2655-2656; text: CR S2649)</text>
      <actionDate>2019-05-06</actionDate>
      <links />
    </latestAction>
    <titles>
      <item>
        <title>A resolution promoting minority health awareness and supporting the goals and ideals of National Minority Health Month in April 2019, which include bringing attention to the health disparities faced by minority populations of the United States such as American Indians, Alaska Natives, Asian Americans, African Americans, Hispanics, and Native Hawaiians or other Pacific Islanders.</title>
        <parentTitleType />
        <titleType>Official Title as Introduced</titleType>
        <chamberName />
        <chamberCode />
      </item>
      <item>
        <title>A resolution promoting minority health awareness and supporting the goals and ideals of National Minority Health Month in April 2019, which include bringing attention to the health disparities faced by minority populations of the United States such as American Indians, Alaska Natives, Asian Americans, African Americans, Hispanics, and Native Hawaiians or other Pacific Islanders.</title>
        <parentTitleType />
        <titleType>Display Title</titleType>
        <chamberName />
        <chamberCode />
      </item>
    </titles>
    <version>1.0.0</version>
    <introducedDate>2019-05-06</introducedDate>
    <subjects>
      <billSubjects>
        <legislativeSubjects>
          <item>
            <name>Commemorative events and holidays</name>
          </item>
          <item>
            <name>Minority health</name>
          </item>
          <item>
            <name>Native Americans</name>
          </item>
        </legislativeSubjects>
        <policyArea>
          <name>Health</name>
        </policyArea>
      </billSubjects>
    </subjects>
    <cosponsors>
      <item>
        <fullName>Sen. Scott, Tim [R-SC]</fullName>
        <identifiers>
          <gpoId>8141</gpoId>
          <bioguideId>S001184</bioguideId>
          <lisID>2056</lisID>
        </identifiers>
        <party>R</party>
        <bioguideId>S001184</bioguideId>
        <sponsorshipWithdrawnDate />
        <lastName>Scott</lastName>
        <sponsorshipDate>2019-05-06</sponsorshipDate>
        <firstName>Tim</firstName>
        <isOriginalCosponsor>True</isOriginalCosponsor>
        <state>SC</state>
        <middleName />
      </item>
      <item>
        <fullName>Sen. Booker, Cory A. [D-NJ]</fullName>
        <identifiers>
          <gpoId />
          <bioguideId>B001288</bioguideId>
          <lisID>2194</lisID>
        </identifiers>
        <party>D</party>
        <bioguideId>B001288</bioguideId>
        <sponsorshipWithdrawnDate />
        <lastName>Booker</lastName>
        <sponsorshipDate>2019-05-06</sponsorshipDate>
        <firstName>Cory</firstName>
        <isOriginalCosponsor>True</isOriginalCosponsor>
        <state>NJ</state>
        <middleName>A.</middleName>
      </item>
      <item>
        <fullName>Sen. Rubio, Marco [R-FL]</fullName>
        <identifiers>
          <gpoId>8242</gpoId>
          <bioguideId>R000595</bioguideId>
          <lisID>2084</lisID>
        </identifiers>
        <party>R</party>
        <bioguideId>R000595</bioguideId>
        <sponsorshipWithdrawnDate />
        <lastName>Rubio</lastName>
        <sponsorshipDate>2019-05-06</sponsorshipDate>
        <firstName>Marco</firstName>
        <isOriginalCosponsor>True</isOriginalCosponsor>
        <state>FL</state>
        <middleName />
      </item>
      <item>
        <fullName>Sen. Hirono, Mazie K. [D-HI]</fullName>
        <identifiers>
          <lisID>1844</lisID>
          <gpoId>7913</gpoId>
          <bioguideId>H001042</bioguideId>
        </identifiers>
        <party>D</party>
        <bioguideId>H001042</bioguideId>
        <sponsorshipWithdrawnDate />
        <lastName>Hirono</lastName>
        <sponsorshipDate>2019-05-06</sponsorshipDate>
        <firstName>Mazie</firstName>
        <isOriginalCosponsor>True</isOriginalCosponsor>
        <state>HI</state>
        <middleName>K.</middleName>
      </item>
      <item>
        <fullName>Sen. Lankford, James [R-OK]</fullName>
        <identifiers>
          <gpoId>8113</gpoId>
          <bioguideId>L000575</bioguideId>
          <lisID>2050</lisID>
        </identifiers>
        <party>R</party>
        <bioguideId>L000575</bioguideId>
        <sponsorshipWithdrawnDate />
        <lastName>Lankford</lastName>
        <sponsorshipDate>2019-05-06</sponsorshipDate>
        <firstName>James</firstName>
        <isOriginalCosponsor>True</isOriginalCosponsor>
        <state>OK</state>
        <middleName />
      </item>
      <item>
        <fullName>Sen. Menendez, Robert [D-NJ]</fullName>
        <identifiers>
          <bioguideId>M000639</bioguideId>
          <gpoId>8239</gpoId>
          <lisID>791</lisID>
        </identifiers>
        <party>D</party>
        <bioguideId>M000639</bioguideId>
        <sponsorshipWithdrawnDate />
        <lastName>Menendez</lastName>
        <sponsorshipDate>2019-05-06</sponsorshipDate>
        <firstName>Robert</firstName>
        <isOriginalCosponsor>True</isOriginalCosponsor>
        <state>NJ</state>
        <middleName />
      </item>
      <item>
        <fullName>Sen. Cassidy, Bill [R-LA]</fullName>
        <identifiers>
          <lisID>1925</lisID>
          <bioguideId>C001075</bioguideId>
          <gpoId>7964</gpoId>
        </identifiers>
        <party>R</party>
        <bioguideId>C001075</bioguideId>
        <sponsorshipWithdrawnDate />
        <lastName>Cassidy</lastName>
        <sponsorshipDate>2019-05-06</sponsorshipDate>
        <firstName>Bill</firstName>
        <isOriginalCosponsor>True</isOriginalCosponsor>
        <state>LA</state>
        <middleName />
      </item>
      <item>
        <fullName>Sen. Markey, Edward J. [D-MA]</fullName>
        <identifiers>
          <lisID>735</lisID>
          <gpoId>7972</gpoId>
          <bioguideId>M000133</bioguideId>
        </identifiers>
        <party>D</party>
        <bioguideId>M000133</bioguideId>
        <sponsorshipWithdrawnDate />
        <lastName>MARKEY</lastName>
        <sponsorshipDate>2019-05-06</sponsorshipDate>
        <firstName>EDWARD</firstName>
        <isOriginalCosponsor>True</isOriginalCosponsor>
        <state>MA</state>
        <middleName>J.</middleName>
      </item>
      <item>
        <fullName>Sen. Hawley, Josh  [R-MO]</fullName>
        <identifiers>
          <bioguideId>H001089</bioguideId>
          <gpoId />
          <lisID>2464</lisID>
        </identifiers>
        <party>R</party>
        <bioguideId>H001089</bioguideId>
        <sponsorshipWithdrawnDate />
        <lastName>Hawley</lastName>
        <sponsorshipDate>2019-05-06</sponsorshipDate>
        <firstName>Josh</firstName>
        <isOriginalCosponsor>True</isOriginalCosponsor>
        <state>MO</state>
        <middleName />
      </item>
      <item>
        <fullName>Sen. Brown, Sherrod [D-OH]</fullName>
        <identifiers>
          <bioguideId>B000944</bioguideId>
          <gpoId>8309</gpoId>
          <lisID>136</lisID>
        </identifiers>
        <party>D</party>
        <bioguideId>B000944</bioguideId>
        <sponsorshipWithdrawnDate />
        <lastName>Brown</lastName>
        <sponsorshipDate>2019-05-06</sponsorshipDate>
        <firstName>Sherrod</firstName>
        <isOriginalCosponsor>True</isOriginalCosponsor>
        <state>OH</state>
        <middleName />
      </item>
      <item>
        <fullName>Sen. Cramer, Kevin [R-ND]</fullName>
        <identifiers>
          <gpoId />
          <bioguideId>C001096</bioguideId>
          <lisID>2144</lisID>
        </identifiers>
        <party>R</party>
        <bioguideId>C001096</bioguideId>
        <sponsorshipWithdrawnDate />
        <lastName>Cramer</lastName>
        <sponsorshipDate>2019-05-06</sponsorshipDate>
        <firstName>Kevin</firstName>
        <isOriginalCosponsor>True</isOriginalCosponsor>
        <state>ND</state>
        <middleName />
      </item>
      <item>
        <fullName>Sen. Van Hollen, Chris [D-MD]</fullName>
        <identifiers>
          <gpoId>7983</gpoId>
          <bioguideId>V000128</bioguideId>
          <lisID>1729</lisID>
        </identifiers>
        <party>D</party>
        <bioguideId>V000128</bioguideId>
        <sponsorshipWithdrawnDate />
        <lastName>Van Hollen</lastName>
        <sponsorshipDate>2019-05-06</sponsorshipDate>
        <firstName>Chris</firstName>
        <isOriginalCosponsor>True</isOriginalCosponsor>
        <state>MD</state>
        <middleName />
      </item>
      <item>
        <fullName>Sen. Wyden, Ron [D-OR]</fullName>
        <identifiers>
          <gpoId>8265</gpoId>
          <bioguideId>W000779</bioguideId>
          <lisID>1247</lisID>
        </identifiers>
        <party>D</party>
        <bioguideId>W000779</bioguideId>
        <sponsorshipWithdrawnDate />
        <lastName>WYDEN</lastName>
        <sponsorshipDate>2019-05-06</sponsorshipDate>
        <firstName>RON</firstName>
        <isOriginalCosponsor>True</isOriginalCosponsor>
        <state>OR</state>
        <middleName />
      </item>
      <item>
        <fullName>Sen. Harris, Kamala D. [D-CA]</fullName>
        <identifiers>
          <bioguideId>H001075</bioguideId>
          <gpoId />
          <lisID>2301</lisID>
        </identifiers>
        <party>D</party>
        <bioguideId>H001075</bioguideId>
        <sponsorshipWithdrawnDate />
        <lastName>Harris</lastName>
        <sponsorshipDate>2019-05-06</sponsorshipDate>
        <firstName>Kamala</firstName>
        <isOriginalCosponsor>True</isOriginalCosponsor>
        <state>CA</state>
        <middleName>D.</middleName>
      </item>
      <item>
        <fullName>Sen. Sanders, Bernard [I-VT]</fullName>
        <identifiers>
          <bioguideId>S000033</bioguideId>
          <gpoId>8270</gpoId>
          <lisID>1010</lisID>
        </identifiers>
        <party>I</party>
        <bioguideId>S000033</bioguideId>
        <sponsorshipWithdrawnDate />
        <lastName>Sanders</lastName>
        <sponsorshipDate>2019-05-06</sponsorshipDate>
        <firstName>Bernard</firstName>
        <isOriginalCosponsor>True</isOriginalCosponsor>
        <state>VT</state>
        <middleName />
      </item>
      <item>
        <fullName>Sen. Cortez Masto, Catherine  [D-NV]</fullName>
        <identifiers>
          <bioguideId>C001113</bioguideId>
          <gpoId />
          <lisID>2299</lisID>
        </identifiers>
        <party>D</party>
        <bioguideId>C001113</bioguideId>
        <sponsorshipWithdrawnDate />
        <lastName>Cortez Masto</lastName>
        <sponsorshipDate>2019-05-06</sponsorshipDate>
        <firstName>Catherine</firstName>
        <isOriginalCosponsor>True</isOriginalCosponsor>
        <state>NV</state>
        <middleName />
      </item>
    </cosponsors>
    <relatedBills>
      <item>
        <type>HRES</type>
        <latestAction>
          <text>Referred to the House Committee on Oversight and Reform.</text>
          <actionDate>2019-04-12</actionDate>
        </latestAction>
        <number>316</number>
        <congress>116</congress>
        <latestTitle>Promoting minority health awareness and supporting the goals and ideals of National Minority Health Month in April 2019, which include bringing attention to the health disparities faced by minority populations of the United States such as American Indians, Alaska Natives, Asian Americans, African Americans, Hispanics, and Native Hawaiians or other Pacific Islanders.</latestTitle>
        <relationshipDetails>
          <item>
            <type>Related bill</type>
            <identifiedBy>CRS</identifiedBy>
          </item>
        </relationshipDetails>
      </item>
    </relatedBills>
    <billNumber>190</billNumber>
    <congress>116</congress>
    <calendarNumbers />
    <cboCostEstimates />
    <committeeReports />
    <billType>SRES</billType>
    <originChamber>Senate</originChamber>
    <policyArea>
      <name>Health</name>
    </policyArea>
    <createDate>2019-05-07T04:27:07Z</createDate>
    <laws />
    <actions>
      <actionByCounts>
        <senate>3</senate>
      </actionByCounts>
      <item>
        <actionDate>2019-05-06</actionDate>
        <committee />
        <links>
          <link>
            <url>https://www.congress.gov/congressional-record/volume-165/senate-section/page/S2649</url>
            <name>S2649</name>
          </link>
          <link>
            <url>https://www.congress.gov/congressional-record/volume-165/senate-section/page/S2655-2656</url>
            <name>S2655-2656</name>
          </link>
        </links>
        <sourceSystem>
          <name>Senate</name>
          <code>0</code>
        </sourceSystem>
        <text>Submitted in the Senate, considered, and passed without amendment and with a preamble by Voice Vote. (consideration: CR S2655-2656; text: CR S2649)</text>
        <type>Floor</type>
      </item>
      <item>
        <actionDate>2019-05-06</actionDate>
        <type>Floor</type>
        <links>
          <link>
            <url>https://www.congress.gov/congressional-record/volume-165/senate-section/page/S2649</url>
            <name>S2649</name>
          </link>
          <link>
            <url>https://www.congress.gov/congressional-record/volume-165/senate-section/page/S2655-2656</url>
            <name>S2655-2656</name>
          </link>
        </links>
        <actionCode>17000</actionCode>
        <text>Passed/agreed to in Senate: Submitted in the Senate, considered, and passed without amendment and with a preamble by Voice Vote.(consideration: CR S2655-2656; text: CR S2649)</text>
        <committee />
        <sourceSystem>
          <name>Library of Congress</name>
          <code>9</code>
        </sourceSystem>
      </item>
      <item>
        <actionDate>2019-05-06</actionDate>
        <type>IntroReferral</type>
        <links />
        <actionCode>10000</actionCode>
        <text>Introduced in Senate</text>
        <committee />
        <sourceSystem>
          <name>Library of Congress</name>
          <code>9</code>
        </sourceSystem>
      </item>
      <actionTypeCounts>
        <passedOrAgreedToInSenateDayOf>1</passedOrAgreedToInSenateDayOf>
        <passedAgreedToInSenate>1</passedAgreedToInSenate>
        <introducedInSenate>1</introducedInSenate>
      </actionTypeCounts>
    </actions>
    <title>A resolution promoting minority health awareness and supporting the goals and ideals of National Minority Health Month in April 2019, which include bringing attention to the health disparities faced by minority populations of the United States such as American Indians, Alaska Natives, Asian Americans, African Americans, Hispanics, and Native Hawaiians or other Pacific Islanders.</title>
    <sponsors>
      <item>
        <fullName>Sen. Cardin, Benjamin L. [D-MD]</fullName>
        <firstName>BENJAMIN</firstName>
        <state>MD</state>
        <identifiers>
          <bioguideId>C000141</bioguideId>
          <gpoId>8287</gpoId>
          <lisID>174</lisID>
        </identifiers>
        <middleName>L.</middleName>
        <bioguideId>C000141</bioguideId>
        <lastName>CARDIN</lastName>
        <party>D</party>
        <byRequestType />
      </item>
    </sponsors>
    <textVersions>
      <item>
        <formats>
          <item>
            <url>https://www.govinfo.gov/content/pkg/BILLS-116sres190ats/xml/BILLS-116sres190ats.xml</url>
          </item>
        </formats>
        <date>2019-05-06T04:00:00Z</date>
        <type>Agreed to Senate</type>
      </item>
    </textVersions>
    <committees>
      <billCommittees />
    </committees>
    <summaries>
      <billSummaries>
        <item>
          <actionDate>2019-05-06</actionDate>
          <updateDate>2019-05-06T04:00:00Z</updateDate>
          <versionCode>00</versionCode>
          <name>Introduced in Senate</name>
          <actionDesc>Introduced in Senate</actionDesc>
          <text><![CDATA[<p>This resolution expresses support for National Minority Health Month in April 2019.</p>]]></text>
          <lastSummaryUpdateDate>2019-07-25T18:38:47Z</lastSummaryUpdateDate>
        </item>
        <item>
          <actionDate>2019-05-06</actionDate>
          <updateDate>2019-05-06T13:04:25Z</updateDate>
          <versionCode>55</versionCode>
          <name>Passed Senate</name>
          <actionDesc>Passed Senate</actionDesc>
          <text><![CDATA[<p>This resolution expresses support for National Minority Health Month in April 2019.</p>]]></text>
          <lastSummaryUpdateDate>2019-08-27T17:27:14Z</lastSummaryUpdateDate>
        </item>
      </billSummaries>
    </summaries>
    <notes />
    <amendments />
  </bill>
  <dublinCore xmlns:dc="http://purl.org/dc/elements/1.1/">
    <dc:format>text/xml</dc:format>
    <dc:language>EN</dc:language>
    <dc:rights>Pursuant to Title 17 Section 105 of the United States Code, this file is not subject to copyright protection and is in the public domain.</dc:rights>
    <dc:contributor>Congressional Research Service, Library of Congress</dc:contributor>
    <dc:description>This file contains bill summaries and statuses for federal legislation. A bill summary describes the most significant provisions of a piece of legislation and details the effects the legislative text may have on current law and federal programs. Bill summaries are authored by the Congressional Research Service (CRS) of the Library of Congress. As stated in Public Law 91-510 (2 USC 166 (d)(6)), one of the duties of CRS is "to prepare summaries and digests of bills and resolutions of a public general nature introduced in the Senate or House of Representatives". For more information, refer to the User Guide that accompanies this file.</dc:description>
  </dublinCore>
</billStatus>

