<?xml version="1.0" encoding="UTF-8"?>
<billStatus>
  <bill>
    <subjects>
      <billSubjects>
        <policyArea>
          <name>Animals</name>
        </policyArea>
        <legislativeSubjects>
          <item>
            <name>Commemorative events and holidays</name>
          </item>
          <item>
            <name>Crime prevention</name>
          </item>
          <item>
            <name>Crimes against animals and natural resources</name>
          </item>
          <item>
            <name>International organizations and cooperation</name>
          </item>
          <item>
            <name>Smuggling and trafficking</name>
          </item>
          <item>
            <name>Wildlife conservation and habitat protection</name>
          </item>
        </legislativeSubjects>
      </billSubjects>
    </subjects>
    <relatedBills />
    <notes />
    <committees>
      <billCommittees>
        <item>
          <subcommittees />
          <type>Standing</type>
          <systemCode>ssju00</systemCode>
          <chamber>Senate</chamber>
          <name>Judiciary Committee</name>
          <activities>
            <item>
              <date>2019-03-12T22:23:12Z</date>
              <name>Discharged from</name>
            </item>
            <item>
              <date>2019-02-28T22:10:29Z</date>
              <name>Referred to</name>
            </item>
          </activities>
        </item>
      </billCommittees>
    </committees>
    <summaries>
      <billSummaries>
        <item>
          <actionDate>2019-02-28</actionDate>
          <versionCode>00</versionCode>
          <name>Introduced in Senate</name>
          <updateDate>2019-02-28T05:00:00Z</updateDate>
          <lastSummaryUpdateDate>2019-10-01T15:24:39Z</lastSummaryUpdateDate>
          <actionDesc>Introduced in Senate</actionDesc>
          <text><![CDATA[<p>This resolution designates March 3, 2019, as World Wildlife Day and expresses support for conserving wildlife.</p>]]></text>
        </item>
        <item>
          <actionDate>2019-03-12</actionDate>
          <versionCode>55</versionCode>
          <name>Passed Senate</name>
          <updateDate>2019-03-12T12:45:02Z</updateDate>
          <lastSummaryUpdateDate>2019-10-01T15:14:34Z</lastSummaryUpdateDate>
          <actionDesc>Passed Senate</actionDesc>
          <text><![CDATA[<p>This resolution designates March 3, 2019, as World Wildlife Day and expresses support for conserving wildlife.</p>]]></text>
        </item>
      </billSummaries>
    </summaries>
    <version>1.0.0</version>
    <originChamber>Senate</originChamber>
    <congress>116</congress>
    <latestAction>
      <actionDate>2019-03-12</actionDate>
      <text>Resolution agreed to in Senate without amendment and an amended preamble by Voice Vote. (text: CR S1800)</text>
      <links />
    </latestAction>
    <actions>
      <actionByCounts>
        <senate>7</senate>
      </actionByCounts>
      <actionTypeCounts>
        <committeeDischarged>1</committeeDischarged>
        <introducedInSenate>1</introducedInSenate>
        <passedAgreedToInSenate>1</passedAgreedToInSenate>
        <referredToCommittee>1</referredToCommittee>
        <measureLaidBeforeSenate>1</measureLaidBeforeSenate>
        <senateCommitteeDischarged>1</senateCommitteeDischarged>
        <agreedToInSenate>1</agreedToInSenate>
      </actionTypeCounts>
      <item>
        <actionDate>2019-03-12</actionDate>
        <committee />
        <links>
          <link>
            <name>S1800</name>
            <url>https://www.congress.gov/congressional-record/volume-165/senate-section/page/S1800</url>
          </link>
        </links>
        <sourceSystem>
          <code>0</code>
          <name>Senate</name>
        </sourceSystem>
        <text>Resolution agreed to in Senate without amendment and an amended preamble by Voice Vote. (text: CR S1800)</text>
        <type>Floor</type>
      </item>
      <item>
        <type>Floor</type>
        <actionDate>2019-03-12</actionDate>
        <actionCode>17000</actionCode>
        <text>Passed/agreed to in Senate: Resolution agreed to in Senate without amendment and an amended preamble by Voice Vote.(text: CR S1800)</text>
        <links>
          <link>
            <name>S1800</name>
            <url>https://www.congress.gov/congressional-record/volume-165/senate-section/page/S1800</url>
          </link>
        </links>
        <sourceSystem>
          <code>9</code>
          <name>Library of Congress</name>
        </sourceSystem>
        <committee />
      </item>
      <item>
        <actionDate>2019-03-12</actionDate>
        <committee />
        <links>
          <link>
            <name>S1799-1800</name>
            <url>https://www.congress.gov/congressional-record/volume-165/senate-section/page/S1799-1800</url>
          </link>
        </links>
        <sourceSystem>
          <code>0</code>
          <name>Senate</name>
        </sourceSystem>
        <text>Measure laid before Senate by unanimous consent. (consideration: CR S1799-1800)</text>
        <type>Floor</type>
      </item>
      <item>
        <actionDate>2019-03-12</actionDate>
        <committee>
          <name>Judiciary Committee</name>
          <systemCode>ssju00</systemCode>
        </committee>
        <links />
        <sourceSystem>
          <code>0</code>
          <name>Senate</name>
        </sourceSystem>
        <text>Senate Committee on the Judiciary discharged by Unanimous Consent.</text>
        <type>Discharge</type>
      </item>
      <item>
        <type>Committee</type>
        <actionDate>2019-03-12</actionDate>
        <sourceSystem>
          <code>9</code>
          <name>Library of Congress</name>
        </sourceSystem>
        <text>Senate Committee on the Judiciary discharged by Unanimous Consent.</text>
        <links />
        <actionCode>14500</actionCode>
        <committee>
          <name>Judiciary Committee</name>
          <systemCode>ssju00</systemCode>
        </committee>
      </item>
      <item>
        <actionDate>2019-02-28</actionDate>
        <committee>
          <name>Judiciary Committee</name>
          <systemCode>ssju00</systemCode>
        </committee>
        <links>
          <link>
            <name>S1604-1605</name>
            <url>https://www.congress.gov/congressional-record/volume-165/senate-section/page/S1604-1605</url>
          </link>
        </links>
        <sourceSystem>
          <code>0</code>
          <name>Senate</name>
        </sourceSystem>
        <text>Referred to the Committee on the Judiciary. (text: CR S1604-1605)</text>
        <type>IntroReferral</type>
      </item>
      <item>
        <type>IntroReferral</type>
        <actionDate>2019-02-28</actionDate>
        <actionCode>10000</actionCode>
        <text>Introduced in Senate</text>
        <links />
        <sourceSystem>
          <code>9</code>
          <name>Library of Congress</name>
        </sourceSystem>
        <committee />
      </item>
    </actions>
    <createDate>2019-03-01T05:40:08Z</createDate>
    <titles>
      <item>
        <parentTitleType />
        <chamberCode />
        <title>A resolution designating March 3, 2019, as "World Wildlife Day".</title>
        <titleType>Official Title as Introduced</titleType>
        <chamberName />
      </item>
      <item>
        <parentTitleType />
        <chamberCode />
        <title>A resolution designating March 3, 2019, as "World Wildlife Day".</title>
        <titleType>Display Title</titleType>
        <chamberName />
      </item>
    </titles>
    <laws />
    <introducedDate>2019-02-28</introducedDate>
    <calendarNumbers />
    <recordedVotes />
    <textVersions>
      <item>
        <formats>
          <item>
            <url>https://www.govinfo.gov/content/pkg/BILLS-116sres91ats/xml/BILLS-116sres91ats.xml</url>
          </item>
        </formats>
        <type>Agreed to Senate</type>
        <date>2019-03-12T04:00:00Z</date>
      </item>
      <item>
        <formats>
          <item>
            <url>https://www.govinfo.gov/content/pkg/BILLS-116sres91is/xml/BILLS-116sres91is.xml</url>
          </item>
        </formats>
        <type>Introduced in Senate</type>
        <date>2019-02-28T05:00:00Z</date>
      </item>
    </textVersions>
    <cosponsors>
      <item>
        <bioguideId>P000449</bioguideId>
        <state>OH</state>
        <party>R</party>
        <fullName>Sen. Portman, Rob [R-OH]</fullName>
        <lastName>PORTMAN</lastName>
        <sponsorshipWithdrawnDate />
        <isOriginalCosponsor>True</isOriginalCosponsor>
        <firstName>ROB</firstName>
        <identifiers>
          <bioguideId>P000449</bioguideId>
          <gpoId>8266</gpoId>
          <lisID>924</lisID>
        </identifiers>
        <middleName />
        <sponsorshipDate>2019-02-28</sponsorshipDate>
      </item>
    </cosponsors>
    <amendments>
      <amendment>
        <description />
        <type>SAMDT</type>
        <number>192</number>
        <proposedDate>2019-03-12T04:00:00Z</proposedDate>
        <titles />
        <number>192</number>
        <notes />
        <cosponsors>
          <currentCount>0</currentCount>
          <totalCount>0</totalCount>
        </cosponsors>
        <amendments>
          <count>0</count>
        </amendments>
        <type>SAMDT</type>
        <amendedBill>
          <originChamber>Senate</originChamber>
          <congress>116</congress>
          <originChamberCode>S</originChamberCode>
          <number>91</number>
          <type>SRES</type>
          <title>A resolution designating March 3, 2019, as "World Wildlife Day".</title>
        </amendedBill>
        <updateDate>2019-10-04T04:27:38Z</updateDate>
        <version>1.0.0</version>
        <purpose>To amend the preamble.</purpose>
        <congress>116</congress>
        <submittedDate>2019-03-12T04:00:00Z</submittedDate>
        <actions>
          <count>6</count>
          <actionTypeCounts>
            <amendmentAgreedTo>1</amendmentAgreedTo>
            <senateAmendmentSubmitted>1</senateAmendmentSubmitted>
            <amendmentProposed>1</amendmentProposed>
            <senateAmendmentAgreedTo>1</senateAmendmentAgreedTo>
            <senateAmendmentProposedOnTheFloor>1</senateAmendmentProposedOnTheFloor>
          </actionTypeCounts>
          <actions>
            <item>
              <actionDate>2019-03-12</actionDate>
              <committee />
              <links>
                <link>
                  <url>https://www.congress.gov/amendment/116th-congress/senate-amendment/192</url>
                  <name>S.Amdt.192</name>
                </link>
                <link>
                  <url>https://www.congress.gov/amendment/116th-congress/senate-amendment/192</url>
                  <name>SA 192</name>
                </link>
              </links>
              <sourceSystem>
                <code>0</code>
                <name>Senate</name>
              </sourceSystem>
              <text>Amendment SA 192 agreed to in Senate by Unanimous Consent.</text>
              <type>Floor</type>
            </item>
            <item>
              <actionDate>2019-03-12</actionDate>
              <committee />
              <links>
                <link>
                  <url>https://www.congress.gov/amendment/116th-congress/senate-amendment/192</url>
                  <name>S.Amdt.192</name>
                </link>
                <link>
                  <url>https://www.congress.gov/congressional-record/volume-165/senate-section/page/S1799-1800</url>
                  <name>S1799-1800</name>
                </link>
                <link>
                  <url>https://www.congress.gov/amendment/116th-congress/senate-amendment/192</url>
                  <name>SA 192</name>
                </link>
              </links>
              <sourceSystem>
                <code>0</code>
                <name>Senate</name>
              </sourceSystem>
              <text>Amendment SA 192 proposed by Senator McConnell for Senator Coons. (consideration: CR S1799-1800; text: CR S1799-1800) To amend the preamble.</text>
              <type>Floor</type>
            </item>
            <item>
              <actionDate>2019-03-12</actionDate>
              <committee />
              <links />
              <text />
            </item>
            <item>
              <actionCode>91000</actionCode>
              <text>Senate amendment submitted</text>
              <sourceSystem>
                <code>9</code>
                <name>Library of Congress</name>
              </sourceSystem>
              <actionDate>2019-03-12</actionDate>
              <type>Floor</type>
              <links />
              <committee />
            </item>
            <item>
              <actionCode>93000</actionCode>
              <text>Senate amendment proposed (on the floor): Amendment SA 192 proposed by Senator McConnell for Senator Coons.</text>
              <sourceSystem>
                <code>9</code>
                <name>Library of Congress</name>
              </sourceSystem>
              <actionDate>2019-03-12</actionDate>
              <type>Floor</type>
              <links>
                <link>
                  <url>https://www.congress.gov/amendment/116th-congress/senate-amendment/192</url>
                  <name>S.Amdt.192</name>
                </link>
                <link>
                  <url>https://www.congress.gov/congressional-record/volume-165/senate-section/page/S1799-1800</url>
                  <name>S1799-1800</name>
                </link>
                <link>
                  <url>https://www.congress.gov/amendment/116th-congress/senate-amendment/192</url>
                  <name>SA 192</name>
                </link>
              </links>
              <committee />
            </item>
            <item>
              <actionCode>94000</actionCode>
              <text>Senate amendment agreed to: Amendment SA 192 agreed to in Senate by Unanimous Consent.</text>
              <sourceSystem>
                <code>9</code>
                <name>Library of Congress</name>
              </sourceSystem>
              <actionDate>2019-03-12</actionDate>
              <type>Floor</type>
              <links>
                <link>
                  <url>https://www.congress.gov/amendment/116th-congress/senate-amendment/192</url>
                  <name>S.Amdt.192</name>
                </link>
                <link>
                  <url>https://www.congress.gov/amendment/116th-congress/senate-amendment/192</url>
                  <name>SA 192</name>
                </link>
              </links>
              <committee />
            </item>
          </actions>
          <actionByCounts>
            <senate>5</senate>
          </actionByCounts>
        </actions>
        <createDate>2019-03-13T04:31:06Z</createDate>
        <description />
        <amendedAmendment />
        <chamber>Senate</chamber>
        <sponsors>
          <item>
            <party>D</party>
            <lastName>Coons</lastName>
            <firstName>Christopher</firstName>
            <state>DE</state>
            <fullName>Sen. Coons, Christopher A. [D-DE]</fullName>
            <identifiers>
              <lisID>1984</lisID>
              <gpoId>8297</gpoId>
              <bioguideId>C001088</bioguideId>
            </identifiers>
            <middleName>A.</middleName>
            <bioguideId>C001088</bioguideId>
          </item>
        </sponsors>
        <links />
        <congress>116</congress>
        <latestAction>
          <actionDate>2019-03-12</actionDate>
          <text>Amendment SA 192 agreed to in Senate by Unanimous Consent.</text>
        </latestAction>
        <purpose>To amend the preamble.</purpose>
      </amendment>
    </amendments>
    <billNumber>91</billNumber>
    <updateDate>2019-11-15T21:59:44Z</updateDate>
    <cboCostEstimates />
    <title>A resolution designating March 3, 2019, as "World Wildlife Day".</title>
    <committeeReports />
    <policyArea>
      <name>Animals</name>
    </policyArea>
    <sponsors>
      <item>
        <party>D</party>
        <lastName>Coons</lastName>
        <firstName>Christopher</firstName>
        <state>DE</state>
        <fullName>Sen. Coons, Christopher A. [D-DE]</fullName>
        <identifiers>
          <lisID>1984</lisID>
          <gpoId>8297</gpoId>
          <bioguideId>C001088</bioguideId>
        </identifiers>
        <middleName>A.</middleName>
        <bioguideId>C001088</bioguideId>
        <byRequestType />
      </item>
    </sponsors>
    <billType>SRES</billType>
  </bill>
  <dublinCore xmlns:dc="http://purl.org/dc/elements/1.1/">
    <dc:format>text/xml</dc:format>
    <dc:language>EN</dc:language>
    <dc:rights>Pursuant to Title 17 Section 105 of the United States Code, this file is not subject to copyright protection and is in the public domain.</dc:rights>
    <dc:contributor>Congressional Research Service, Library of Congress</dc:contributor>
    <dc:description>This file contains bill summaries and statuses for federal legislation. A bill summary describes the most significant provisions of a piece of legislation and details the effects the legislative text may have on current law and federal programs. Bill summaries are authored by the Congressional Research Service (CRS) of the Library of Congress. As stated in Public Law 91-510 (2 USC 166 (d)(6)), one of the duties of CRS is "to prepare summaries and digests of bills and resolutions of a public general nature introduced in the Senate or House of Representatives". For more information, refer to the User Guide that accompanies this file.</dc:description>
  </dublinCore>
</billStatus>

