<?xml version="1.0" encoding="UTF-8"?>
<billStatus>
  <bill>
    <createDate>2019-03-01T05:40:08Z</createDate>
    <introducedDate>2019-02-28</introducedDate>
    <originChamber>Senate</originChamber>
    <textVersions>
      <item>
        <date>2019-02-28T05:00:00Z</date>
        <type>Agreed to Senate</type>
        <formats>
          <item>
            <url>https://www.govinfo.gov/content/pkg/BILLS-116sres88ats/xml/BILLS-116sres88ats.xml</url>
          </item>
        </formats>
      </item>
    </textVersions>
    <committees>
      <billCommittees />
    </committees>
    <subjects>
      <billSubjects>
        <policyArea>
          <name>Education</name>
        </policyArea>
        <legislativeSubjects>
          <item>
            <name>Art, artists, authorship</name>
          </item>
          <item>
            <name>Books and print media</name>
          </item>
          <item>
            <name>Commemorative events and holidays</name>
          </item>
          <item>
            <name>Congressional tributes</name>
          </item>
          <item>
            <name>Elementary and secondary education</name>
          </item>
          <item>
            <name>Language arts</name>
          </item>
        </legislativeSubjects>
      </billSubjects>
    </subjects>
    <cosponsors>
      <item>
        <firstName>JOHN</firstName>
        <middleName>F.</middleName>
        <lastName>REED</lastName>
        <fullName>Sen. Reed, Jack [D-RI]</fullName>
        <sponsorshipWithdrawnDate />
        <state>RI</state>
        <sponsorshipDate>2019-02-28</sponsorshipDate>
        <isOriginalCosponsor>True</isOriginalCosponsor>
        <party>D</party>
        <identifiers>
          <lisID>949</lisID>
          <gpoId>8272</gpoId>
          <bioguideId>R000122</bioguideId>
        </identifiers>
        <bioguideId>R000122</bioguideId>
      </item>
      <item>
        <firstName>Mike</firstName>
        <middleName />
        <lastName>Braun</lastName>
        <fullName>Sen. Braun, Mike  [R-IN]</fullName>
        <sponsorshipWithdrawnDate />
        <state>IN</state>
        <sponsorshipDate>2019-02-28</sponsorshipDate>
        <isOriginalCosponsor>True</isOriginalCosponsor>
        <party>R</party>
        <identifiers>
          <bioguideId>B001310</bioguideId>
          <lisID>2462</lisID>
          <gpoId />
        </identifiers>
        <bioguideId>B001310</bioguideId>
      </item>
      <item>
        <firstName>Richard</firstName>
        <middleName />
        <lastName>Blumenthal</lastName>
        <fullName>Sen. Blumenthal, Richard [D-CT]</fullName>
        <sponsorshipWithdrawnDate />
        <state>CT</state>
        <sponsorshipDate>2019-02-28</sponsorshipDate>
        <isOriginalCosponsor>True</isOriginalCosponsor>
        <party>D</party>
        <identifiers>
          <lisID>2076</lisID>
          <bioguideId>B001277</bioguideId>
          <gpoId>8332</gpoId>
        </identifiers>
        <bioguideId>B001277</bioguideId>
      </item>
      <item>
        <firstName>SHELLEY</firstName>
        <middleName>MOORE</middleName>
        <lastName>CAPITO</lastName>
        <fullName>Sen. Capito, Shelley Moore [R-WV]</fullName>
        <sponsorshipWithdrawnDate />
        <state>WV</state>
        <sponsorshipDate>2019-02-28</sponsorshipDate>
        <isOriginalCosponsor>True</isOriginalCosponsor>
        <party>R</party>
        <identifiers>
          <gpoId>8223</gpoId>
          <bioguideId>C001047</bioguideId>
          <lisID>1676</lisID>
        </identifiers>
        <bioguideId>C001047</bioguideId>
      </item>
      <item>
        <firstName>Sheldon</firstName>
        <middleName />
        <lastName>Whitehouse</lastName>
        <fullName>Sen. Whitehouse, Sheldon [D-RI]</fullName>
        <sponsorshipWithdrawnDate />
        <state>RI</state>
        <sponsorshipDate>2019-02-28</sponsorshipDate>
        <isOriginalCosponsor>True</isOriginalCosponsor>
        <party>D</party>
        <identifiers>
          <gpoId>8264</gpoId>
          <lisID>1823</lisID>
          <bioguideId>W000802</bioguideId>
        </identifiers>
        <bioguideId>W000802</bioguideId>
      </item>
      <item>
        <firstName>RICHARD</firstName>
        <middleName>J.</middleName>
        <lastName>DURBIN</lastName>
        <fullName>Sen. Durbin, Richard J. [D-IL]</fullName>
        <sponsorshipWithdrawnDate />
        <state>IL</state>
        <sponsorshipDate>2019-02-28</sponsorshipDate>
        <isOriginalCosponsor>True</isOriginalCosponsor>
        <party>D</party>
        <identifiers>
          <bioguideId>D000563</bioguideId>
          <lisID>326</lisID>
          <gpoId>8326</gpoId>
        </identifiers>
        <bioguideId>D000563</bioguideId>
      </item>
      <item>
        <firstName>THOMAS</firstName>
        <middleName>R.</middleName>
        <lastName>CARPER</lastName>
        <fullName>Sen. Carper, Thomas R. [D-DE]</fullName>
        <sponsorshipWithdrawnDate />
        <state>DE</state>
        <sponsorshipDate>2019-02-28</sponsorshipDate>
        <isOriginalCosponsor>True</isOriginalCosponsor>
        <party>D</party>
        <identifiers>
          <lisID>179</lisID>
          <gpoId>8283</gpoId>
          <bioguideId>C000174</bioguideId>
        </identifiers>
        <bioguideId>C000174</bioguideId>
      </item>
      <item>
        <firstName>Amy</firstName>
        <middleName />
        <lastName>Klobuchar</lastName>
        <fullName>Sen. Klobuchar, Amy [D-MN]</fullName>
        <sponsorshipWithdrawnDate />
        <state>MN</state>
        <sponsorshipDate>2019-02-28</sponsorshipDate>
        <isOriginalCosponsor>True</isOriginalCosponsor>
        <party>D</party>
        <identifiers>
          <lisID>1826</lisID>
          <bioguideId>K000367</bioguideId>
          <gpoId>8249</gpoId>
        </identifiers>
        <bioguideId>K000367</bioguideId>
      </item>
      <item>
        <firstName>Margaret</firstName>
        <middleName>Wood</middleName>
        <lastName>Hassan</lastName>
        <fullName>Sen. Hassan, Margaret Wood [D-NH]</fullName>
        <sponsorshipWithdrawnDate />
        <state>NH</state>
        <sponsorshipDate>2019-02-28</sponsorshipDate>
        <isOriginalCosponsor>True</isOriginalCosponsor>
        <party>D</party>
        <identifiers>
          <lisID>2302</lisID>
          <gpoId />
          <bioguideId>H001076</bioguideId>
        </identifiers>
        <bioguideId>H001076</bioguideId>
      </item>
      <item>
        <firstName>ROGER</firstName>
        <middleName>F.</middleName>
        <lastName>WICKER</lastName>
        <fullName>Sen. Wicker, Roger F. [R-MS]</fullName>
        <sponsorshipWithdrawnDate />
        <state>MS</state>
        <sponsorshipDate>2019-02-28</sponsorshipDate>
        <isOriginalCosponsor>True</isOriginalCosponsor>
        <party>R</party>
        <identifiers>
          <lisID>1226</lisID>
          <gpoId>8263</gpoId>
          <bioguideId>W000437</bioguideId>
        </identifiers>
        <bioguideId>W000437</bioguideId>
      </item>
    </cosponsors>
    <notes />
    <sponsors>
      <item>
        <firstName>SUSAN</firstName>
        <byRequestType />
        <middleName>MARGARET</middleName>
        <fullName>Sen. Collins, Susan M. [R-ME]</fullName>
        <state>ME</state>
        <party>R</party>
        <bioguideId>C001035</bioguideId>
        <identifiers>
          <bioguideId>C001035</bioguideId>
          <gpoId>8291</gpoId>
          <lisID>1541</lisID>
        </identifiers>
        <lastName>COLLINS</lastName>
      </item>
    </sponsors>
    <policyArea>
      <name>Education</name>
    </policyArea>
    <laws />
    <latestAction>
      <links />
      <actionDate>2019-02-28</actionDate>
      <text>Submitted in the Senate, considered, and agreed to without amendment and with a preamble by Unanimous Consent. (consideration: CR S1606; text: CR S1603)</text>
    </latestAction>
    <actions>
      <item>
        <actionDate>2019-02-28</actionDate>
        <committee />
        <links>
          <link>
            <url>https://www.congress.gov/congressional-record/volume-165/senate-section/page/S1603</url>
            <name>S1603</name>
          </link>
          <link>
            <url>https://www.congress.gov/congressional-record/volume-165/senate-section/page/S1606</url>
            <name>S1606</name>
          </link>
        </links>
        <sourceSystem>
          <code>0</code>
          <name>Senate</name>
        </sourceSystem>
        <text>Submitted in the Senate, considered, and agreed to without amendment and with a preamble by Unanimous Consent. (consideration: CR S1606; text: CR S1603)</text>
        <type>Floor</type>
      </item>
      <item>
        <actionDate>2019-02-28</actionDate>
        <committee />
        <text>Passed/agreed to in Senate: Submitted in the Senate, considered, and agreed to without amendment and with a preamble by Unanimous Consent.(consideration: CR S1606; text: CR S1603)</text>
        <type>Floor</type>
        <sourceSystem>
          <code>9</code>
          <name>Library of Congress</name>
        </sourceSystem>
        <links>
          <link>
            <url>https://www.congress.gov/congressional-record/volume-165/senate-section/page/S1603</url>
            <name>S1603</name>
          </link>
          <link>
            <url>https://www.congress.gov/congressional-record/volume-165/senate-section/page/S1606</url>
            <name>S1606</name>
          </link>
        </links>
        <actionCode>17000</actionCode>
      </item>
      <item>
        <actionDate>2019-02-28</actionDate>
        <committee />
        <text>Introduced in Senate</text>
        <type>IntroReferral</type>
        <sourceSystem>
          <code>9</code>
          <name>Library of Congress</name>
        </sourceSystem>
        <links />
        <actionCode>10000</actionCode>
      </item>
      <actionByCounts>
        <senate>3</senate>
      </actionByCounts>
      <actionTypeCounts>
        <passedOrAgreedToInSenateDayOf>1</passedOrAgreedToInSenateDayOf>
        <introducedInSenate>1</introducedInSenate>
        <passedAgreedToInSenate>1</passedAgreedToInSenate>
      </actionTypeCounts>
    </actions>
    <summaries>
      <billSummaries>
        <item>
          <text><![CDATA[<p>This resolution designates March 1, 2019, as Read Across America Day.</p> <p>The resolution (1) honors all authors for their successes in encouraging children to discover the joy of reading; (2) honors the 22nd anniversary of Read Across America Day; and (3) encourages parents, educators, and communities to read with their children for at least 30 minutes on Read Across America Day.</p>]]></text>
          <name>Introduced in Senate</name>
          <versionCode>00</versionCode>
          <actionDesc>Introduced in Senate</actionDesc>
          <actionDate>2019-02-28</actionDate>
          <lastSummaryUpdateDate>2019-03-11T19:28:39Z</lastSummaryUpdateDate>
          <updateDate>2019-02-28T05:00:00Z</updateDate>
        </item>
      </billSummaries>
    </summaries>
    <amendments />
    <titles>
      <item>
        <titleType>Official Title as Introduced</titleType>
        <title>A resolution designating March 1, 2019, as "Read Across America Day".</title>
        <parentTitleType />
        <chamberCode />
        <chamberName />
      </item>
      <item>
        <titleType>Display Title</titleType>
        <title>A resolution designating March 1, 2019, as "Read Across America Day".</title>
        <parentTitleType />
        <chamberCode />
        <chamberName />
      </item>
    </titles>
    <version>1.0.0</version>
    <recordedVotes />
    <committeeReports />
    <title>A resolution designating March 1, 2019, as "Read Across America Day".</title>
    <congress>116</congress>
    <updateDate>2019-04-02T17:41:08Z</updateDate>
    <billNumber>88</billNumber>
    <relatedBills />
    <billType>SRES</billType>
    <calendarNumbers />
    <cboCostEstimates />
  </bill>
  <dublinCore xmlns:dc="http://purl.org/dc/elements/1.1/">
    <dc:format>text/xml</dc:format>
    <dc:language>EN</dc:language>
    <dc:rights>Pursuant to Title 17 Section 105 of the United States Code, this file is not subject to copyright protection and is in the public domain.</dc:rights>
    <dc:contributor>Congressional Research Service, Library of Congress</dc:contributor>
    <dc:description>This file contains bill summaries and statuses for federal legislation. A bill summary describes the most significant provisions of a piece of legislation and details the effects the legislative text may have on current law and federal programs. Bill summaries are authored by the Congressional Research Service (CRS) of the Library of Congress. As stated in Public Law 91-510 (2 USC 166 (d)(6)), one of the duties of CRS is "to prepare summaries and digests of bills and resolutions of a public general nature introduced in the Senate or House of Representatives". For more information, refer to the User Guide that accompanies this file.</dc:description>
  </dublinCore>
</billStatus>

