<?xml version="1.0" encoding="UTF-8"?>
<billStatus>
  <bill>
    <billType>SRES</billType>
    <committeeReports />
    <notes />
    <committees>
      <billCommittees>
        <item>
          <systemCode>ssra00</systemCode>
          <activities>
            <item>
              <date>2019-02-27T19:01:08Z</date>
              <name>Referred to</name>
            </item>
          </activities>
          <chamber>Senate</chamber>
          <name>Rules and Administration Committee</name>
          <subcommittees />
          <type>Standing</type>
        </item>
      </billCommittees>
    </committees>
    <congress>116</congress>
    <latestAction>
      <links />
      <actionDate>2019-02-27</actionDate>
      <text>Referred to the Committee on Rules and Administration. (text: CR S1542-1543)</text>
    </latestAction>
    <cboCostEstimates />
    <updateDate>2019-07-24T09:25:56Z</updateDate>
    <amendments />
    <calendarNumbers />
    <originChamber>Senate</originChamber>
    <version>1.0.0</version>
    <title>A resolution establishing the John S. McCain III Human Rights Commission.</title>
    <laws />
    <sponsors>
      <item>
        <identifiers>
          <lisID>1984</lisID>
          <gpoId>8297</gpoId>
          <bioguideId>C001088</bioguideId>
        </identifiers>
        <middleName>A.</middleName>
        <firstName>Christopher</firstName>
        <fullName>Sen. Coons, Christopher A. [D-DE]</fullName>
        <party>D</party>
        <byRequestType />
        <bioguideId>C001088</bioguideId>
        <lastName>Coons</lastName>
        <state>DE</state>
      </item>
    </sponsors>
    <policyArea>
      <name>Congress</name>
    </policyArea>
    <createDate>2019-02-28T05:40:08Z</createDate>
    <summaries>
      <billSummaries>
        <item>
          <updateDate>2019-02-27T05:00:00Z</updateDate>
          <actionDate>2019-02-27</actionDate>
          <lastSummaryUpdateDate>2019-04-18T21:54:50Z</lastSummaryUpdateDate>
          <name>Introduced in Senate</name>
          <actionDesc>Introduced in Senate</actionDesc>
          <text><![CDATA[<p>This resolution establishes the John S. McCain III Human Rights Commission to (1) serve as a forum for bipartisan discussion of international human rights issues and promotion of internationally recognized human rights as enshrined in the Universal Declaration of Human Rights; (2) raise awareness of international human rights violations through regular briefings and hearings; and (3) collaborate with the executive branch, human rights entities, and nongovernmental organizations to promote human rights initiatives within the Senate.</p>]]></text>
          <versionCode>00</versionCode>
        </item>
      </billSummaries>
    </summaries>
    <billNumber>80</billNumber>
    <titles>
      <item>
        <chamberCode />
        <titleType>Official Title as Introduced</titleType>
        <parentTitleType />
        <chamberName />
        <title>A resolution establishing the John S. McCain III Human Rights Commission.</title>
      </item>
      <item>
        <chamberCode />
        <titleType>Display Title</titleType>
        <parentTitleType />
        <chamberName />
        <title>A resolution establishing the John S. McCain III Human Rights Commission.</title>
      </item>
    </titles>
    <actions>
      <actionTypeCounts>
        <referredToCommittee>1</referredToCommittee>
        <introducedInSenate>1</introducedInSenate>
      </actionTypeCounts>
      <actionByCounts>
        <senate>2</senate>
      </actionByCounts>
      <item>
        <actionDate>2019-02-27</actionDate>
        <committee>
          <name>Rules and Administration Committee</name>
          <systemCode>ssra00</systemCode>
        </committee>
        <links>
          <link>
            <url>https://www.congress.gov/congressional-record/volume-165/senate-section/page/S1542-1543</url>
            <name>S1542-1543</name>
          </link>
        </links>
        <sourceSystem>
          <name>Senate</name>
          <code>0</code>
        </sourceSystem>
        <text>Referred to the Committee on Rules and Administration. (text: CR S1542-1543)</text>
        <type>IntroReferral</type>
      </item>
      <item>
        <actionDate>2019-02-27</actionDate>
        <sourceSystem>
          <name>Library of Congress</name>
          <code>9</code>
        </sourceSystem>
        <type>IntroReferral</type>
        <text>Introduced in Senate</text>
        <actionCode>10000</actionCode>
        <links />
        <committee />
      </item>
    </actions>
    <cosponsors>
      <item>
        <identifiers>
          <bioguideId>T000476</bioguideId>
          <lisID>2291</lisID>
          <gpoId />
        </identifiers>
        <lastName>Tillis</lastName>
        <firstName>Thomas</firstName>
        <sponsorshipWithdrawnDate />
        <state>NC</state>
        <middleName>Roland</middleName>
        <bioguideId>T000476</bioguideId>
        <fullName>Sen. Tillis, Thom [R-NC]</fullName>
        <sponsorshipDate>2019-02-27</sponsorshipDate>
        <isOriginalCosponsor>True</isOriginalCosponsor>
        <party>R</party>
      </item>
      <item>
        <identifiers>
          <bioguideId>M000133</bioguideId>
          <lisID>735</lisID>
          <gpoId>7972</gpoId>
        </identifiers>
        <lastName>MARKEY</lastName>
        <firstName>EDWARD</firstName>
        <sponsorshipWithdrawnDate />
        <state>MA</state>
        <middleName>J.</middleName>
        <bioguideId>M000133</bioguideId>
        <fullName>Sen. Markey, Edward J. [D-MA]</fullName>
        <sponsorshipDate>2019-02-27</sponsorshipDate>
        <isOriginalCosponsor>True</isOriginalCosponsor>
        <party>D</party>
      </item>
      <item>
        <identifiers>
          <bioguideId>R000595</bioguideId>
          <lisID>2084</lisID>
          <gpoId>8242</gpoId>
        </identifiers>
        <lastName>Rubio</lastName>
        <firstName>Marco</firstName>
        <sponsorshipWithdrawnDate />
        <state>FL</state>
        <middleName />
        <bioguideId>R000595</bioguideId>
        <fullName>Sen. Rubio, Marco [R-FL]</fullName>
        <sponsorshipDate>2019-02-27</sponsorshipDate>
        <isOriginalCosponsor>True</isOriginalCosponsor>
        <party>R</party>
      </item>
      <item>
        <identifiers>
          <bioguideId>M001176</bioguideId>
          <lisID>1900</lisID>
          <gpoId>8238</gpoId>
        </identifiers>
        <lastName>Merkley</lastName>
        <firstName>Jeff</firstName>
        <sponsorshipWithdrawnDate />
        <state>OR</state>
        <middleName />
        <bioguideId>M001176</bioguideId>
        <fullName>Sen. Merkley, Jeff [D-OR]</fullName>
        <sponsorshipDate>2019-02-27</sponsorshipDate>
        <isOriginalCosponsor>True</isOriginalCosponsor>
        <party>D</party>
      </item>
      <item>
        <identifiers>
          <gpoId />
          <lisID>2099</lisID>
          <bioguideId>S001191</bioguideId>
        </identifiers>
        <lastName>Sinema</lastName>
        <firstName>Kyrsten</firstName>
        <sponsorshipWithdrawnDate />
        <state>AZ</state>
        <middleName />
        <bioguideId>S001191</bioguideId>
        <fullName>Sen. Sinema, Kyrsten [D-AZ]</fullName>
        <sponsorshipDate>2019-02-27</sponsorshipDate>
        <isOriginalCosponsor>True</isOriginalCosponsor>
        <party>D</party>
      </item>
      <item>
        <identifiers>
          <gpoId>8291</gpoId>
          <lisID>1541</lisID>
          <bioguideId>C001035</bioguideId>
        </identifiers>
        <lastName>COLLINS</lastName>
        <firstName>SUSAN</firstName>
        <sponsorshipWithdrawnDate />
        <state>ME</state>
        <middleName>MARGARET</middleName>
        <bioguideId>C001035</bioguideId>
        <fullName>Sen. Collins, Susan M. [R-ME]</fullName>
        <sponsorshipDate>2019-04-30</sponsorshipDate>
        <isOriginalCosponsor>False</isOriginalCosponsor>
        <party>R</party>
      </item>
      <item>
        <identifiers>
          <bioguideId>D000563</bioguideId>
          <gpoId>8326</gpoId>
          <lisID>326</lisID>
        </identifiers>
        <lastName>DURBIN</lastName>
        <firstName>RICHARD</firstName>
        <sponsorshipWithdrawnDate />
        <state>IL</state>
        <middleName>J.</middleName>
        <bioguideId>D000563</bioguideId>
        <fullName>Sen. Durbin, Richard J. [D-IL]</fullName>
        <sponsorshipDate>2019-05-01</sponsorshipDate>
        <isOriginalCosponsor>False</isOriginalCosponsor>
        <party>D</party>
      </item>
      <item>
        <identifiers>
          <lisID>2364</lisID>
          <bioguideId>J000300</bioguideId>
          <gpoId />
        </identifiers>
        <lastName>Jones</lastName>
        <firstName>Doug</firstName>
        <sponsorshipWithdrawnDate />
        <state>AL</state>
        <middleName />
        <bioguideId>J000300</bioguideId>
        <fullName>Sen. Jones, Doug  [D-AL]</fullName>
        <sponsorshipDate>2019-05-13</sponsorshipDate>
        <isOriginalCosponsor>False</isOriginalCosponsor>
        <party>D</party>
      </item>
      <item>
        <identifiers>
          <bioguideId>L000575</bioguideId>
          <lisID>2050</lisID>
          <gpoId>8113</gpoId>
        </identifiers>
        <lastName>Lankford</lastName>
        <firstName>James</firstName>
        <sponsorshipWithdrawnDate />
        <state>OK</state>
        <middleName />
        <bioguideId>L000575</bioguideId>
        <fullName>Sen. Lankford, James [R-OK]</fullName>
        <sponsorshipDate>2019-05-14</sponsorshipDate>
        <isOriginalCosponsor>False</isOriginalCosponsor>
        <party>R</party>
      </item>
      <item>
        <identifiers>
          <bioguideId>G000562</bioguideId>
          <lisID>1998</lisID>
          <gpoId>7862</gpoId>
        </identifiers>
        <lastName>Gardner</lastName>
        <firstName>Cory</firstName>
        <sponsorshipWithdrawnDate />
        <state>CO</state>
        <middleName />
        <bioguideId>G000562</bioguideId>
        <fullName>Sen. Gardner, Cory [R-CO]</fullName>
        <sponsorshipDate>2019-05-20</sponsorshipDate>
        <isOriginalCosponsor>False</isOriginalCosponsor>
        <party>R</party>
      </item>
      <item>
        <identifiers>
          <bioguideId>D000622</bioguideId>
          <lisID>2123</lisID>
          <gpoId />
        </identifiers>
        <lastName>Duckworth</lastName>
        <firstName>Tammy</firstName>
        <sponsorshipWithdrawnDate />
        <state>IL</state>
        <middleName />
        <bioguideId>D000622</bioguideId>
        <fullName>Sen. Duckworth, Tammy [D-IL]</fullName>
        <sponsorshipDate>2019-06-05</sponsorshipDate>
        <isOriginalCosponsor>False</isOriginalCosponsor>
        <party>D</party>
      </item>
      <item>
        <identifiers>
          <bioguideId>F000062</bioguideId>
          <lisID>1332</lisID>
          <gpoId>8338</gpoId>
        </identifiers>
        <lastName>FEINSTEIN</lastName>
        <firstName>DIANNE</firstName>
        <sponsorshipWithdrawnDate />
        <state>CA</state>
        <middleName />
        <bioguideId>F000062</bioguideId>
        <fullName>Sen. Feinstein, Dianne [D-CA]</fullName>
        <sponsorshipDate>2019-06-11</sponsorshipDate>
        <isOriginalCosponsor>False</isOriginalCosponsor>
        <party>D</party>
      </item>
      <item>
        <identifiers>
          <lisID>2019</lisID>
          <bioguideId>Y000064</bioguideId>
          <gpoId>7948</gpoId>
        </identifiers>
        <lastName>Young</lastName>
        <firstName>Todd</firstName>
        <sponsorshipWithdrawnDate />
        <state>IN</state>
        <middleName />
        <bioguideId>Y000064</bioguideId>
        <fullName>Sen. Young, Todd [R-IN]</fullName>
        <sponsorshipDate>2019-06-11</sponsorshipDate>
        <isOriginalCosponsor>False</isOriginalCosponsor>
        <party>R</party>
      </item>
      <item>
        <identifiers>
          <lisID>1826</lisID>
          <gpoId>8249</gpoId>
          <bioguideId>K000367</bioguideId>
        </identifiers>
        <lastName>Klobuchar</lastName>
        <firstName>Amy</firstName>
        <sponsorshipWithdrawnDate />
        <state>MN</state>
        <middleName />
        <bioguideId>K000367</bioguideId>
        <fullName>Sen. Klobuchar, Amy [D-MN]</fullName>
        <sponsorshipDate>2019-06-11</sponsorshipDate>
        <isOriginalCosponsor>False</isOriginalCosponsor>
        <party>D</party>
      </item>
      <item>
        <identifiers>
          <lisID>2176</lisID>
          <gpoId />
          <bioguideId>K000384</bioguideId>
        </identifiers>
        <lastName>Kaine</lastName>
        <firstName>Timothy</firstName>
        <sponsorshipWithdrawnDate />
        <state>VA</state>
        <middleName />
        <bioguideId>K000384</bioguideId>
        <fullName>Sen. Kaine, Tim [D-VA]</fullName>
        <sponsorshipDate>2019-06-12</sponsorshipDate>
        <isOriginalCosponsor>False</isOriginalCosponsor>
        <party>D</party>
      </item>
      <item>
        <identifiers>
          <bioguideId>S001198</bioguideId>
          <gpoId />
          <lisID>2290</lisID>
        </identifiers>
        <lastName>Sullivan</lastName>
        <firstName>Dan</firstName>
        <sponsorshipWithdrawnDate />
        <state>AK</state>
        <middleName />
        <bioguideId>S001198</bioguideId>
        <fullName>Sen. Sullivan, Dan  [R-AK]</fullName>
        <sponsorshipDate>2019-06-18</sponsorshipDate>
        <isOriginalCosponsor>False</isOriginalCosponsor>
        <party>R</party>
      </item>
      <item>
        <identifiers>
          <gpoId />
          <lisID>2283</lisID>
          <bioguideId>E000295</bioguideId>
        </identifiers>
        <lastName>Ernst</lastName>
        <firstName>Joni</firstName>
        <sponsorshipWithdrawnDate />
        <state>IA</state>
        <middleName />
        <bioguideId>E000295</bioguideId>
        <fullName>Sen. Ernst, Joni  [R-IA]</fullName>
        <sponsorshipDate>2019-06-24</sponsorshipDate>
        <isOriginalCosponsor>False</isOriginalCosponsor>
        <party>R</party>
      </item>
      <item>
        <identifiers>
          <lisID>2225</lisID>
          <gpoId />
          <bioguideId>M001197</bioguideId>
        </identifiers>
        <lastName>McSally</lastName>
        <firstName>Martha</firstName>
        <sponsorshipWithdrawnDate />
        <state>AZ</state>
        <middleName />
        <bioguideId>M001197</bioguideId>
        <fullName>Sen. McSally, Martha [R-AZ]</fullName>
        <sponsorshipDate>2019-06-26</sponsorshipDate>
        <isOriginalCosponsor>False</isOriginalCosponsor>
        <party>R</party>
      </item>
      <item>
        <identifiers>
          <gpoId>7983</gpoId>
          <lisID>1729</lisID>
          <bioguideId>V000128</bioguideId>
        </identifiers>
        <lastName>Van Hollen</lastName>
        <firstName>Chris</firstName>
        <sponsorshipWithdrawnDate />
        <state>MD</state>
        <middleName />
        <bioguideId>V000128</bioguideId>
        <fullName>Sen. Van Hollen, Chris [D-MD]</fullName>
        <sponsorshipDate>2019-07-08</sponsorshipDate>
        <isOriginalCosponsor>False</isOriginalCosponsor>
        <party>D</party>
      </item>
      <item>
        <identifiers>
          <lisID>2365</lisID>
          <bioguideId>S001203</bioguideId>
          <gpoId />
        </identifiers>
        <lastName>Smith</lastName>
        <firstName>Tina</firstName>
        <sponsorshipWithdrawnDate />
        <state>MN</state>
        <middleName />
        <bioguideId>S001203</bioguideId>
        <fullName>Sen. Smith, Tina  [D-MN]</fullName>
        <sponsorshipDate>2019-07-09</sponsorshipDate>
        <isOriginalCosponsor>False</isOriginalCosponsor>
        <party>D</party>
      </item>
      <item>
        <identifiers>
          <lisID>1929</lisID>
          <bioguideId>P000595</bioguideId>
          <gpoId>7994</gpoId>
        </identifiers>
        <lastName>Peters</lastName>
        <firstName>Gary</firstName>
        <sponsorshipWithdrawnDate />
        <state>MI</state>
        <middleName>C.</middleName>
        <bioguideId>P000595</bioguideId>
        <fullName>Sen. Peters, Gary C. [D-MI]</fullName>
        <sponsorshipDate>2019-07-23</sponsorshipDate>
        <isOriginalCosponsor>False</isOriginalCosponsor>
        <party>D</party>
      </item>
    </cosponsors>
    <subjects>
      <billSubjects>
        <legislativeSubjects>
          <item>
            <name>Congressional agencies</name>
          </item>
          <item>
            <name>Congressional operations and organization</name>
          </item>
          <item>
            <name>Congressional tributes</name>
          </item>
          <item>
            <name>Human rights</name>
          </item>
          <item>
            <name>International Affairs</name>
          </item>
          <item>
            <name>International law and treaties</name>
          </item>
          <item>
            <name>Members of Congress</name>
          </item>
          <item>
            <name>Senate</name>
          </item>
        </legislativeSubjects>
        <policyArea>
          <name>Congress</name>
        </policyArea>
      </billSubjects>
    </subjects>
    <textVersions>
      <item>
        <date>2019-02-27T05:00:00Z</date>
        <formats>
          <item>
            <url>https://www.govinfo.gov/content/pkg/BILLS-116sres80is/xml/BILLS-116sres80is.xml</url>
          </item>
        </formats>
        <type>Introduced in Senate</type>
      </item>
    </textVersions>
    <relatedBills />
    <introducedDate>2019-02-27</introducedDate>
    <recordedVotes />
  </bill>
  <dublinCore xmlns:dc="http://purl.org/dc/elements/1.1/">
    <dc:format>text/xml</dc:format>
    <dc:language>EN</dc:language>
    <dc:rights>Pursuant to Title 17 Section 105 of the United States Code, this file is not subject to copyright protection and is in the public domain.</dc:rights>
    <dc:contributor>Congressional Research Service, Library of Congress</dc:contributor>
    <dc:description>This file contains bill summaries and statuses for federal legislation. A bill summary describes the most significant provisions of a piece of legislation and details the effects the legislative text may have on current law and federal programs. Bill summaries are authored by the Congressional Research Service (CRS) of the Library of Congress. As stated in Public Law 91-510 (2 USC 166 (d)(6)), one of the duties of CRS is "to prepare summaries and digests of bills and resolutions of a public general nature introduced in the Senate or House of Representatives". For more information, refer to the User Guide that accompanies this file.</dc:description>
  </dublinCore>
</billStatus>

