<?xml version="1.0" encoding="UTF-8"?>
<billStatus>
  <bill>
    <latestAction>
      <text>Submitted in the Senate, considered, and agreed to without amendment and with a preamble by Unanimous Consent. (consideration: CR S2282; text: CR S2280)</text>
      <links />
      <actionDate>2019-04-04</actionDate>
    </latestAction>
    <cboCostEstimates />
    <actions>
      <actionByCounts>
        <senate>3</senate>
      </actionByCounts>
      <item>
        <actionDate>2019-04-04</actionDate>
        <committee />
        <links>
          <link>
            <name>S2280</name>
            <url>https://www.congress.gov/congressional-record/volume-165/senate-section/page/S2280</url>
          </link>
          <link>
            <name>S2282</name>
            <url>https://www.congress.gov/congressional-record/volume-165/senate-section/page/S2282</url>
          </link>
        </links>
        <sourceSystem>
          <name>Senate</name>
          <code>0</code>
        </sourceSystem>
        <text>Submitted in the Senate, considered, and agreed to without amendment and with a preamble by Unanimous Consent. (consideration: CR S2282; text: CR S2280)</text>
        <type>Floor</type>
      </item>
      <item>
        <text>Passed/agreed to in Senate: Submitted in the Senate, considered, and agreed to without amendment and with a preamble by Unanimous Consent.(consideration: CR S2282; text: CR S2280)</text>
        <type>Floor</type>
        <links>
          <link>
            <name>S2280</name>
            <url>https://www.congress.gov/congressional-record/volume-165/senate-section/page/S2280</url>
          </link>
          <link>
            <name>S2282</name>
            <url>https://www.congress.gov/congressional-record/volume-165/senate-section/page/S2282</url>
          </link>
        </links>
        <actionDate>2019-04-04</actionDate>
        <sourceSystem>
          <name>Library of Congress</name>
          <code>9</code>
        </sourceSystem>
        <actionCode>17000</actionCode>
        <committee />
      </item>
      <item>
        <text>Introduced in Senate</text>
        <type>IntroReferral</type>
        <links />
        <actionDate>2019-04-04</actionDate>
        <sourceSystem>
          <name>Library of Congress</name>
          <code>9</code>
        </sourceSystem>
        <actionCode>10000</actionCode>
        <committee />
      </item>
      <actionTypeCounts>
        <passedAgreedToInSenate>1</passedAgreedToInSenate>
        <passedOrAgreedToInSenateDayOf>1</passedOrAgreedToInSenateDayOf>
        <introducedInSenate>1</introducedInSenate>
      </actionTypeCounts>
    </actions>
    <recordedVotes />
    <policyArea>
      <name>International Affairs</name>
    </policyArea>
    <committees>
      <billCommittees />
    </committees>
    <billType>SRES</billType>
    <createDate>2019-04-05T04:42:07Z</createDate>
    <textVersions>
      <item>
        <type>Agreed to Senate</type>
        <formats>
          <item>
            <url>https://www.govinfo.gov/content/pkg/BILLS-116sres146ats/xml/BILLS-116sres146ats.xml</url>
          </item>
        </formats>
        <date>2019-04-04T04:00:00Z</date>
      </item>
    </textVersions>
    <calendarNumbers />
    <summaries>
      <billSummaries />
    </summaries>
    <introducedDate>2019-04-04</introducedDate>
    <subjects>
      <billSubjects>
        <policyArea>
          <name>International Affairs</name>
        </policyArea>
        <legislativeSubjects>
          <item>
            <name>Area studies and international education</name>
          </item>
          <item>
            <name>Commemorative events and holidays</name>
          </item>
          <item>
            <name>Congressional tributes</name>
          </item>
          <item>
            <name>Cultural exchanges and relations</name>
          </item>
          <item>
            <name>Economic development</name>
          </item>
          <item>
            <name>Higher education</name>
          </item>
          <item>
            <name>International organizations and cooperation</name>
          </item>
          <item>
            <name>Public-private cooperation</name>
          </item>
          <item>
            <name>Refugees, asylum, displaced persons</name>
          </item>
          <item>
            <name>Social work, volunteer service, charitable organizations</name>
          </item>
          <item>
            <name>Student aid and college costs</name>
          </item>
        </legislativeSubjects>
      </billSubjects>
    </subjects>
    <updateDate>2019-04-12T04:57:36Z</updateDate>
    <cosponsors>
      <item>
        <bioguideId>L000174</bioguideId>
        <party>D</party>
        <firstName>PATRICK</firstName>
        <isOriginalCosponsor>True</isOriginalCosponsor>
        <fullName>Sen. Leahy, Patrick J. [D-VT]</fullName>
        <sponsorshipWithdrawnDate />
        <identifiers>
          <lisID>1383</lisID>
          <bioguideId>L000174</bioguideId>
          <gpoId>8244</gpoId>
        </identifiers>
        <sponsorshipDate>2019-04-04</sponsorshipDate>
        <lastName>LEAHY</lastName>
        <middleName>JOSEPH</middleName>
        <state>VT</state>
      </item>
    </cosponsors>
    <amendments />
    <laws />
    <titles>
      <item>
        <titleType>Official Title as Introduced</titleType>
        <title>A resolution recognizing the centennial of the Institute of International Education.</title>
        <parentTitleType />
        <chamberCode />
        <chamberName />
      </item>
      <item>
        <titleType>Display Title</titleType>
        <title>A resolution recognizing the centennial of the Institute of International Education.</title>
        <parentTitleType />
        <chamberCode />
        <chamberName />
      </item>
    </titles>
    <notes />
    <relatedBills />
    <committeeReports />
    <title>A resolution recognizing the centennial of the Institute of International Education.</title>
    <originChamber>Senate</originChamber>
    <billNumber>146</billNumber>
    <sponsors>
      <item>
        <lastName>WICKER</lastName>
        <party>R</party>
        <bioguideId>W000437</bioguideId>
        <state>MS</state>
        <middleName>F.</middleName>
        <identifiers>
          <gpoId>8263</gpoId>
          <bioguideId>W000437</bioguideId>
          <lisID>1226</lisID>
        </identifiers>
        <byRequestType />
        <fullName>Sen. Wicker, Roger F. [R-MS]</fullName>
        <firstName>ROGER</firstName>
      </item>
    </sponsors>
    <version>1.0.0</version>
    <congress>116</congress>
  </bill>
  <dublinCore xmlns:dc="http://purl.org/dc/elements/1.1/">
    <dc:format>text/xml</dc:format>
    <dc:language>EN</dc:language>
    <dc:rights>Pursuant to Title 17 Section 105 of the United States Code, this file is not subject to copyright protection and is in the public domain.</dc:rights>
    <dc:contributor>Congressional Research Service, Library of Congress</dc:contributor>
    <dc:description>This file contains bill summaries and statuses for federal legislation. A bill summary describes the most significant provisions of a piece of legislation and details the effects the legislative text may have on current law and federal programs. Bill summaries are authored by the Congressional Research Service (CRS) of the Library of Congress. As stated in Public Law 91-510 (2 USC 166 (d)(6)), one of the duties of CRS is "to prepare summaries and digests of bills and resolutions of a public general nature introduced in the Senate or House of Representatives". For more information, refer to the User Guide that accompanies this file.</dc:description>
  </dublinCore>
</billStatus>

