<?xml version="1.0" encoding="UTF-8"?>
<billStatus>
  <bill>
    <notes />
    <version>1.0.0</version>
    <relatedBills>
      <item>
        <congress>116</congress>
        <number>8</number>
        <latestTitle>A joint resolution recognizing the duty of the Federal Government to create a Green New Deal.</latestTitle>
        <relationshipDetails>
          <item>
            <identifiedBy>CRS</identifiedBy>
            <type>Related bill</type>
          </item>
        </relationshipDetails>
        <type>SJRES</type>
        <latestAction>
          <text>Cloture on the motion to proceed to the measure not invoked in Senate by Yea-Nay Vote. 0 - 57. Record Vote Number: 52. (CR S1971)</text>
          <actionDate>2019-03-26</actionDate>
        </latestAction>
      </item>
      <item>
        <congress>116</congress>
        <number>109</number>
        <latestTitle>Recognizing the duty of the Federal Government to create a Green New Deal.</latestTitle>
        <relationshipDetails>
          <item>
            <identifiedBy>CRS</identifiedBy>
            <type>Identical bill</type>
          </item>
        </relationshipDetails>
        <type>HRES</type>
        <latestAction>
          <text>Referred to the Subcommittee on Energy and Mineral Resources.</text>
          <actionDate>2019-02-12</actionDate>
        </latestAction>
      </item>
    </relatedBills>
    <recordedVotes />
    <policyArea>
      <name>Environmental Protection</name>
    </policyArea>
    <title>A resolution recognizing the duty of the Federal Government to create a Green New Deal.</title>
    <committees>
      <billCommittees>
        <item>
          <systemCode>ssev00</systemCode>
          <type>Standing</type>
          <name>Environment and Public Works Committee</name>
          <chamber>Senate</chamber>
          <subcommittees />
          <activities>
            <item>
              <name>Referred to</name>
              <date>2019-02-07T22:11:45Z</date>
            </item>
          </activities>
        </item>
      </billCommittees>
    </committees>
    <originChamber>Senate</originChamber>
    <congress>116</congress>
    <sponsors>
      <item>
        <firstName>EDWARD</firstName>
        <identifiers>
          <gpoId>7972</gpoId>
          <lisID>735</lisID>
          <bioguideId>M000133</bioguideId>
        </identifiers>
        <lastName>MARKEY</lastName>
        <fullName>Sen. Markey, Edward J. [D-MA]</fullName>
        <bioguideId>M000133</bioguideId>
        <middleName>J.</middleName>
        <party>D</party>
        <byRequestType />
        <state>MA</state>
      </item>
    </sponsors>
    <billNumber>59</billNumber>
    <updateDate>2019-09-24T09:41:45Z</updateDate>
    <titles>
      <item>
        <titleType>Official Title as Introduced</titleType>
        <title>A resolution recognizing the duty of the Federal Government to create a Green New Deal.</title>
        <chamberName />
        <parentTitleType />
        <chamberCode />
      </item>
      <item>
        <titleType>Display Title</titleType>
        <title>A resolution recognizing the duty of the Federal Government to create a Green New Deal.</title>
        <chamberName />
        <parentTitleType />
        <chamberCode />
      </item>
    </titles>
    <billType>SRES</billType>
    <cboCostEstimates />
    <introducedDate>2019-02-07</introducedDate>
    <calendarNumbers />
    <amendments />
    <laws />
    <createDate>2019-02-08T05:55:23Z</createDate>
    <committeeReports />
    <subjects>
      <billSubjects>
        <legislativeSubjects>
          <item>
            <name>Aging</name>
          </item>
          <item>
            <name>Agricultural conservation and pollution</name>
          </item>
          <item>
            <name>Air quality</name>
          </item>
          <item>
            <name>Alternative and renewable resources</name>
          </item>
          <item>
            <name>Atmospheric science and weather</name>
          </item>
          <item>
            <name>Climate change and greenhouse gases</name>
          </item>
          <item>
            <name>Competition and antitrust</name>
          </item>
          <item>
            <name>Competitiveness, trade promotion, trade deficits</name>
          </item>
          <item>
            <name>Disability and paralysis</name>
          </item>
          <item>
            <name>Disaster relief and insurance</name>
          </item>
          <item>
            <name>Ecology</name>
          </item>
          <item>
            <name>Economic development</name>
          </item>
          <item>
            <name>Electric power generation and transmission</name>
          </item>
          <item>
            <name>Employee hiring</name>
          </item>
          <item>
            <name>Employee leave</name>
          </item>
          <item>
            <name>Employment discrimination and employee rights</name>
          </item>
          <item>
            <name>Energy efficiency and conservation</name>
          </item>
          <item>
            <name>Energy research</name>
          </item>
          <item>
            <name>Environmental regulatory procedures</name>
          </item>
          <item>
            <name>Environmental technology</name>
          </item>
          <item>
            <name>Federal-Indian relations</name>
          </item>
          <item>
            <name>Food supply, safety, and labeling</name>
          </item>
          <item>
            <name>Forests, forestry, trees</name>
          </item>
          <item>
            <name>Hazardous wastes and toxic substances</name>
          </item>
          <item>
            <name>Health care costs and insurance</name>
          </item>
          <item>
            <name>Health care coverage and access</name>
          </item>
          <item>
            <name>Homelessness and emergency shelter</name>
          </item>
          <item>
            <name>Housing supply and affordability</name>
          </item>
          <item>
            <name>Hybrid, electric, and advanced technology vehicles</name>
          </item>
          <item>
            <name>Industrial facilities</name>
          </item>
          <item>
            <name>Infrastructure development</name>
          </item>
          <item>
            <name>International organizations and cooperation</name>
          </item>
          <item>
            <name>Labor-management relations</name>
          </item>
          <item>
            <name>Land use and conservation</name>
          </item>
          <item>
            <name>Manufacturing</name>
          </item>
          <item>
            <name>Natural disasters</name>
          </item>
          <item>
            <name>Outdoor recreation</name>
          </item>
          <item>
            <name>Property rights</name>
          </item>
          <item>
            <name>Public contracts and procurement</name>
          </item>
          <item>
            <name>Racial and ethnic relations</name>
          </item>
          <item>
            <name>Research administration and funding</name>
          </item>
          <item>
            <name>Research and development</name>
          </item>
          <item>
            <name>Rural conditions and development</name>
          </item>
          <item>
            <name>Scientific communication</name>
          </item>
          <item>
            <name>Technology transfer and commercialization</name>
          </item>
          <item>
            <name>Transportation programs funding</name>
          </item>
          <item>
            <name>Wages and earnings</name>
          </item>
          <item>
            <name>Water quality</name>
          </item>
          <item>
            <name>Water use and supply</name>
          </item>
          <item>
            <name>Wildlife conservation and habitat protection</name>
          </item>
          <item>
            <name>Women's rights</name>
          </item>
          <item>
            <name>Worker safety and health</name>
          </item>
        </legislativeSubjects>
        <policyArea>
          <name>Environmental Protection</name>
        </policyArea>
      </billSubjects>
    </subjects>
    <textVersions>
      <item>
        <date>2019-02-07T05:00:00Z</date>
        <type>Introduced in Senate</type>
        <formats>
          <item>
            <url>https://www.govinfo.gov/content/pkg/BILLS-116sres59is/xml/BILLS-116sres59is.xml</url>
          </item>
        </formats>
      </item>
    </textVersions>
    <cosponsors>
      <item>
        <sponsorshipWithdrawnDate />
        <firstName>Jeff</firstName>
        <identifiers>
          <bioguideId>M001176</bioguideId>
          <gpoId>8238</gpoId>
          <lisID>1900</lisID>
        </identifiers>
        <lastName>Merkley</lastName>
        <fullName>Sen. Merkley, Jeff [D-OR]</fullName>
        <sponsorshipDate>2019-02-07</sponsorshipDate>
        <party>D</party>
        <middleName />
        <isOriginalCosponsor>True</isOriginalCosponsor>
        <bioguideId>M001176</bioguideId>
        <state>OR</state>
      </item>
      <item>
        <sponsorshipWithdrawnDate />
        <firstName>Bernard</firstName>
        <identifiers>
          <bioguideId>S000033</bioguideId>
          <gpoId>8270</gpoId>
          <lisID>1010</lisID>
        </identifiers>
        <lastName>Sanders</lastName>
        <fullName>Sen. Sanders, Bernard [I-VT]</fullName>
        <sponsorshipDate>2019-02-07</sponsorshipDate>
        <party>I</party>
        <middleName />
        <isOriginalCosponsor>True</isOriginalCosponsor>
        <bioguideId>S000033</bioguideId>
        <state>VT</state>
      </item>
      <item>
        <sponsorshipWithdrawnDate />
        <firstName>Kirsten</firstName>
        <identifiers>
          <gpoId>8336</gpoId>
          <lisID>1866</lisID>
          <bioguideId>G000555</bioguideId>
        </identifiers>
        <lastName>Gillibrand</lastName>
        <fullName>Sen. Gillibrand, Kirsten E. [D-NY]</fullName>
        <sponsorshipDate>2019-02-07</sponsorshipDate>
        <party>D</party>
        <middleName>E.</middleName>
        <isOriginalCosponsor>True</isOriginalCosponsor>
        <bioguideId>G000555</bioguideId>
        <state>NY</state>
      </item>
      <item>
        <sponsorshipWithdrawnDate />
        <firstName>Kamala</firstName>
        <identifiers>
          <gpoId />
          <lisID>2301</lisID>
          <bioguideId>H001075</bioguideId>
        </identifiers>
        <lastName>Harris</lastName>
        <fullName>Sen. Harris, Kamala D. [D-CA]</fullName>
        <sponsorshipDate>2019-02-07</sponsorshipDate>
        <party>D</party>
        <middleName>D.</middleName>
        <isOriginalCosponsor>True</isOriginalCosponsor>
        <bioguideId>H001075</bioguideId>
        <state>CA</state>
      </item>
      <item>
        <sponsorshipWithdrawnDate />
        <firstName>Elizabeth</firstName>
        <identifiers>
          <bioguideId>W000817</bioguideId>
          <gpoId />
          <lisID>2182</lisID>
        </identifiers>
        <lastName>Warren</lastName>
        <fullName>Sen. Warren, Elizabeth [D-MA]</fullName>
        <sponsorshipDate>2019-02-07</sponsorshipDate>
        <party>D</party>
        <middleName>A.</middleName>
        <isOriginalCosponsor>True</isOriginalCosponsor>
        <bioguideId>W000817</bioguideId>
        <state>MA</state>
      </item>
      <item>
        <sponsorshipWithdrawnDate />
        <firstName>Mazie</firstName>
        <identifiers>
          <bioguideId>H001042</bioguideId>
          <gpoId>7913</gpoId>
          <lisID>1844</lisID>
        </identifiers>
        <lastName>Hirono</lastName>
        <fullName>Sen. Hirono, Mazie K. [D-HI]</fullName>
        <sponsorshipDate>2019-02-07</sponsorshipDate>
        <party>D</party>
        <middleName>K.</middleName>
        <isOriginalCosponsor>True</isOriginalCosponsor>
        <bioguideId>H001042</bioguideId>
        <state>HI</state>
      </item>
      <item>
        <sponsorshipWithdrawnDate />
        <firstName>RON</firstName>
        <identifiers>
          <bioguideId>W000779</bioguideId>
          <gpoId>8265</gpoId>
          <lisID>1247</lisID>
        </identifiers>
        <lastName>WYDEN</lastName>
        <fullName>Sen. Wyden, Ron [D-OR]</fullName>
        <sponsorshipDate>2019-02-07</sponsorshipDate>
        <party>D</party>
        <middleName />
        <isOriginalCosponsor>True</isOriginalCosponsor>
        <bioguideId>W000779</bioguideId>
        <state>OR</state>
      </item>
      <item>
        <sponsorshipWithdrawnDate />
        <firstName>Richard</firstName>
        <identifiers>
          <bioguideId>B001277</bioguideId>
          <lisID>2076</lisID>
          <gpoId>8332</gpoId>
        </identifiers>
        <lastName>Blumenthal</lastName>
        <fullName>Sen. Blumenthal, Richard [D-CT]</fullName>
        <sponsorshipDate>2019-02-07</sponsorshipDate>
        <party>D</party>
        <middleName />
        <isOriginalCosponsor>True</isOriginalCosponsor>
        <bioguideId>B001277</bioguideId>
        <state>CT</state>
      </item>
      <item>
        <sponsorshipWithdrawnDate />
        <firstName>Cory</firstName>
        <identifiers>
          <bioguideId>B001288</bioguideId>
          <gpoId />
          <lisID>2194</lisID>
        </identifiers>
        <lastName>Booker</lastName>
        <fullName>Sen. Booker, Cory A. [D-NJ]</fullName>
        <sponsorshipDate>2019-02-07</sponsorshipDate>
        <party>D</party>
        <middleName>A.</middleName>
        <isOriginalCosponsor>True</isOriginalCosponsor>
        <bioguideId>B001288</bioguideId>
        <state>NJ</state>
      </item>
      <item>
        <sponsorshipWithdrawnDate />
        <firstName>Amy</firstName>
        <identifiers>
          <gpoId>8249</gpoId>
          <lisID>1826</lisID>
          <bioguideId>K000367</bioguideId>
        </identifiers>
        <lastName>Klobuchar</lastName>
        <fullName>Sen. Klobuchar, Amy [D-MN]</fullName>
        <sponsorshipDate>2019-02-07</sponsorshipDate>
        <party>D</party>
        <middleName />
        <isOriginalCosponsor>True</isOriginalCosponsor>
        <bioguideId>K000367</bioguideId>
        <state>MN</state>
      </item>
      <item>
        <sponsorshipWithdrawnDate />
        <firstName>Christopher</firstName>
        <identifiers>
          <bioguideId>M001169</bioguideId>
          <gpoId>7870</gpoId>
          <lisID>1837</lisID>
        </identifiers>
        <lastName>Murphy</lastName>
        <fullName>Sen. Murphy, Christopher [D-CT]</fullName>
        <sponsorshipDate>2019-02-07</sponsorshipDate>
        <party>D</party>
        <middleName />
        <isOriginalCosponsor>True</isOriginalCosponsor>
        <bioguideId>M001169</bioguideId>
        <state>CT</state>
      </item>
      <item>
        <sponsorshipWithdrawnDate />
        <firstName>Chris</firstName>
        <identifiers>
          <gpoId>7983</gpoId>
          <lisID>1729</lisID>
          <bioguideId>V000128</bioguideId>
        </identifiers>
        <lastName>Van Hollen</lastName>
        <fullName>Sen. Van Hollen, Chris [D-MD]</fullName>
        <sponsorshipDate>2019-03-25</sponsorshipDate>
        <party>D</party>
        <middleName />
        <isOriginalCosponsor>False</isOriginalCosponsor>
        <bioguideId>V000128</bioguideId>
        <state>MD</state>
      </item>
      <item>
        <sponsorshipWithdrawnDate />
        <firstName>Martin</firstName>
        <identifiers>
          <gpoId>8056</gpoId>
          <lisID>1937</lisID>
          <bioguideId>H001046</bioguideId>
        </identifiers>
        <lastName>Heinrich</lastName>
        <fullName>Sen. Heinrich, Martin [D-NM]</fullName>
        <sponsorshipDate>2019-09-23</sponsorshipDate>
        <party>D</party>
        <middleName />
        <isOriginalCosponsor>False</isOriginalCosponsor>
        <bioguideId>H001046</bioguideId>
        <state>NM</state>
      </item>
      <item>
        <sponsorshipWithdrawnDate />
        <firstName>TOM</firstName>
        <identifiers>
          <bioguideId>U000039</bioguideId>
          <lisID>1567</lisID>
          <gpoId>8260</gpoId>
        </identifiers>
        <lastName>UDALL</lastName>
        <fullName>Sen. Udall, Tom [D-NM]</fullName>
        <sponsorshipDate>2019-09-23</sponsorshipDate>
        <party>D</party>
        <middleName />
        <isOriginalCosponsor>False</isOriginalCosponsor>
        <bioguideId>U000039</bioguideId>
        <state>NM</state>
      </item>
    </cosponsors>
    <actions>
      <actionByCounts>
        <senate>2</senate>
      </actionByCounts>
      <item>
        <actionDate>2019-02-07</actionDate>
        <committee>
          <name>Environment and Public Works Committee</name>
          <systemCode>ssev00</systemCode>
        </committee>
        <links>
          <link>
            <name>S1140-1142</name>
            <url>https://www.congress.gov/congressional-record/volume-165/senate-section/page/S1140-1142</url>
          </link>
        </links>
        <sourceSystem>
          <name>Senate</name>
          <code>0</code>
        </sourceSystem>
        <text>Referred to the Committee on Environment and Public Works. (text: CR S1140-1142)</text>
        <type>IntroReferral</type>
      </item>
      <item>
        <sourceSystem>
          <name>Library of Congress</name>
          <code>9</code>
        </sourceSystem>
        <type>IntroReferral</type>
        <text>Introduced in Senate</text>
        <actionDate>2019-02-07</actionDate>
        <actionCode>10000</actionCode>
        <links />
        <committee />
      </item>
      <actionTypeCounts>
        <referredToCommittee>1</referredToCommittee>
        <introducedInSenate>1</introducedInSenate>
      </actionTypeCounts>
    </actions>
    <summaries>
      <billSummaries>
        <item>
          <actionDesc>Introduced in Senate</actionDesc>
          <updateDate>2019-02-07T05:00:00Z</updateDate>
          <actionDate>2019-02-07</actionDate>
          <text><![CDATA[<p>This resolution calls for the creation of a Green New Deal with the goals of </p> <ul> <li>achieving net-zero greenhouse gas emissions; </li> <li>establishing millions of high-wage jobs and ensuring economic security for all; </li> <li>investing in infrastructure and industry; </li> <li>securing clean air and water, climate and community resiliency, healthy food, access to nature, and a sustainable environment for all; and </li> <li>promoting justice and equality. </li> </ul> <p>The resolution calls for accomplishment of these goals through a 10-year national mobilization effort. The resolution also enumerates the goals and projects of the mobilization effort, including</p> <ul> <li>building smart power grids (i.e., power grids that enable customers to reduce their power use during peak demand periods); </li> <li>upgrading all existing buildings and constructing new buildings to achieve maximum energy and water efficiency; </li> <li>removing pollution and greenhouse gas emissions from the transportation and agricultural sectors; </li> <li>cleaning up existing hazardous waste and abandoned sites;</li> <li>ensuring businesspersons are free from unfair competition; and</li> <li>providing higher education, high-quality health care, and affordable, safe, and adequate housing to all. </li> </ul>]]></text>
          <versionCode>00</versionCode>
          <name>Introduced in Senate</name>
          <lastSummaryUpdateDate>2019-02-12T20:16:44Z</lastSummaryUpdateDate>
        </item>
      </billSummaries>
    </summaries>
    <latestAction>
      <actionDate>2019-02-07</actionDate>
      <text>Referred to the Committee on Environment and Public Works. (text: CR S1140-1142)</text>
      <links />
    </latestAction>
  </bill>
  <dublinCore xmlns:dc="http://purl.org/dc/elements/1.1/">
    <dc:format>text/xml</dc:format>
    <dc:language>EN</dc:language>
    <dc:rights>Pursuant to Title 17 Section 105 of the United States Code, this file is not subject to copyright protection and is in the public domain.</dc:rights>
    <dc:contributor>Congressional Research Service, Library of Congress</dc:contributor>
    <dc:description>This file contains bill summaries and statuses for federal legislation. A bill summary describes the most significant provisions of a piece of legislation and details the effects the legislative text may have on current law and federal programs. Bill summaries are authored by the Congressional Research Service (CRS) of the Library of Congress. As stated in Public Law 91-510 (2 USC 166 (d)(6)), one of the duties of CRS is "to prepare summaries and digests of bills and resolutions of a public general nature introduced in the Senate or House of Representatives". For more information, refer to the User Guide that accompanies this file.</dc:description>
  </dublinCore>
</billStatus>

