<?xml version="1.0" encoding="UTF-8"?>
<billStatus>
  <bill>
    <cosponsors>
      <item>
        <middleName />
        <bioguideId>D000622</bioguideId>
        <firstName>Tammy</firstName>
        <party>D</party>
        <fullName>Sen. Duckworth, Tammy [D-IL]</fullName>
        <identifiers>
          <lisID>2123</lisID>
          <bioguideId>D000622</bioguideId>
          <gpoId />
        </identifiers>
        <isOriginalCosponsor>True</isOriginalCosponsor>
        <lastName>Duckworth</lastName>
        <sponsorshipDate>2019-05-13</sponsorshipDate>
        <sponsorshipWithdrawnDate />
        <state>IL</state>
      </item>
      <item>
        <middleName />
        <bioguideId>C001096</bioguideId>
        <firstName>Kevin</firstName>
        <party>R</party>
        <fullName>Sen. Cramer, Kevin [R-ND]</fullName>
        <identifiers>
          <gpoId />
          <bioguideId>C001096</bioguideId>
          <lisID>2144</lisID>
        </identifiers>
        <isOriginalCosponsor>True</isOriginalCosponsor>
        <lastName>Cramer</lastName>
        <sponsorshipDate>2019-05-13</sponsorshipDate>
        <sponsorshipWithdrawnDate />
        <state>ND</state>
      </item>
      <item>
        <middleName />
        <bioguideId>M000934</bioguideId>
        <firstName>Jerry</firstName>
        <party>R</party>
        <fullName>Sen. Moran, Jerry [R-KS]</fullName>
        <identifiers>
          <lisID>1507</lisID>
          <bioguideId>M000934</bioguideId>
          <gpoId>8307</gpoId>
        </identifiers>
        <isOriginalCosponsor>True</isOriginalCosponsor>
        <lastName>Moran</lastName>
        <sponsorshipDate>2019-05-13</sponsorshipDate>
        <sponsorshipWithdrawnDate />
        <state>KS</state>
      </item>
      <item>
        <middleName />
        <bioguideId>R000307</bioguideId>
        <firstName>PAT</firstName>
        <party>R</party>
        <fullName>Sen. Roberts, Pat [R-KS]</fullName>
        <identifiers>
          <lisID>968</lisID>
          <bioguideId>R000307</bioguideId>
          <gpoId>8275</gpoId>
        </identifiers>
        <isOriginalCosponsor>True</isOriginalCosponsor>
        <lastName>ROBERTS</lastName>
        <sponsorshipDate>2019-05-13</sponsorshipDate>
        <sponsorshipWithdrawnDate />
        <state>KS</state>
      </item>
      <item>
        <middleName />
        <bioguideId>W000779</bioguideId>
        <firstName>RON</firstName>
        <party>D</party>
        <fullName>Sen. Wyden, Ron [D-OR]</fullName>
        <identifiers>
          <lisID>1247</lisID>
          <gpoId>8265</gpoId>
          <bioguideId>W000779</bioguideId>
        </identifiers>
        <isOriginalCosponsor>True</isOriginalCosponsor>
        <lastName>WYDEN</lastName>
        <sponsorshipDate>2019-05-13</sponsorshipDate>
        <sponsorshipWithdrawnDate />
        <state>OR</state>
      </item>
      <item>
        <middleName />
        <bioguideId>D000618</bioguideId>
        <firstName>Steve</firstName>
        <party>R</party>
        <fullName>Sen. Daines, Steve [R-MT]</fullName>
        <identifiers>
          <gpoId />
          <bioguideId>D000618</bioguideId>
          <lisID>2138</lisID>
        </identifiers>
        <isOriginalCosponsor>True</isOriginalCosponsor>
        <lastName>Daines</lastName>
        <sponsorshipDate>2019-05-13</sponsorshipDate>
        <sponsorshipWithdrawnDate />
        <state>MT</state>
      </item>
      <item>
        <middleName />
        <bioguideId>B001236</bioguideId>
        <firstName>John</firstName>
        <party>R</party>
        <fullName>Sen. Boozman, John [R-AR]</fullName>
        <identifiers>
          <gpoId>8247</gpoId>
          <bioguideId>B001236</bioguideId>
          <lisID>1687</lisID>
        </identifiers>
        <isOriginalCosponsor>True</isOriginalCosponsor>
        <lastName>Boozman</lastName>
        <sponsorshipDate>2019-05-13</sponsorshipDate>
        <sponsorshipWithdrawnDate />
        <state>AR</state>
      </item>
      <item>
        <middleName />
        <bioguideId>S001198</bioguideId>
        <firstName>Dan</firstName>
        <party>R</party>
        <fullName>Sen. Sullivan, Dan  [R-AK]</fullName>
        <identifiers>
          <lisID>2290</lisID>
          <gpoId />
          <bioguideId>S001198</bioguideId>
        </identifiers>
        <isOriginalCosponsor>True</isOriginalCosponsor>
        <lastName>Sullivan</lastName>
        <sponsorshipDate>2019-05-13</sponsorshipDate>
        <sponsorshipWithdrawnDate />
        <state>AK</state>
      </item>
      <item>
        <middleName />
        <bioguideId>V000128</bioguideId>
        <firstName>Chris</firstName>
        <party>D</party>
        <fullName>Sen. Van Hollen, Chris [D-MD]</fullName>
        <identifiers>
          <lisID>1729</lisID>
          <gpoId>7983</gpoId>
          <bioguideId>V000128</bioguideId>
        </identifiers>
        <isOriginalCosponsor>True</isOriginalCosponsor>
        <lastName>Van Hollen</lastName>
        <sponsorshipDate>2019-05-13</sponsorshipDate>
        <sponsorshipWithdrawnDate />
        <state>MD</state>
      </item>
      <item>
        <middleName />
        <bioguideId>M001183</bioguideId>
        <firstName>Joe</firstName>
        <party>D</party>
        <fullName>Sen. Manchin, Joe, III [D-WV]</fullName>
        <identifiers>
          <gpoId>8256</gpoId>
          <bioguideId>M001183</bioguideId>
          <lisID>1983</lisID>
        </identifiers>
        <isOriginalCosponsor>False</isOriginalCosponsor>
        <lastName>Manchin</lastName>
        <sponsorshipDate>2019-05-14</sponsorshipDate>
        <sponsorshipWithdrawnDate />
        <state>WV</state>
      </item>
    </cosponsors>
    <congress>116</congress>
    <billType>SRES</billType>
    <billNumber>203</billNumber>
    <committees>
      <billCommittees />
    </committees>
    <summaries>
      <billSummaries>
        <item>
          <actionDate>2019-05-13</actionDate>
          <lastSummaryUpdateDate>2019-10-24T19:59:03Z</lastSummaryUpdateDate>
          <name>Introduced in Senate</name>
          <updateDate>2019-05-13T04:00:00Z</updateDate>
          <versionCode>00</versionCode>
          <actionDesc>Introduced in Senate</actionDesc>
          <text><![CDATA[<p>This resolution recognizes the Aircraft Owners and Pilots Association on its 80th anniversary and its efforts in helping to ensure the freedom to fly and leaving a lasting legacy for future generations of aviators.</p>]]></text>
        </item>
        <item>
          <actionDate>2019-05-13</actionDate>
          <lastSummaryUpdateDate>2019-11-07T19:03:55Z</lastSummaryUpdateDate>
          <name>Passed Senate</name>
          <updateDate>2019-05-13T13:38:34Z</updateDate>
          <versionCode>55</versionCode>
          <actionDesc>Passed Senate</actionDesc>
          <text><![CDATA[<p>This resolution recognizes the Aircraft Owners and Pilots Association on its 80th anniversary and its efforts in helping to ensure the freedom to fly and leaving a lasting legacy for future generations of aviators.</p>]]></text>
        </item>
      </billSummaries>
    </summaries>
    <recordedVotes />
    <committeeReports />
    <cboCostEstimates />
    <sponsors>
      <item>
        <bioguideId>I000024</bioguideId>
        <state>OK</state>
        <lastName>INHOFE</lastName>
        <firstName>JIM</firstName>
        <fullName>Sen. Inhofe, James M. [R-OK]</fullName>
        <middleName />
        <party>R</party>
        <byRequestType />
        <identifiers>
          <gpoId>8322</gpoId>
          <bioguideId>I000024</bioguideId>
          <lisID>583</lisID>
        </identifiers>
      </item>
    </sponsors>
    <laws />
    <createDate>2019-05-14T04:27:07Z</createDate>
    <originChamber>Senate</originChamber>
    <amendments />
    <relatedBills />
    <latestAction>
      <actionDate>2019-05-13</actionDate>
      <text>Submitted in the Senate, considered, and agreed to without amendment and with a preamble by Unanimous Consent. (consideration: CR S2793; text: CR S2792)</text>
      <links />
    </latestAction>
    <policyArea>
      <name>Transportation and Public Works</name>
    </policyArea>
    <version>1.0.0</version>
    <subjects>
      <billSubjects>
        <policyArea>
          <name>Transportation and Public Works</name>
        </policyArea>
        <legislativeSubjects>
          <item>
            <name>Aviation and airports</name>
          </item>
          <item>
            <name>Commemorative events and holidays</name>
          </item>
          <item>
            <name>Congressional tributes</name>
          </item>
        </legislativeSubjects>
      </billSubjects>
    </subjects>
    <title>A resolution recognizing the 80th anniversary of the Aircraft Owners and Pilots Association.</title>
    <notes />
    <introducedDate>2019-05-13</introducedDate>
    <calendarNumbers />
    <textVersions>
      <item>
        <type>Agreed to Senate</type>
        <date>2019-05-13T04:00:00Z</date>
        <formats>
          <item>
            <url>https://www.govinfo.gov/content/pkg/BILLS-116sres203ats/xml/BILLS-116sres203ats.xml</url>
          </item>
        </formats>
      </item>
    </textVersions>
    <titles>
      <item>
        <parentTitleType />
        <title>A resolution recognizing the 80th anniversary of the Aircraft Owners and Pilots Association.</title>
        <chamberName />
        <titleType>Official Title as Introduced</titleType>
        <chamberCode />
      </item>
      <item>
        <parentTitleType />
        <title>A resolution recognizing the 80th anniversary of the Aircraft Owners and Pilots Association.</title>
        <chamberName />
        <titleType>Display Title</titleType>
        <chamberCode />
      </item>
    </titles>
    <updateDate>2019-11-13T11:02:28Z</updateDate>
    <actions>
      <item>
        <actionDate>2019-05-13</actionDate>
        <committee />
        <links>
          <link>
            <url>https://www.congress.gov/congressional-record/volume-165/senate-section/page/S2792</url>
            <name>S2792</name>
          </link>
          <link>
            <url>https://www.congress.gov/congressional-record/volume-165/senate-section/page/S2793</url>
            <name>S2793</name>
          </link>
        </links>
        <sourceSystem>
          <code>0</code>
          <name>Senate</name>
        </sourceSystem>
        <text>Submitted in the Senate, considered, and agreed to without amendment and with a preamble by Unanimous Consent. (consideration: CR S2793; text: CR S2792)</text>
        <type>Floor</type>
      </item>
      <item>
        <type>Floor</type>
        <committee />
        <actionCode>17000</actionCode>
        <actionDate>2019-05-13</actionDate>
        <links>
          <link>
            <url>https://www.congress.gov/congressional-record/volume-165/senate-section/page/S2792</url>
            <name>S2792</name>
          </link>
          <link>
            <url>https://www.congress.gov/congressional-record/volume-165/senate-section/page/S2793</url>
            <name>S2793</name>
          </link>
        </links>
        <sourceSystem>
          <code>9</code>
          <name>Library of Congress</name>
        </sourceSystem>
        <text>Passed/agreed to in Senate: Submitted in the Senate, considered, and agreed to without amendment and with a preamble by Unanimous Consent.(consideration: CR S2793; text: CR S2792)</text>
      </item>
      <item>
        <type>IntroReferral</type>
        <committee />
        <actionCode>10000</actionCode>
        <actionDate>2019-05-13</actionDate>
        <links />
        <sourceSystem>
          <code>9</code>
          <name>Library of Congress</name>
        </sourceSystem>
        <text>Introduced in Senate</text>
      </item>
      <actionTypeCounts>
        <passedOrAgreedToInSenateDayOf>1</passedOrAgreedToInSenateDayOf>
        <introducedInSenate>1</introducedInSenate>
        <passedAgreedToInSenate>1</passedAgreedToInSenate>
      </actionTypeCounts>
      <actionByCounts>
        <senate>3</senate>
      </actionByCounts>
    </actions>
  </bill>
  <dublinCore xmlns:dc="http://purl.org/dc/elements/1.1/">
    <dc:format>text/xml</dc:format>
    <dc:language>EN</dc:language>
    <dc:rights>Pursuant to Title 17 Section 105 of the United States Code, this file is not subject to copyright protection and is in the public domain.</dc:rights>
    <dc:contributor>Congressional Research Service, Library of Congress</dc:contributor>
    <dc:description>This file contains bill summaries and statuses for federal legislation. A bill summary describes the most significant provisions of a piece of legislation and details the effects the legislative text may have on current law and federal programs. Bill summaries are authored by the Congressional Research Service (CRS) of the Library of Congress. As stated in Public Law 91-510 (2 USC 166 (d)(6)), one of the duties of CRS is "to prepare summaries and digests of bills and resolutions of a public general nature introduced in the Senate or House of Representatives". For more information, refer to the User Guide that accompanies this file.</dc:description>
  </dublinCore>
</billStatus>

